Date,cut_50,cut_25,hold,hike_25,expected_rate_change_fomc,rate_uncertainty_fomc,probability_cut_fomc,probability_hike_fomc,entropy_fomc,us_recession,entropy_us_recession,change_1d,change_5d,cpi_<=2.7,cpi_2.8,cpi_2.9,cpi_>=3.0,expected_cpi,uncertainty_cpi,entropy_cpi
2025-01-21,0.0025,0.0105,0.985,0.0025,-0.325,3.777489617788512,0.013000000000000001,0.0025,0.13371798776222177,0.255,0.819107179827683,-0.010000000000000009,0.04000000000000001,0.0135,0.08,0.38,0.57,3.07245,0.14867339744806396,1.3680592188492326
2025-01-22,0.0025,0.018,0.9775,0.0025,-0.5125,4.335893803833876,0.020499999999999997,0.0025,0.17963743418368605,0.235,0.7866261099706012,-0.020000000000000018,-0.010000000000000009,0.0145,0.0285,0.285,0.65,2.8954500000000003,0.08901922289595637,1.1549434393413456
2025-01-23,0.0005,0.009,0.988,0.0015,-0.21249999999999997,2.7869873687819258,0.0095,0.0015,0.0979249068077009,0.255,0.819107179827683,0.020000000000000018,0.010000000000000009,0.008,0.007,0.25,0.74,2.9861999999999997,0.053819254918662664,0.9272933696834016
2025-01-24,0.0015,0.0105,0.9885,0.0015,-0.30000000000000004,3.3406855583846857,0.012,0.0015,0.11365909435174867,0.255,0.819107179827683,0.0,0.010000000000000009,0.0085,0.0115,0.25,0.73,2.97015,0.0532351152905674,0.9639943796010947
2025-01-25,0.0015,0.011,0.9875,0.0015,-0.3125,3.385999148608133,0.012499999999999999,0.0015,0.11763284955447659,0.255,0.819107179827683,0.0,-0.010000000000000009,0.009,0.018,0.23,0.745,2.9767,0.05485066799957868,0.9695481880398671
2025-01-26,0.0015,0.015,0.9825,0.0015,-0.41250000000000003,3.7272548649274038,0.0165,0.0015,0.14405082117221243,0.255,0.819107179827683,0.0,0.0,0.009,0.017,0.23,0.745,2.9739,0.054340327658195096,0.965154185479911
2025-01-27,0.0015,0.0195,0.979,0.0015,-0.525,4.074283794423261,0.021,0.0015,0.16888614675708546,0.245,0.8032566997760641,-0.010000000000000009,0.010000000000000009,0.0125,0.027,0.22,0.745,2.98235,0.06015255066287713,1.0166840336016483
2025-01-28,0.0015,0.019,0.9795,0.0015,-0.5125,4.037355289589337,0.0205,0.0015,0.1660517530503871,0.245,0.8032566997760641,0.0,-0.010000000000000009,0.018,0.0195,0.175,0.775,2.9357,0.06918329910462485,0.9401353556141381
2025-01-29,0.0015,0.0125,0.9855,0.0015,-0.35000000000000003,3.518184546040756,0.014,0.0015,0.1279332429140463,0.245,0.8032566997760641,0.0,-0.010000000000000009,0.023,0.0245,0.19,0.765,2.9767,0.06371002452518758,1.0071471713720175
2025-01-30,0.0215,0.185,0.785,0.013,-5.375,12.195875647631867,0.2065,0.013,0.9250634928191127,0.245,0.8032566997760641,0.0,-0.010000000000000009,0.022,0.024,0.15,0.795,2.9466,0.06668115145976407,0.9239480420119022
2025-01-31,0.014,0.145,0.825,0.0105,-4.062499999999999,10.751410245434084,0.159,0.0105,0.7881568461614247,0.245,0.8032566997760641,0.0,-0.010000000000000009,0.0225,0.022,0.16,0.745,2.82135,0.15845623516842136,0.9837125143918402
2025-02-01,0.0105,0.135,0.845,0.008,-3.6999999999999997,10.09526943672134,0.14550000000000002,0.008,0.7200738058557878,0.245,0.8032566997760641,0.0,0.0,0.02,0.022,0.16,0.785,2.9346,0.07105235337411417,0.9311836939052274
2025-02-02,0.01,0.125,0.865,0.009,-3.4,9.863774125556606,0.135,0.009,0.6835834826960953,0.23,0.7780113035465377,-0.014999999999999986,-0.014999999999999986,0.0105,0.0165,0.175,0.78,2.9220499999999996,0.07475309930029686,0.8863687423342242
2025-02-03,0.012,0.115,0.865,0.012,-3.1750000000000003,9.966679361753341,0.127,0.012,0.6929557469414893,0.23,0.7780113035465377,0.0,-0.014999999999999986,0.0075,0.012,0.22,0.705,2.80685,0.16821561550953004,0.9656198800754584
2025-02-04,0.012,0.135,0.845,0.0105,-3.7125,10.353226569076183,0.14700000000000002,0.0105,0.7409173929857823,0.23,0.7780113035465377,0.0,-0.014999999999999986,0.012,0.0295,0.24,0.73,3.001,0.06876053737428175,1.0521001037746414
2025-02-05,0.0095,0.135,0.845,0.0085,-3.6375,10.00897751708435,0.14450000000000002,0.0085,0.7176115011242918,0.225,0.7691928290130138,-0.0050000000000000044,-0.01999999999999999,0.008,0.0095,0.245,0.75,3.0087,0.06424761571451516,0.9279648927495868
2025-02-06,0.0085,0.135,0.845,0.008,-3.5999999999999996,9.880265178627544,0.14350000000000002,0.008,0.7095181360750128,0.225,0.7691928290130138,0.0,-0.01999999999999999,0.011,0.005,0.185,0.77,2.8902,0.09868908166560261,0.8504973125335786
2025-02-07,0.0095,0.125,0.865,0.0085,-3.3875,9.78795918463088,0.1345,0.0085,0.6782675588449457,0.225,0.7691928290130138,0.0,-0.0050000000000000044,0.0145,0.0105,0.195,0.79,3.0040500000000003,0.062464081879108915,0.8861426729380795
2025-02-08,0.0065,0.065,0.925,0.006,-1.8,7.57582338759293,0.07150000000000001,0.006,0.4518708656062497,0.215,0.7509319796338465,-0.010000000000000009,-0.015000000000000013,0.007,0.0155,0.175,0.8,2.9698,0.050385314328681124,0.8408814002945948
2025-02-09,0.006,0.065,0.915,0.0055,-1.7875,7.472629050198798,0.07100000000000001,0.0055,0.45915500263694226,0.215,0.7509319796338465,0.0,-0.015000000000000013,0.0135,0.016,0.195,0.725,2.8217499999999998,0.1563238556451,0.9755598267721055
2025-02-10,0.0065,0.065,0.925,0.0065,-1.7874999999999999,7.599469008999905,0.07150000000000001,0.0065,0.4548106745849906,0.21,0.7414827399312737,-0.0050000000000000044,-0.015000000000000013,0.015,0.016,0.2,0.755,2.9303,0.070133420991707,0.9568374179573519
2025-02-11,0.0095,0.065,0.925,0.0065,-1.9375,8.044011262268347,0.0745,0.0065,0.47140557422917995,0.21,0.7414827399312737,0.0,-0.015000000000000013,0.0075,0.011,0.145,0.8,2.8715500000000005,0.1165929642334815,0.7860059611279013
2025-02-12,0.0065,0.045,0.935,0.0065,-1.2874999999999999,6.838730887836572,0.0515,0.0065,0.3864356002841587,0.205,0.731816079376955,-0.0050000000000000044,-0.020000000000000018,0.004,0.007,0.135,0.855,2.9869,0.04171284706178663,0.6652160575343463
2025-02-13,0.0065,0.015,0.974,0.0065,-0.5375,5.422100290708389,0.0215,0.0065,0.222351042893248,0.215,0.7509319796338465,0.010000000000000009,0.0,0.07,0.27,0.455,0.1025,2.572,0.2879403410430708,1.6323308184308865
2025-02-14,0.0055,0.0205,0.9695,0.0065,-0.6250000000000001,5.4986504025988046,0.026000000000000002,0.0065,0.24680267814678294,0.215,0.7509319796338465,0.0,0.0,0.06,0.21,0.445,0.1205,2.4019999999999997,0.4382306949541533,1.6040452313681433
2025-02-15,0.0045,0.0175,0.9695,0.0055,-0.5250000000000001,5.034734166269358,0.022000000000000002,0.0055,0.22182931568303305,0.21,0.7414827399312737,-0.0050000000000000044,0.0,0.055,0.185,0.42,0.1515,2.339,0.49483370085312495,1.6186296166479863
2025-02-16,0.0045,0.0205,0.9705,0.0055,-0.6000000000000001,5.209641062491733,0.025,0.0055,0.23326055360947218,0.215,0.7509319796338465,0.0050000000000000044,0.0050000000000000044,0.055,0.175,0.415,0.166,2.34,0.4966000402738607,1.6268162570556202
2025-02-17,0.005,0.028,0.9635,0.0055,-0.8125000000000001,5.725265414153304,0.033,0.0055,0.27562568599592907,0.215,0.7509319796338465,0.0,0.010000000000000009,0.0355,0.14,0.4,0.2145,2.29135,0.5459398911739276,1.5732446057147946
2025-02-18,0.0045,0.0215,0.9715,0.0045,-0.6499999999999999,5.203685713030716,0.026,0.0045,0.229787650696173,0.215,0.7509319796338465,0.0,0.0,0.032,0.195,0.415,0.188,2.3999,0.453422086250769,1.598667317585733
2025-02-19,0.0045,0.0215,0.963,0.0055,-0.625,5.266139626187289,0.026,0.0055,0.2478457581681036,0.215,0.7509319796338465,0.0,0.0,0.034,0.155,0.435,0.2045,2.4008000000000003,0.4577889145009954,1.573426905215734
2025-02-20,0.0045,0.022,0.97,0.005,-0.6499999999999999,5.263376649072343,0.0265,0.005,0.2370654535358771,0.215,0.7509319796338465,0.0,0.0050000000000000044,0.0345,0.24,0.425,0.1235,2.36815,0.46699120411149064,1.5590086882856464
2025-02-21,0.0045,0.019,0.9665,0.0055,-0.5625,5.122955194209198,0.0235,0.0055,0.2325171423995246,0.215,0.7509319796338465,0.0,0.0,0.0325,0.215,0.425,0.154,2.3842499999999998,0.460261337346784,1.5777365792353892
2025-02-22,0.0045,0.0345,0.9565,0.005,-0.9624999999999999,5.917056443293828,0.039,0.005,0.3022481421065875,0.215,0.7509319796338465,0.0,0.0,0.029,0.215,0.425,0.142,2.3388,0.49542639396786275,1.5494334641852021
2025-02-23,0.0055,0.0325,0.959,0.005,-0.9624999999999999,6.021872346911715,0.038,0.005,0.29808624711865706,0.215,0.7509319796338465,0.0,0.0,0.026,0.22,0.425,0.1385,2.3342,0.49866129143938964,1.5371279306034014
2025-02-24,0.0055,0.024,0.9605,0.0045,-0.7625,5.565779012467617,0.0295,0.0045,0.2613518822494035,0.215,0.7509319796338465,0.0,0.0,0.035,0.225,0.425,0.137,2.368,0.4699516230422021,1.571008024824084
2025-02-25,0.0055,0.026,0.9635,0.0055,-0.7875000000000001,5.728669464031329,0.0315,0.0055,0.2711542812868122,0.215,0.7509319796338465,0.0,0.0,0.036,0.205,0.425,0.126,2.2817,0.5374522238115683,1.5425425744551917
2025-02-26,0.0065,0.0325,0.9545,0.0055,-1.0,6.244917933808257,0.039,0.0055,0.3132967901065195,0.225,0.7691928290130138,0.010000000000000009,0.010000000000000009,0.0355,0.195,0.425,0.114,2.21635,0.5859811342217002,1.512665523323453
2025-02-27,0.007,0.0315,0.9585,0.0055,-1.0,6.295037728242778,0.0385,0.0055,0.30714378455766417,0.225,0.7691928290130138,0.0,0.010000000000000009,0.044,0.195,0.435,0.131,2.3193,0.5087462770871152,1.5647143915801596
2025-02-28,0.006,0.029,0.9525,0.0065,-0.8625000000000002,6.0364832736039284,0.035,0.0065,0.30651004045556907,0.225,0.7691928290130138,0.0,0.010000000000000009,0.041,0.19,0.43,0.1295,2.2782,0.5410627109864437,1.5496206806742814
2025-03-01,0.0085,0.0385,0.9515,0.0055,-1.2500000000000002,6.869770738532692,0.047,0.0055,0.34890788820111684,0.32,0.9043814577244939,0.095,0.10500000000000001,0.0435,0.215,0.44,0.127,2.37645,0.46163741113968415,1.572764193086484
2025-03-02,0.011,0.035,0.952,0.0045,-1.3125,7.10416429924203,0.046,0.0045,0.3434889188000056,0.3,0.8812908992306927,-0.020000000000000018,0.08499999999999999,0.0415,0.21,0.44,0.1295,2.36455,0.47215674066193314,1.5663782553905317
2025-03-03,0.0125,0.0465,0.939,0.0045,-1.675,7.767006441512715,0.059,0.0045,0.4052075103316502,0.265,0.8341980958607491,-0.034999999999999976,0.04000000000000001,0.046,0.215,0.445,0.1165,2.3662,0.46816917551244214,1.5622751966370632
2025-03-04,0.0115,0.06,0.9265,0.0035,-1.9875000000000003,8.030770136442396,0.0715,0.0035,0.44821572130645004,0.33,0.9149263727797275,0.065,0.10500000000000001,0.0475,0.235,0.44,0.107,2.38325,0.45141422396037767,1.5659331987929332
2025-03-05,0.0115,0.0455,0.938,0.0035,-1.625,7.531959510147409,0.056999999999999995,0.0035,0.39209366984477284,0.375,0.954434002924965,0.044999999999999984,0.15,0.0425,0.265,0.445,0.0645,2.34075,0.47810794237546406,1.4762532431989508
2025-03-06,0.016,0.0475,0.9345,0.0035,-1.9000000000000001,8.262591300554567,0.0635,0.0035,0.4241455546413084,0.33,0.9149263727797275,-0.044999999999999984,0.010000000000000009,0.0565,0.275,0.435,0.0595,2.36255,0.457041247662615,1.5110327615540977
2025-03-07,0.016,0.0675,0.9125,0.0035,-2.4,8.866347613307298,0.0835,0.0035,0.5070569143441713,0.305,0.8873172562752066,-0.025000000000000022,0.0050000000000000044,0.026,0.26,0.45,0.068,2.3072000000000004,0.5078646270021171,1.4243144915565618
2025-03-08,0.0055,0.0225,0.97,0.0035,-0.7499999999999999,5.425711358891109,0.027999999999999997,0.0035,0.23562794132970047,0.33,0.9149263727797275,0.025000000000000022,0.065,0.0275,0.26,0.445,0.0515,2.24725,0.551238427542928,1.3880576995108909
2025-03-09,0.005,0.023,0.97,0.0035,-0.7374999999999999,5.340356693084742,0.028,0.0035,0.23456994443587514,0.31,0.8931734583778568,-0.020000000000000018,-0.020000000000000018,0.027,0.165,0.53,0.0465,2.2114,0.5863769387177501,1.2608894789285197
2025-03-10,0.005,0.024,0.971,0.0025,-0.7875,5.33328174210073,0.029,0.0025,0.23019419630274365,0.365,0.9467554496831931,0.05499999999999999,-0.010000000000000009,0.02,0.175,0.565,0.0435,2.3129999999999997,0.5096195556491138,1.2150486368122217
2025-03-11,0.005,0.029,0.963,0.0025,-0.9125000000000001,5.5995024262763735,0.034,0.0025,0.2603349986561499,0.435,0.9877746553159469,0.07,0.10499999999999998,0.041,0.195,0.525,0.051,2.3322,0.49012414149886563,1.3558429567439734
2025-03-12,0.0065,0.0275,0.9655,0.0025,-0.95,5.839461019648988,0.034,0.0025,0.26031040324249466,0.395,0.9679505356936393,-0.03999999999999998,0.09000000000000002,0.0575,0.27,0.535,0.021,2.5257500000000004,0.318920547658425,1.3467594919982218
2025-03-13,0.0065,0.015,0.9775,0.0025,-0.6375,5.175104188262783,0.0215,0.0025,0.19181047162948328,0.365,0.9467554496831931,-0.030000000000000027,0.034999999999999976,0.07,0.27,0.455,0.1025,2.572,0.2879403410430708,1.6323308184308865
2025-03-14,0.0025,0.0135,0.9845,0.0015,-0.42500000000000004,3.9299791666114468,0.016,0.0015,0.1417155466988246,0.405,0.9738003694382252,0.040000000000000036,0.09500000000000003,0.06,0.21,0.445,0.1205,2.4019999999999997,0.4382306949541533,1.6040452313681433
2025-03-15,0.0015,0.0125,0.9865,0.0015,-0.35000000000000003,3.518201955544906,0.014,0.0015,0.126510888383273,0.425,0.9837082626231859,0.019999999999999962,0.06,0.055,0.185,0.42,0.1515,2.339,0.49483370085312495,1.6186296166479863
2025-03-16,0.0015,0.013,0.986,0.0015,-0.36250000000000004,3.561089238210691,0.014499999999999999,0.0015,0.1296476267247928,0.41,0.9765004687578239,-0.015000000000000013,-0.025000000000000022,0.055,0.175,0.415,0.166,2.34,0.4966000402738607,1.6268162570556202
2025-03-17,0.0015,0.0085,0.9915,0.0005,-0.275,3.0495124610337303,0.01,0.0005,0.09023049927979887,0.405,0.9738003694382252,-0.004999999999999949,0.010000000000000009,0.0355,0.14,0.4,0.2145,2.29135,0.5459398911739276,1.5732446057147946
2025-03-18,0.0015,0.009,0.9915,0.0005,-0.2875,3.09920157308701,0.010499999999999999,0.0005,0.09292750055977698,0.4,0.9709505944546686,-0.0050000000000000044,0.03500000000000003,0.032,0.195,0.415,0.188,2.3999,0.453422086250769,1.598667317585733
2025-03-19,0.0025,0.006,0.992,0.0005,-0.2625,3.200572238873855,0.0085,0.0005,0.08287273380142358,0.4,0.9709505944546686,0.0,-0.0050000000000000044,0.034,0.155,0.435,0.2045,2.4008000000000003,0.4577889145009954,1.573426905215734
2025-03-20,0.0025,0.006,0.992,0.0005,-0.2625,3.200572238873855,0.0085,0.0005,0.08287273380142358,0.335,0.9199534913630798,-0.065,-0.08999999999999997,0.0345,0.24,0.425,0.1235,2.36815,0.46699120411149064,1.5590086882856464
2025-03-21,0.014,0.155,0.835,0.0055,-4.4375,10.76142007865946,0.169,0.0055,0.7616270662907771,0.345,0.9295231861792264,0.009999999999999953,-0.065,0.0325,0.215,0.425,0.154,2.3842499999999998,0.460261337346784,1.5777365792353892
2025-03-22,0.012,0.165,0.825,0.0055,-4.5874999999999995,10.755239765894343,0.17700000000000002,0.0055,0.7757315725004621,0.34,0.9248187049730301,-0.004999999999999949,-0.065,0.029,0.215,0.425,0.142,2.3388,0.49542639396786275,1.5494334641852021
2025-03-23,0.013,0.155,0.825,0.0055,-4.3875,10.65520851582103,0.168,0.0055,0.7685972301443758,0.35,0.934068055375491,0.009999999999999953,-0.050000000000000044,0.026,0.22,0.425,0.1385,2.3342,0.49866129143938964,1.5371279306034014
2025-03-24,0.0125,0.145,0.845,0.0055,-4.1125,10.418020205394113,0.1575,0.0055,0.7295763007742622,0.355,0.9384543826025636,0.0050000000000000044,-0.04500000000000004,0.035,0.225,0.425,0.137,2.368,0.4699516230422021,1.571008024824084
2025-03-25,0.0125,0.115,0.875,0.0055,-3.3625,9.764555545440867,0.1275,0.0055,0.6477073209263617,0.345,0.9295231861792264,-0.010000000000000009,0.009999999999999953,0.036,0.205,0.425,0.126,2.2817,0.5374522238115683,1.5425425744551917
2025-03-26,0.013,0.105,0.885,0.0045,-3.1625,9.539974019716983,0.118,0.0045,0.6139242328010168,0.335,0.9199534913630798,-0.009999999999999953,-0.009999999999999953,0.0355,0.195,0.425,0.114,2.21635,0.5859811342217002,1.512665523323453
2025-03-27,0.021,0.125,0.855,0.0045,-4.0625,10.81778005111839,0.146,0.0045,0.7203573129039859,0.36,0.9426831892554922,0.024999999999999967,0.019999999999999962,0.044,0.195,0.435,0.131,2.3193,0.5087462770871152,1.5647143915801596
2025-03-28,0.0165,0.135,0.855,0.0045,-4.0875,10.57892376230919,0.15150000000000002,0.0045,0.7160282193594655,0.375,0.954434002924965,0.015000000000000013,0.025000000000000022,0.041,0.19,0.43,0.1295,2.2782,0.5410627109864437,1.5496206806742814
2025-04-01,0.02,0.135,0.835,0.0045,-4.2625,10.904983483051453,0.155,0.0045,0.7551960976435647,0.385,0.9614969508235551,0.010000000000000009,0.025000000000000022,0.0435,0.215,0.44,0.127,2.37645,0.46163741113968415,1.572764193086484
2025-04-02,0.0175,0.14,0.84,0.0045,-4.262500000000001,10.767076277360536,0.15750000000000003,0.0045,0.7456228807165458,0.415,0.9790514648094593,0.02999999999999997,0.03999999999999998,0.0415,0.21,0.44,0.1295,2.36455,0.47215674066193314,1.5663782553905317
2025-04-03,0.0245,0.215,0.765,0.0035,-6.512499999999999,12.479549070379106,0.2395,0.0035,0.9320862706209148,0.49,0.9997114417528099,0.07500000000000001,0.12,0.046,0.215,0.445,0.1165,2.3662,0.46816917551244214,1.5622751966370632
2025-04-04,0.0215,0.225,0.755,0.0035,-6.6125,12.371579104190781,0.2465,0.0035,0.9379707137778742,0.52,0.9988455359952018,0.030000000000000027,0.14500000000000002,0.0475,0.235,0.44,0.107,2.38325,0.45141422396037767,1.5659331987929332
2025-04-05,0.039,0.235,0.69,0.0035,-7.7375,13.592198287873636,0.27399999999999997,0.0035,1.0714461235557482,0.595,0.9738003694382252,0.07499999999999996,0.21999999999999997,0.0425,0.265,0.445,0.0645,2.34075,0.47810794237546406,1.4762532431989508
2025-04-06,0.042,0.195,0.745,0.0035,-6.887499999999999,13.45128238252305,0.23700000000000002,0.0035,0.9969309489340077,0.62,0.9580420222262995,0.025000000000000022,0.235,0.0565,0.275,0.435,0.0595,2.36255,0.457041247662615,1.5110327615540977
2025-04-07,0.043,0.355,0.595,0.0035,-10.9375,14.543551580618987,0.39799999999999996,0.0035,1.1998404262509952,0.655,0.9295231861792264,0.03500000000000003,0.24000000000000005,0.026,0.26,0.45,0.068,2.3072000000000004,0.5078646270021171,1.4243144915565618
2025-04-08,0.0395,0.235,0.725,0.0045,-7.7375,13.74074486245196,0.27449999999999997,0.0045,1.0465699782443092,0.615,0.9614969508235551,-0.040000000000000036,0.125,0.0275,0.26,0.445,0.0515,2.24725,0.551238427542928,1.3880576995108909
2025-04-09,0.0455,0.285,0.675,0.0045,-9.287499999999998,14.466942327682792,0.33049999999999996,0.0045,1.1367976557350468,0.615,0.9614969508235551,0.0,0.09499999999999997,0.027,0.165,0.53,0.0465,2.2114,0.5863769387177501,1.2608894789285197
2025-04-10,0.0295,0.115,0.855,0.007,-4.175,11.51879655443658,0.14450000000000002,0.007,0.7521286508870724,0.49,0.9997114417528099,-0.125,-0.10499999999999998,0.02,0.175,0.565,0.0435,2.3129999999999997,0.5096195556491138,1.2150486368122217
2025-04-11,0.0465,0.195,0.725,0.0075,-7.0125,13.86934712549585,0.2415,0.0075,1.0550399588419461,0.62,0.9580420222262995,0.13,0.0,0.24,0.38,0.33,0.08,2.909,0.1252494710567672,1.8439183607980367
2025-04-12,0.041,0.19,0.765,0.0065,-6.637500000000001,13.46722817678623,0.231,0.0065,0.9870369971848928,0.61,0.9647995485050872,-0.010000000000000009,-0.04500000000000004,0.345,0.275,0.245,0.049,2.559,0.24667718581174042,1.752219481125958
2025-04-13,0.0335,0.16,0.805,0.0055,-5.5375,12.515839938853485,0.1935,0.0055,0.8803578615693235,0.44,0.9895875212220556,-0.16999999999999998,-0.175,0.345,0.285,0.21,0.0655,2.5349999999999997,0.26748221903521013,1.776207613046473
2025-04-14,0.033,0.165,0.79,0.0055,-5.6375,12.532937190035502,0.198,0.0055,0.9012616555989621,0.485,0.9993506898146103,0.044999999999999984,-0.13,0.35,0.28,0.22,0.0695,2.5755,0.2350045316052438,1.7922499743311744
2025-04-15,0.0295,0.145,0.815,0.0055,-4.9624999999999995,11.960893015103428,0.1745,0.0055,0.835718858296403,0.51,0.9997114417528099,0.025000000000000022,0.020000000000000018,0.49,0.275,0.14,0.0315,2.5935,0.18878921347629993,1.5707163051989361
2025-04-16,0.0245,0.135,0.83,0.0055,-4.4624999999999995,11.359974657487138,0.1595,0.0055,0.7855149457791284,0.535,0.9964625048848765,0.025000000000000022,-0.08499999999999996,0.56,0.28,0.115,0.012,2.6655,0.1157513358454232,1.4180647631672094
2025-04-17,0.0195,0.095,0.875,0.0055,-3.2125,10.059360962245565,0.1145,0.0055,0.6432300573972878,0.545,0.994149171480893,0.010000000000000009,-0.06499999999999995,0.585,0.275,0.105,0.024,2.726,0.08295880905606098,1.435230334379849
2025-04-18,0.016,0.09,0.895,0.0055,-2.9124999999999996,9.553009003221185,0.106,0.0055,0.592627464364516,0.565,0.9877746553159469,0.019999999999999907,0.12499999999999994,0.5,0.295,0.115,0.035,2.6145,0.16846716668241316,1.5476692576694369
2025-04-19,0.0165,0.085,0.895,0.0055,-2.8125,9.482518866973058,0.1015,0.0055,0.5845174812120881,0.565,0.9877746553159469,0.0,0.07999999999999996,0.485,0.3,0.13,0.045,2.6615,0.13792918472897586,1.6113732466171773
2025-04-20,0.015,0.075,0.9,0.007,-2.45,9.095575435342175,0.09,0.007,0.5580676145370453,0.575,0.9837082626231857,0.010000000000000009,0.06499999999999995,0.485,0.295,0.135,0.052,2.6830000000000003,0.12554227574805205,1.6376790902883966
2025-04-21,0.015,0.075,0.905,0.0065,-2.4625,9.076491040560498,0.09,0.0065,0.5487098885164804,0.56,0.9895875212220556,-0.014999999999999902,0.025000000000000022,0.435,0.31,0.16,0.05,2.6565,0.15031000881511522,1.685304979576366
2025-04-22,0.014,0.085,0.905,0.0065,-2.6625,9.228923407723407,0.099,0.0065,0.5660655093192469,0.575,0.9837082626231857,0.014999999999999902,0.029999999999999916,0.5,0.285,0.145,0.0185,2.624,0.1593020276079371,1.5265693852747952
2025-04-23,0.0135,0.07,0.905,0.0055,-2.2875,8.699048672843485,0.0835,0.0055,0.5240164589028911,0.535,0.9964625048848765,-0.039999999999999925,-0.029999999999999916,0.505,0.285,0.17,0.0235,2.725,0.09435140433507057,1.5756258990197047
2025-04-24,0.0115,0.075,0.905,0.0055,-2.3125,8.584800567354492,0.0865,0.0055,0.5259722399403851,0.52,0.9988455359952018,-0.015000000000000013,-0.04499999999999993,0.505,0.29,0.155,0.0375,2.7375,0.09230342287802763,1.610187874580603
2025-04-25,0.011,0.075,0.915,0.0055,-2.2874999999999996,8.521376415557818,0.086,0.0055,0.5103903001658487,0.535,0.9964625048848765,0.015000000000000013,-0.039999999999999925,0.515,0.275,0.14,0.0355,2.673,0.12578135593163234,1.5733041940468784
2025-04-26,0.0105,0.085,0.905,0.0055,-2.5124999999999997,8.748583867546792,0.0955,0.0055,0.542929100273309,0.555,0.9912540071703689,0.020000000000000018,-0.0050000000000000044,0.525,0.29,0.155,0.0315,2.7735000000000003,0.08447605207986453,1.5799845779864152
2025-04-27,0.0125,0.105,0.885,0.0055,-3.1125,9.523777874352174,0.1175,0.0055,0.6177024275109833,0.54,0.9953784388202257,-0.015000000000000013,-0.03499999999999992,0.465,0.315,0.155,0.032,2.6830000000000003,0.12231460665022774,1.6144581833708802
2025-04-28,0.0115,0.095,0.895,0.0055,-2.8125,9.149192032291705,0.1065,0.0055,0.581219889890422,0.545,0.994149171480893,0.0050000000000000044,0.010000000000000009,0.465,0.335,0.15,0.035,2.7335000000000003,0.09299148482522451,1.6220586093462215
2025-04-29,0.011,0.085,0.895,0.0065,-2.5124999999999997,8.85206541488341,0.096,0.0065,0.564324222830101,0.575,0.9837082626231857,0.029999999999999916,0.05499999999999994,0.46,0.335,0.15,0.0275,2.6975000000000002,0.11040755465546706,1.5970038071125365
2025-04-30,0.009,0.095,0.895,0.0035,-2.7375000000000003,8.751418657316366,0.104,0.0035,0.5555666297664209,0.645,0.9384543826025636,0.07000000000000006,0.10999999999999999,0.465,0.36,0.095,0.0445,2.6725000000000003,0.12607003262076172,1.566719996120597
2025-05-01,0.007,0.065,0.925,0.0025,-1.9125,7.485186365206614,0.07200000000000001,0.0025,0.4320798412328859,0.635,0.9467554496831931,-0.010000000000000009,0.07999999999999996,0.455,0.295,0.14,0.0575,2.633,0.16731654879299893,1.670492977398059
2025-05-02,0.0045,0.0445,0.955,0.0015,-1.2999999999999998,6.190258072164681,0.048999999999999995,0.0015,0.3123979929005807,0.655,0.9295231861792264,0.020000000000000018,0.11499999999999999,0.455,0.335,0.12,0.0535,2.675,0.1313190294664106,1.6385281679716603
2025-05-03,0.0025,0.009,0.989,0.0015,-0.3125,3.5658153432980795,0.0115,0.0015,0.11262564728936969,0.625,0.954434002924965,-0.030000000000000027,0.07999999999999996,0.44,0.345,0.135,0.059,2.7225,0.10531675436510549,1.6817523648945136
2025-05-04,0.0015,0.017,0.981,0.0005,-0.4875,3.8012950095987024,0.018500000000000003,0.0005,0.1466347235886764,0.58,0.9814538950336537,-0.04500000000000004,0.0050000000000000044,0.435,0.35,0.145,0.058,2.749,0.09441921414627413,1.6947021263650628
2025-05-05,0.0005,0.0215,0.9785,0.0005,-0.55,3.8337713155586104,0.022,0.0005,0.16074753896732638,0.575,0.9837082626231857,-0.0050000000000000044,-0.07000000000000006,0.43,0.37,0.16,0.036,2.769,0.08408065175770213,1.6499612865750342
2025-05-06,0.0015,0.0195,0.9795,0.0005,-0.55,3.9934699823587003,0.021,0.0005,0.15959158414675206,0.575,0.9837082626231857,0.0,-0.06000000000000005,0.375,0.365,0.175,0.0425,2.6695,0.1431955459328255,1.6950576300636289
2025-05-07,0.002,0.021,0.9785,0.0005,-0.6125,4.250069889131237,0.023,0.0005,0.1711393495997296,0.53,0.9974015885677396,-0.04499999999999993,-0.125,0.405,0.375,0.16,0.0425,2.735,0.09706215791955171,1.6754252755962993
2025-05-08,0.0195,0.155,0.825,0.0075,-4.6625,11.345737794156447,0.1745,0.0075,0.8095719640674651,0.505,0.9999278640456615,-0.025000000000000022,-0.12,0.4,0.37,0.17,0.0485,2.7545,0.09206596616013961,1.7058319170980625
2025-05-09,0.019,0.145,0.835,0.0085,-4.362499999999999,11.160144680821794,0.16399999999999998,0.0085,0.78828374839205,0.515,0.9993506898146103,0.010000000000000009,-0.06499999999999995,0.46,0.32,0.16,0.041,2.7249999999999996,0.10043965850200816,1.6533238420838194
2025-05-10,0.014,0.125,0.855,0.0085,-3.6125000000000003,10.267422711694742,0.139,0.0085,0.7129168853754095,0.505,0.9999278640456615,-0.010000000000000009,-0.06999999999999995,0.425,0.34,0.145,0.03,2.61,0.1802054383197134,1.60954018518947
2025-05-11,0.0145,0.125,0.855,0.0085,-3.6375,10.319679644676476,0.1395,0.0085,0.7152620219971972,0.515,0.9993506898146103,0.010000000000000009,-0.05999999999999994,0.4,0.325,0.175,0.0265,2.577,0.21263282554676266,1.634608657140311
2025-05-12,0.014,0.125,0.855,0.0075,-3.6375,10.227460137266485,0.139,0.0075,0.7073928557743114,0.495,0.9999278640456615,-0.020000000000000018,-0.03500000000000003,0.455,0.325,0.165,0.0095,2.6455,0.14488013537058814,1.5366226084448913
2025-05-13,0.0085,0.095,0.895,0.0045,-2.6875,8.731352227390097,0.10350000000000001,0.0045,0.5593964924918162,0.395,0.9679505356936393,-0.09999999999999998,-0.10999999999999999,0.495,0.365,0.12,0.0125,2.744,0.07643611711749866,1.4789901761481703
2025-05-14,0.009,0.105,0.875,0.0045,-2.9625000000000004,9.061128357405329,0.11399999999999999,0.0045,0.6062201140576396,0.395,0.9679505356936393,0.0,-0.12,0.18,0.125,0.205,0.3,2.3305,0.5030765374175188,1.8100896501068076
2025-05-15,0.0095,0.105,0.885,0.0045,-2.9875000000000003,9.12677623123302,0.11449999999999999,0.0045,0.5962943927628197,0.395,0.9679505356936393,0.0,-0.10999999999999999,0.105,0.1535,0.255,0.29,2.3228,0.51753656048631,1.7770465721033817
2025-05-16,0.0115,0.105,0.875,0.0045,-3.0875000000000004,9.360379966913737,0.11649999999999999,0.0045,0.61914293728762,0.365,0.9467554496831931,-0.030000000000000027,-0.15000000000000002,0.095,0.1645,0.275,0.265,2.3096,0.5255571157543202,1.7708544890987463
2025-05-17,0.0115,0.105,0.875,0.0045,-3.0875000000000004,9.360379966913737,0.11649999999999999,0.0045,0.61914293728762,0.365,0.9467554496831931,0.0,-0.13,0.085,0.1515,0.28,0.26,2.2457000000000003,0.5761018594701807,1.734277532840265
2025-05-18,0.0125,0.115,0.875,0.0045,-3.3875,9.723305499867317,0.1275,0.0045,0.6415037480377144,0.37,0.9506720926870659,0.0050000000000000044,-0.025000000000000022,0.075,0.155,0.285,0.255,2.228,0.5899997288134968,1.7160099271062506
2025-05-19,0.0115,0.095,0.895,0.0035,-2.8625000000000003,9.064191264599948,0.1065,0.0035,0.5684894529964013,0.37,0.9506720926870659,0.0,-0.025000000000000022,0.075,0.1565,0.285,0.245,2.2022,0.6076391409874778,1.7122959253025538
2025-05-20,0.0135,0.105,0.885,0.0035,-3.2125,9.55586651454226,0.1185,0.0035,0.6097949959946019,0.375,0.954434002924965,0.0050000000000000044,-0.020000000000000018,0.041,0.1295,0.255,0.285,2.0678,0.7141988342331566,1.5896701413288041
2025-05-21,0.0135,0.085,0.905,0.0045,-2.6875,9.08419644217363,0.0985,0.0045,0.5515512318986181,0.395,0.9679505356936393,0.020000000000000018,0.030000000000000027,0.0425,0.1145,0.255,0.27,1.98485,0.7678693178822813,1.5643765960138578
2025-05-22,0.0095,0.065,0.915,0.0045,-1.9875,7.95070077493173,0.0745,0.0045,0.47248613837122505,0.39,0.9647995485050872,-0.0050000000000000044,0.025000000000000022,0.0665,0.115,0.255,0.265,2.03605,0.7300710692485699,1.6293200458676145
2025-05-23,0.0105,0.065,0.915,0.0045,-2.0375,8.094154478310259,0.0755,0.0045,0.4776879010944242,0.395,0.9679505356936393,0.0050000000000000044,0.025000000000000022,0.055,0.105,0.25,0.245,1.9024999999999999,0.8145023595730095,1.5686957766337164
2025-05-24,0.0105,0.065,0.925,0.0045,-2.0375,8.096718519329297,0.0755,0.0045,0.4644639640444816,0.405,0.9738003694382252,0.010000000000000009,0.03500000000000003,0.055,0.113,0.255,0.25,1.9544,0.7827550634010617,1.5883116190162814
2025-05-25,0.0105,0.065,0.915,0.0045,-2.0375,8.094154478310259,0.0755,0.0045,0.4776879010944242,0.385,0.9614969508235551,-0.020000000000000018,0.010000000000000009,0.063,0.1065,0.255,0.245,1.9427999999999996,0.7885716307856886,1.595240947392082
2025-05-26,0.0095,0.065,0.925,0.0045,-1.9875,7.9531845429991135,0.0745,0.0045,0.4592622013212824,0.385,0.9614969508235551,0.0,-0.010000000000000009,0.059,0.106,0.255,0.245,1.9305999999999996,0.7967848890384408,1.5839746197496014
2025-05-27,0.009,0.055,0.935,0.0045,-1.7125,7.534262276220215,0.064,0.0045,0.41704666918045263,0.385,0.9614969508235551,0.0,-0.0050000000000000044,0.046,0.099,0.255,0.24,1.8608999999999998,0.8404996242711832,1.5314979174721786
2025-05-28,0.0075,0.045,0.94,0.0035,-1.4125,6.859982735036583,0.0525,0.0035,0.36673440672323815,0.375,0.954434002924965,-0.010000000000000009,-0.020000000000000018,0.056,0.1005,0.27,0.24,1.9356,0.7942537978757168,1.570158700978804
2025-05-29,0.0065,0.045,0.955,0.0035,-1.3625,6.687649647858357,0.0515,0.0035,0.3405442763871828,0.385,0.9614969508235551,0.010000000000000009,-0.020000000000000018,0.0545,0.097,0.31,0.215,1.96275,0.7754031603180696,1.5558354488846606
2025-05-30,0.0055,0.0415,0.955,0.0035,-1.225,6.354732758936444,0.047,0.0035,0.32379348430555344,0.37,0.9506720926870659,-0.015000000000000013,-0.015000000000000013,0.0495,0.117,0.335,0.2,2.03275,0.7280032813069938,1.5697548222596898
2025-05-31,0.0055,0.0415,0.955,0.0035,-1.225,6.354732758936444,0.047,0.0035,0.32379348430555344,0.33,0.9149263727797275,-0.03999999999999998,-0.05499999999999999,0.052,0.1445,0.4,0.17,2.215,0.595089457560794,1.5884350926755055
2025-06-01,0.0055,0.041,0.955,0.0035,-1.2125000000000001,6.332431960254291,0.0465,0.0035,0.32221509637477835,0.335,0.9199534913630798,0.0050000000000000044,-0.04999999999999999,0.0765,0.151,0.325,0.19,2.14185,0.6449548908305527,1.6777368101020043
2025-06-02,0.0045,0.0315,0.959,0.0025,-0.95,5.620964663649826,0.036,0.0025,0.2717498858040882,0.325,0.9097361225311662,-0.010000000000000009,-0.04999999999999999,0.046,0.1485,0.33,0.19,2.067,0.7018514020075758,1.5959837356895255
2025-06-03,0.0045,0.0375,0.9575,0.0025,-1.1,5.919663841807235,0.041999999999999996,0.0025,0.29431996154631096,0.295,0.875092786771832,-0.030000000000000027,-0.09000000000000002,0.073,0.141,0.315,0.175,2.0303999999999998,0.7203948144177609,1.6391657325529878
2025-06-04,0.0045,0.0235,0.971,0.0025,-0.75,5.190216156385011,0.028,0.0025,0.22507965198891122,0.285,0.8621745299412247,-0.010000000000000009,-0.08500000000000002,0.058,0.0975,0.34,0.185,1.9706,0.7665850748481867,1.5452401139222278
2025-06-05,0.0045,0.0305,0.9635,0.0025,-0.9249999999999999,5.569580830277984,0.034999999999999996,0.0025,0.261945382366445,0.275,0.8485481782946158,-0.009999999999999953,-0.05499999999999999,0.075,0.1245,0.345,0.175,2.0766,0.6909568650936178,1.6242320755894384
2025-06-06,0.0045,0.03,0.966,0.0015,-0.9375,5.482732125728924,0.034499999999999996,0.0015,0.24912754915022667,0.295,0.875092786771832,0.019999999999999962,-0.040000000000000036,0.084,0.132,0.36,0.15,2.0904,0.6765724411768486,1.6269547851428785
2025-06-07,0.0045,0.016,0.98,0.0015,-0.5875,4.673653181666351,0.0205,0.0015,0.17316856675131995,0.265,0.8341980958607491,-0.02999999999999997,-0.06,0.077,0.138,0.385,0.1,2.0108,0.7244227826345605,1.5414893069179223
2025-06-08,0.0045,0.015,0.9805,0.0015,-0.5625,4.6093999999322035,0.0195,0.0015,0.16789246519897813,0.265,0.8341980958607491,0.0,-0.02999999999999997,0.064,0.1415,0.395,0.105,2.0295,0.7148373670807926,1.5237408991029846
2025-06-09,0.0035,0.0205,0.9765,0.0015,-0.6500000000000001,4.6987599427934175,0.024,0.0015,0.19109630876800504,0.26,0.8267463724926178,-0.0050000000000000044,-0.024999999999999967,0.0545,0.175,0.395,0.065,1.97765,0.7421314410289798,1.4544713731461958
2025-06-10,0.0035,0.0275,0.971,0.0015,-0.8250000000000001,5.118276779102513,0.031,0.0015,0.2264229632161572,0.255,0.819107179827683,-0.0050000000000000044,-0.020000000000000018,0.033,0.1525,0.46,0.065,2.0451,0.7046427066996435,1.3478139185836588
2025-06-11,0.0035,0.0215,0.9755,0.0015,-0.675,4.761332402804912,0.024999999999999998,0.0015,0.1966348649519275,0.245,0.8032566997760641,-0.010000000000000009,-0.04999999999999999,0.0525,0.14,0.52,0.087,2.30275,0.5202735782439368,1.4173796766239362
2025-06-12,0.0035,0.0215,0.9745,0.0015,-0.675,4.761284556188592,0.024999999999999998,0.0015,0.19804103405355686,0.225,0.7691928290130138,-0.01999999999999999,-0.04000000000000001,0.0085,0.0355,0.18,0.45,1.99435,0.7937318632668087,1.1931440575821946
2025-06-13,0.0035,0.0235,0.9715,0.0015,-0.7250000000000001,4.88358218933602,0.027,0.0015,0.21031407537321695,0.235,0.7866261099706012,0.009999999999999981,-0.030000000000000027,0.0025,0.0065,0.0165,0.595,1.8578,0.8953853646447434,0.612215181632068
2025-06-14,0.005,0.0245,0.9695,0.0005,-0.8500000000000001,5.234705220926963,0.029500000000000002,0.0005,0.21812773394496127,0.265,0.8341980958607491,0.030000000000000027,0.0050000000000000044,0.0055,0.008,0.012,0.8,2.4720500000000003,0.47574032062013594,0.43112355125761403
2025-06-15,0.0055,0.023,0.973,0.0005,-0.8374999999999999,5.266639968946045,0.028499999999999998,0.0005,0.21036105141757327,0.275,0.8485481782946158,0.010000000000000009,0.020000000000000018,0.018,0.0135,0.019,0.745,2.3765,0.5469299908352073,0.6132041659526983
2025-06-16,0.0045,0.0215,0.9755,0.0005,-0.75,4.943543769402674,0.026,0.0005,0.19457338842372043,0.305,0.8873172562752066,0.02999999999999997,0.06,0.0095,0.0155,0.017,0.715,2.26335,0.6333740951700662,0.6029798873582211
2025-06-17,0.0035,0.0205,0.9775,0.0005,-0.6750000000000002,4.628205510778448,0.024,0.0005,0.1810988427892053,0.245,0.8032566997760641,-0.06,0.01999999999999999,0.0135,0.0175,0.021,0.675,2.1713500000000003,0.6966595100603304,0.6857810829369592
2025-06-18,0.003,0.015,0.9835,0.0005,-0.5125000000000001,4.1140453403554025,0.018,0.0005,0.14511575501418547,0.285,0.8621745299412247,0.03999999999999998,0.04999999999999999,0.0095,0.02,0.0255,0.65,2.1056000000000004,0.740986497042962,0.715644861045756
2025-06-19,0.008,0.06,0.93,0.0065,-1.7374999999999998,7.652266254393204,0.068,0.0065,0.44385319746292196,0.275,0.8485481782946158,-0.009999999999999953,0.010000000000000009,0.011,0.015,0.021,0.69,2.2026,0.6760345716899395,0.6488749845292495
2025-06-20,0.011,0.055,0.925,0.0065,-1.7624999999999997,7.926116813066471,0.066,0.0065,0.4529770949852492,0.275,0.8485481782946158,0.0,0.0,0.0185,0.0215,0.017,0.735,2.36445,0.5549067007885198,0.6519983824639474
2025-06-21,0.011,0.125,0.865,0.0065,-3.5124999999999997,9.871290501848023,0.136,0.0065,0.6747768062580293,0.285,0.8621745299412247,0.009999999999999953,-0.020000000000000018,0.013,0.0135,0.026,0.77,2.4583,0.4830695674796748,0.5925391744495141
2025-06-22,0.0095,0.115,0.875,0.0065,-3.1875,9.46510986135396,0.1245,0.0065,0.6384426590860955,0.285,0.8621745299412247,0.0,0.03999999999999998,0.0165,0.0245,0.0415,0.77,2.5435,0.4095758698031417,0.7096638027249518
2025-06-23,0.015,0.125,0.865,0.0055,-3.7375,10.258667908925846,0.14,0.0055,0.6881505322483099,0.315,0.8988610370442902,0.030000000000000027,0.030000000000000027,0.0115,0.0395,0.04,0.77,2.56765,0.38818241958195376,0.7343325738525681
2025-06-24,0.0135,0.205,0.77,0.0065,-5.6375,11.57571538691022,0.2185,0.0065,0.8901078339946932,0.27,0.8414646362081757,-0.044999999999999984,-0.0050000000000000044,0.0125,0.042,0.0665,0.715,2.4892,0.4498780179559789,0.8772072522467712
2025-06-25,0.0205,0.165,0.805,0.0045,-5.0375000000000005,11.47537414286567,0.1855,0.0045,0.8308775160204624,0.26,0.8267463724926178,-0.010000000000000009,-0.015000000000000013,0.008,0.0225,0.0235,0.69,2.22275,0.6610138739088613,0.6754317144575339
2025-06-26,0.0175,0.235,0.745,0.0055,-6.6125,12.266561018425254,0.2525,0.0055,0.9507938499388608,0.265,0.8341980958607491,0.0050000000000000044,-0.019999999999999962,0.0135,0.026,0.028,0.715,2.33545,0.5762744482503542,0.7112312573385825
2025-06-27,0.0175,0.21,0.765,0.0055,-5.9875,11.937991599825326,0.22749999999999998,0.0055,0.9118951384351242,0.295,0.875092786771832,0.02999999999999997,0.010000000000000009,0.0055,0.006,0.0205,0.725,2.2661,0.6336205110079693,0.5369002794335319
2025-06-28,0.017,0.16,0.815,0.0055,-4.7124999999999995,11.12089585462318,0.177,0.0055,0.8047627435331643,0.3,0.8812908992306927,0.0050000000000000044,-0.015000000000000013,0.006,0.012,0.032,0.705,2.2575999999999996,0.6375551652994432,0.635294799570155
2025-06-29,0.019,0.155,0.825,0.0055,-4.6875,11.222242231529535,0.174,0.0055,0.7957870294327545,0.265,0.8341980958607491,-0.034999999999999976,-0.0050000000000000044,0.0145,0.0315,0.0625,0.705,2.4235999999999995,0.5039667121546823,0.8512359454248903
2025-06-30,0.0175,0.165,0.815,0.0065,-4.8375,11.297331515672187,0.1825,0.0065,0.8188041024541933,0.265,0.8341980958607491,0.0,0.0050000000000000044,0.0075,0.0235,0.049,0.755,2.49315,0.4523290674801919,0.6994232880193159
2025-07-01,0.0165,0.175,0.805,0.0065,-5.0375000000000005,11.37485045918187,0.1915,0.0065,0.8368941285414908,0.265,0.8341980958607491,0.0,0.0,0.0105,0.0105,0.07,0.705,2.37575,0.544942724283938,0.7621328031897798
2025-07-02,0.0115,0.165,0.825,0.0045,-4.5875,10.666237138161705,0.17650000000000002,0.0045,0.767043694983482,0.24,0.7950402793845223,-0.025000000000000022,-0.05499999999999999,0.0015,0.0055,0.0265,0.73,2.2862999999999998,0.6192956897274519,0.5256026543898047
2025-07-03,0.018,0.195,0.775,0.0055,-5.6375,11.761144272959795,0.213,0.0055,0.8905010640769027,0.26,0.8267463724926178,0.020000000000000018,-0.03999999999999998,0.004,0.008,0.023,0.73,2.2899,0.6159643801795687,0.5442036155269983
2025-07-04,0.008,0.055,0.935,0.0045,-1.6624999999999999,7.3777031327930915,0.063,0.0045,0.4116102099087714,0.215,0.7509319796338465,-0.04500000000000001,-0.05000000000000002,0.009,0.0295,0.039,0.725,2.3949999999999996,0.5300849578133682,0.7300119478823769
2025-07-05,0.0085,0.055,0.925,0.0035,-1.7125000000000001,7.406509468028783,0.0635,0.0035,0.42120271101470563,0.215,0.7509319796338465,0.0,-0.05000000000000002,0.01,0.007,0.0505,0.745,2.42805,0.5066218234849839,0.6504723075703079
2025-07-06,0.0085,0.055,0.935,0.0025,-1.7375,7.3601367280947985,0.0635,0.0025,0.4008779416004224,0.225,0.7691928290130138,0.010000000000000009,-0.04000000000000001,0.015,0.0075,0.0565,0.725,2.40035,0.5266360920882655,0.7144134560365031
2025-07-07,0.008,0.055,0.935,0.0025,-1.7125,7.280543254326905,0.063,0.0025,0.39813848360871923,0.215,0.7509319796338465,-0.010000000000000009,-0.024999999999999994,0.024,0.007,0.0545,0.72,2.40245,0.5232690608222026,0.7492483817658919
2025-07-08,0.0085,0.045,0.935,0.0035,-1.4625000000000001,7.028974498459929,0.0535,0.0035,0.3790063559575013,0.225,0.7691928290130138,0.010000000000000009,-0.035,0.01,0.0075,0.051,0.7,2.2958999999999996,0.6076021630022398,0.6985427916236999
2025-07-09,0.0085,0.045,0.935,0.0035,-1.4625000000000001,7.028974498459929,0.0535,0.0035,0.3790063559575013,0.195,0.7118146702143197,-0.03,-0.01999999999999999,0.0075,0.0085,0.0535,0.725,2.3741999999999996,0.5486863320513828,0.6737700577197099
2025-07-10,0.0115,0.0435,0.945,0.0025,-1.5999999999999999,7.412583894972117,0.05499999999999999,0.0025,0.3695637800149775,0.195,0.7118146702143197,0.0,-0.01999999999999999,0.008,0.0085,0.0495,0.695,2.27395,0.6241582984327773,0.6936611822937253
2025-07-11,0.0105,0.0475,0.945,0.0035,-1.625,7.449935507271187,0.058,0.0035,0.383507525392821,0.185,0.6908938714350409,-0.010000000000000009,-0.04000000000000001,0.0035,0.0045,0.0455,0.715,2.299,0.6078475701193516,0.6125235682590687
2025-07-12,0.016,0.0515,0.935,0.0035,-2.0,8.390411193737766,0.0675,0.0035,0.43504938227829804,0.195,0.7118146702143197,0.010000000000000009,-0.01999999999999999,0.0025,0.0035,0.0355,0.765,2.4145,0.5209044697686901,0.5167817481244261
2025-07-13,0.0205,0.044,0.935,0.0035,-2.0375,8.763478074871301,0.0645,0.0035,0.43246199925953577,0.195,0.7118146702143197,0.0,-0.03,0.0055,0.0025,0.0565,0.72,2.3457000000000003,0.5716677622579391,0.6383517364438598
2025-07-14,0.0195,0.046,0.935,0.0035,-2.0375,8.692105577764227,0.0655,0.0035,0.4343233976124732,0.2,0.7219280948873623,0.0050000000000000044,0.0050000000000000044,0.002,0.0025,0.035,0.71,2.2439,0.6497333636923688,0.5596361933055906
2025-07-15,0.015,0.053,0.935,0.0035,-1.9875000000000003,8.299880707915326,0.068,0.0035,0.4347039085445875,0.205,0.731816079376955,0.004999999999999977,0.009999999999999981,0.005,0.007,0.035,0.675,2.1596,0.7072845110137785,0.6403582309458326
2025-07-16,0.009,0.0285,0.961,0.0035,-1.0750000000000002,6.430138898188748,0.0375,0.0035,0.2911581120239596,0.215,0.7509319796338465,0.010000000000000009,0.03,0.255,0.355,0.36,0.1,3.0265000000000004,0.22633361990654455,1.8959316234240935
2025-07-17,0.0115,0.0275,0.961,0.0025,-1.2,6.787017017806865,0.039,0.0025,0.29342026195636595,0.205,0.731816079376955,-0.010000000000000009,0.009999999999999981,0.07,0.365,0.34,0.075,2.422,0.40037907038205656,1.6087227920775233
2025-07-18,0.0085,0.038,0.9495,0.0025,-1.3125,6.696063004902582,0.0465,0.0025,0.3303386397894435,0.195,0.7118146702143197,-0.009999999999999981,0.0,0.115,0.355,0.35,0.065,2.5144999999999995,0.3165881729471274,1.6756652379700037
2025-07-19,0.0075,0.0345,0.9555,0.0025,-1.175,6.363519073594421,0.042,0.0025,0.30487661502399815,0.175,0.6690158350565576,-0.020000000000000018,-0.025000000000000022,0.11,0.34,0.355,0.07,2.4885,0.34108462109863563,1.6784242500094717
2025-07-20,0.0075,0.0335,0.9565,0.0025,-1.15,6.318821092577317,0.041,0.0025,0.3000631591194129,0.175,0.6690158350565576,0.0,-0.03,0.105,0.325,0.365,0.085,2.5069999999999997,0.32991683800618626,1.701410272878255
2025-07-21,0.0075,0.035,0.956,0.0015,-1.2125,6.331851526212534,0.0425,0.0015,0.298351587421272,0.175,0.6690158350565576,0.0,-0.04000000000000001,0.105,0.335,0.365,0.07,2.49,0.34115612261836925,1.6692401493225217
2025-07-22,0.0065,0.0395,0.9535,0.0015,-1.275,6.344367630032169,0.046,0.0015,0.31094594362854167,0.175,0.6690158350565576,0.0,-0.03,0.125,0.33,0.365,0.07,2.53,0.3051245647272603,1.7020991172541362
2025-07-23,0.0065,0.0385,0.9555,0.0015,-1.25,6.300049602979329,0.045,0.0015,0.3049571933206989,0.195,0.7118146702143197,0.020000000000000018,0.0,0.11,0.335,0.355,0.065,2.4595,0.3647955814562453,1.6655694381983472
2025-07-24,0.0065,0.0305,0.962,0.0015,-1.0499999999999998,5.928579193196293,0.037,0.0015,0.2686322395029709,0.185,0.6908938714350409,-0.010000000000000009,0.010000000000000009,0.105,0.335,0.355,0.065,2.4459999999999997,0.37666398819106683,1.6566943059078065
2025-07-25,0.01,0.0285,0.9635,0.0005,-1.2,6.4566709688507435,0.0385,0.0005,0.26989438398024623,0.175,0.6690158350565576,-0.010000000000000009,0.0,0.11,0.33,0.36,0.07,2.475,0.3531908124512866,1.6772795026023535
2025-07-26,0.0075,0.0335,0.9595,0.0005,-1.2,6.209785825614278,0.041,0.0005,0.2797940347498825,0.175,0.6690158350565576,0.0,0.0,0.105,0.335,0.355,0.065,2.4459999999999997,0.37666398819106683,1.6566943059078065
2025-07-27,0.0095,0.038,0.9515,0.0005,-1.4124999999999999,6.768777302576514,0.0475,0.0005,0.3168268919014539,0.165,0.6461380758647463,-0.009999999999999981,-0.009999999999999981,0.105,0.335,0.365,0.065,2.475,0.3529075658015848,1.6570071312385095
2025-07-28,0.009,0.042,0.9505,0.0005,-1.4875,6.8450178277707945,0.051000000000000004,0.0005,0.32834724923727376,0.17,0.6577047787442195,0.0050000000000000044,-0.024999999999999994,0.1,0.325,0.38,0.05,2.432,0.38801484507683465,1.605725833681475
2025-07-29,0.0045,0.0325,0.9635,0.0005,-1.0250000000000001,5.552064987461873,0.037,0.0005,0.25291073747590664,0.165,0.6461380758647463,-0.0050000000000000044,-0.01999999999999999,0.1,0.325,0.38,0.045,2.417,0.39953429139436836,1.5909563324120655
2025-07-30,0.0025,0.0175,0.9815,0.0005,-0.55,4.147059801835512,0.02,0.0005,0.15567274519460894,0.165,0.6461380758647463,0.0,-0.009999999999999981,0.11,0.32,0.39,0.06,2.504,0.3289104437381093,1.6496513535521085
2025-07-31,0.016,0.425,0.555,0.0065,-11.262500000000001,13.533687727874653,0.441,0.0065,1.1387644005333781,0.125,0.5435644431995964,-0.04000000000000001,-0.04999999999999999,0.065,0.335,0.435,0.025,2.45,0.37516662964608116,1.4403192396573576
2025-08-01,0.0205,0.345,0.625,0.0075,-9.4625,13.484973709188314,0.3655,0.0075,1.121394852988014,0.115,0.5148156530047155,-0.009999999999999995,-0.05,0.085,0.33,0.41,0.042,2.4684999999999997,0.3591981079432353,1.5495862419752646
2025-08-02,0.0825,0.725,0.195,0.006,-22.1,13.374097539647302,0.8075,0.006,1.1375007231667689,0.165,0.6461380758647463,0.05,-0.0050000000000000044,0.06,0.315,0.43,0.041,2.4139999999999997,0.40924933231466626,1.4810069857828125
2025-08-03,0.0735,0.715,0.205,0.0055,-21.4125,13.232870005926529,0.7885,0.0055,1.1328356950898182,0.145,0.597185045253784,-0.020000000000000018,-0.020000000000000018,0.09,0.33,0.4,0.0425,2.4545,0.3699342382437722,1.5628942454545178
2025-08-04,0.0775,0.705,0.205,0.0055,-21.3625,13.351464298205272,0.7825,0.0055,1.1514608486228375,0.15,0.6098403047164004,0.0050000000000000044,-0.015000000000000013,0.11,0.32,0.4,0.04,2.473,0.352031575288354,1.5908461690989626
2025-08-05,0.079,0.735,0.165,0.0055,-22.1875,12.664790713948848,0.814,0.0055,1.0859695866938295,0.145,0.597185045253784,-0.0050000000000000044,0.01999999999999999,0.085,0.31,0.41,0.0325,2.3840000000000003,0.4285235116070058,1.5141337484771218
2025-08-06,0.0695,0.745,0.185,0.0055,-21.962500000000002,12.762164815627873,0.8145,0.0055,1.0753973789976954,0.145,0.597185045253784,0.0,0.029999999999999985,0.085,0.285,0.465,0.022,2.4419999999999997,0.38285107809695423,1.4532428344059756
2025-08-07,0.066,0.785,0.145,0.0055,-22.7875,11.856274667212084,0.851,0.0055,0.9781984148902447,0.145,0.597185045253784,0.0,-0.020000000000000018,0.09,0.335,0.43,0.0375,2.5404999999999998,0.2972199070133091,1.5424062785835582
2025-08-08,0.0675,0.755,0.175,0.0055,-22.1125,12.512662854834298,0.8225,0.0055,1.0499564764115865,0.135,0.5709929600768897,-0.009999999999999981,-0.009999999999999981,0.1,0.355,0.455,0.0355,2.69,0.16668098271848525,1.5504788538547825
2025-08-09,0.0665,0.755,0.175,0.0065,-22.037499999999998,12.56952854997951,0.8215,0.0065,1.0534392629862763,0.125,0.5435644431995964,-0.010000000000000009,-0.024999999999999994,0.08,0.395,0.43,0.025,2.644,0.20300857124761976,1.4774508140664522
2025-08-10,0.067,0.755,0.175,0.0055,-22.087500000000002,12.496979150603757,0.8220000000000001,0.0055,1.0487306613095155,0.125,0.5435644431995964,0.0,-0.01999999999999999,0.064,0.36,0.435,0.022,2.5083,0.32410555701807986,1.4279622025283958
2025-08-11,0.0665,0.755,0.175,0.0055,-22.0625,12.481270030028995,0.8215,0.0055,1.0474994629670262,0.125,0.5435644431995964,0.0,-0.01999999999999999,0.0835,0.345,0.415,0.0075,2.4174499999999997,0.3953920669759324,1.4082937846469514
2025-08-12,0.0635,0.73,0.21,0.0055,-21.2875,13.013772037970007,0.7935,0.0055,1.0980969957514353,0.12,0.5293608652873644,-0.0050000000000000044,-0.024999999999999994,0.0175,0.285,0.545,0.0235,2.49625,0.34903849850338864,1.2226683913328293
2025-08-13,0.0575,0.805,0.125,0.0055,-22.8625,11.133720690148913,0.8625,0.0055,0.9051180039882916,0.12,0.5293608652873644,0.0,-0.015000000000000013,0.05,0.15,0.37,0.26,2.408,0.45606701261985616,1.6626585714279802
2025-08-14,0.085,0.795,0.125,0.0045,-24.0125,11.877080669692152,0.88,0.0045,0.9754985228189054,0.115,0.5148156530047155,-0.0049999999999999906,-0.009999999999999995,0.0385,0.0385,0.395,0.155,1.82225,0.8603940836544031,1.3080499070216505
2025-08-15,0.0375,0.72,0.235,0.0045,-19.7625,12.443248150352463,0.7575,0.0045,1.044925856607874,0.115,0.5148156530047155,0.0,-0.009999999999999995,0.05,0.041,0.4,0.15,1.8598,0.8362742622130613,1.344350005306048
2025-08-16,0.0375,0.665,0.295,0.0045,-18.3875,13.21981633996857,0.7025,0.0045,1.123676999569423,0.125,0.5435644431995964,0.009999999999999995,0.0,0.05,0.0545,0.38,0.155,1.8545999999999996,0.8385011936902657,1.392215780869059
2025-08-17,0.0375,0.695,0.265,0.0055,-19.1125,12.937183106022346,0.7324999999999999,0.0055,1.0914601256260195,0.125,0.5435644431995964,0.0,0.0050000000000000044,0.0475,0.0635,0.385,0.12,1.78255,0.8742576556942466,1.3585914941738992
2025-08-18,0.035,0.715,0.245,0.0055,-19.4875,12.579337227299575,0.75,0.0055,1.0537525086121968,0.135,0.5709929600768897,0.010000000000000009,0.015000000000000013,0.0475,0.053,0.395,0.14,1.8421499999999997,0.8445659054205008,1.3598533720324277
2025-08-19,0.03,0.705,0.265,0.0055,-18.9875,12.669657931821797,0.735,0.0055,1.056309630515829,0.13,0.557438185027989,-0.0050000000000000044,0.015,0.048,0.0695,0.375,0.14,1.8317,0.8487736523508489,1.4053842885688594
2025-08-20,0.0265,0.695,0.285,0.0045,-18.5875,12.71781390289817,0.7214999999999999,0.0045,1.0548261246715507,0.125,0.5435644431995964,-0.0050000000000000044,0.009999999999999995,0.0365,0.059,0.405,0.12,1.79825,0.8682174988338175,1.3104176112506787
2025-08-21,0.0245,0.685,0.295,0.0045,-18.2375,12.750472595407984,0.7095,0.0045,1.0596300801574137,0.125,0.5435644431995964,0.0,0.0,0.0255,0.047,0.4,0.12,1.72045,0.9122762218655323,1.2381453190302523
2025-08-22,0.0225,0.605,0.365,0.0105,-15.9875,13.641999274987153,0.6275,0.0105,1.1615271353264012,0.11,0.499915958164528,-0.015,-0.015,0.024,0.0385,0.39,0.15,1.7536,0.899571919526171,1.2503930237381158
2025-08-23,0.032,0.785,0.185,0.0025,-21.1625,11.240614977754776,0.8170000000000001,0.0025,0.9050290811438237,0.1,0.4689955935892812,-0.009999999999999995,-0.035,0.042,0.0345,0.335,0.17,1.6915,0.9302887526864979,1.3227998862814194
2025-08-24,0.0375,0.775,0.185,0.0035,-21.1625,11.528614190623694,0.8125,0.0035,0.9415473680051942,0.11,0.499915958164528,0.009999999999999995,-0.020000000000000004,0.025,0.0365,0.35,0.17,1.6946999999999999,0.9316472102330368,1.2720582121027906
2025-08-25,0.042,0.805,0.145,0.0035,-22.137500000000003,10.864542497126834,0.8470000000000001,0.0035,0.876508160078439,0.115,0.5148156530047155,0.0050000000000000044,-0.009999999999999995,0.0285,0.0415,0.345,0.175,1.7186499999999998,0.9191172233589141,1.306543151250773
2025-08-26,0.0385,0.755,0.205,0.0055,-20.6625,12.096749537582399,0.7935,0.0055,0.997004555852467,0.11,0.499915958164528,-0.0050000000000000044,-0.015,0.0315,0.044,0.35,0.17,1.73325,0.9103617481357342,1.32010488442126
2025-08-27,0.045,0.775,0.175,0.0045,-21.5125,11.690528213980539,0.8200000000000001,0.0045,0.9614507084825328,0.105,0.48464773973144537,-0.0050000000000000044,-0.0050000000000000044,0.0225,0.0345,0.36,0.175,1.72635,0.916986735956415,1.2614044488443505
2025-08-28,0.0465,0.775,0.165,0.0065,-21.537499999999998,11.729302895153232,0.8215,0.0065,0.9669661988092123,0.1,0.4689955935892812,-0.0049999999999999906,0.0,0.023,0.0245,0.335,0.21,1.7322000000000002,0.9186253576404255,1.2576475231916466
2025-08-29,0.0395,0.775,0.175,0.0055,-21.212500000000002,11.590620905229798,0.8145,0.0055,0.9504765175873784,0.105,0.48464773973144537,0.0049999999999999906,-0.0050000000000000044,0.033,0.034,0.305,0.21,1.6987999999999999,0.9327075630013945,1.3235931955247826
2025-08-30,0.046,0.805,0.145,0.0055,-22.2875,11.206022609935024,0.8510000000000001,0.0055,0.9014952158891933,0.105,0.48464773973144537,0.0,-0.010000000000000009,0.037,0.0325,0.335,0.205,1.7774,0.8911121524364931,1.3338895820606096
2025-08-31,0.0545,0.795,0.145,0.0055,-22.462500000000002,11.48906409373714,0.8495,0.0055,0.9371297621205583,0.09,0.43646981706410287,-0.015,-0.020000000000000004,0.037,0.031,0.335,0.205,1.7731999999999999,0.8934989479120834,1.328587773935048
2025-09-01,0.042,0.815,0.145,0.0055,-22.337500000000002,11.072074017404102,0.857,0.0055,0.8778518000541455,0.08,0.4021791902022728,-0.009999999999999995,-0.024999999999999994,0.0385,0.029,0.345,0.2,1.78565,0.886209643668613,1.3231127754005216
2025-09-02,0.046,0.815,0.135,0.0045,-22.5625,10.880056385567356,0.861,0.0045,0.8699637156859145,0.08,0.4021791902022728,0.0,-0.020000000000000004,0.024,0.02,0.345,0.2,1.7213,0.9233608305586716,1.2360919134713608
2025-09-03,0.046,0.825,0.125,0.0035,-22.837500000000002,10.535668846678648,0.871,0.0035,0.8368622596962989,0.085,0.41955649623854696,0.0050000000000000044,-0.01999999999999999,0.018,0.0265,0.31,0.24,1.7418,0.9175944606306208,1.2610579065786662
2025-09-04,0.055,0.855,0.085,0.0035,-24.0375,9.767005254458757,0.91,0.0035,0.7542244308361938,0.085,0.41955649623854696,0.0,-0.01999999999999999,0.0165,0.03,0.33,0.22,1.7455500000000002,0.9134538683979885,1.2578656372867205
2025-09-05,0.0565,0.875,0.065,0.0035,-24.6125,9.194419163275079,0.9315,0.0035,0.687667717331848,0.075,0.38431154412649704,-0.010000000000000009,-0.015,0.02,0.031,0.29,0.25,1.7318,0.9230190045930798,1.2861401574457003
2025-09-06,0.1025,0.875,0.019,0.0025,-26.9375,8.850591214362462,0.9775,0.0025,0.6356595413057403,0.075,0.38431154412649704,0.0,-0.0050000000000000044,0.0125,0.0165,0.325,0.2,1.6224500000000002,0.9733270634195885,1.1680963803336124
2025-09-07,0.1045,0.865,0.029,0.0025,-26.7875,9.305101498976247,0.9695,0.0025,0.6912235515650437,0.085,0.41955649623854696,0.010000000000000009,0.0050000000000000044,0.0175,0.0295,0.325,0.185,1.6273499999999999,0.9672922224087714,1.2294396835359132
2025-09-08,0.093,0.865,0.037,0.0025,-26.2125,9.266855230301971,0.958,0.0025,0.6972522407685601,0.08,0.4021791902022728,-0.0050000000000000044,-0.0050000000000000044,0.02,0.045,0.34,0.17,1.676,0.9408555680868345,1.2779646350178897
2025-09-09,0.175,0.795,0.0315,0.0025,-28.5625,11.107851249229078,0.97,0.0025,0.8819215545160964,0.09,0.43646981706410287,0.009999999999999995,0.0049999999999999906,0.0155,0.035,0.305,0.225,1.69935,0.9371373940150132,1.2691591039211119
2025-09-10,0.1455,0.815,0.0395,0.0025,-27.5875,10.748023964460863,0.9604999999999999,0.0025,0.8509103801588446,0.09,0.43646981706410287,0.0,0.015,0.011,0.028,0.305,0.195,1.5776,0.9917617701040912,1.1984056757317418
2025-09-11,0.149,0.825,0.0265,0.0015,-28.037499999999998,10.22415260852947,0.974,0.0015,0.7910859028506707,0.085,0.41955649623854696,-0.0049999999999999906,0.010000000000000009,0.011,0.045,0.395,0.17,1.8112,0.8724710529524747,1.2368134514814373
2025-09-12,0.113,0.865,0.0245,0.0015,-27.237499999999997,9.227600954473488,0.978,0.0015,0.6816081451325796,0.125,0.5435644431995964,0.039999999999999994,0.039999999999999994,0.085,0.2,0.37,0.085,2.1174999999999997,0.6440140720512249,1.5997015331605546
2025-09-13,0.0735,0.905,0.023,0.0015,-26.2625,7.915980701640827,0.9785,0.0015,0.5463808977468436,0.105,0.48464773973144537,-0.020000000000000004,0.024999999999999994,0.045,0.305,0.395,0.0305,2.2125,0.5670812744880578,1.4067268847171555
2025-09-14,0.0725,0.905,0.021,0.0015,-26.2125,7.792133453040957,0.9775,0.0015,0.5359193123232047,0.095,0.4529425481872832,-0.009999999999999995,0.0050000000000000044,0.045,0.31,0.395,0.0335,2.2354999999999996,0.549990550714283,1.4185910511720972
2025-09-15,0.0685,0.905,0.0275,0.0015,-26.0125,7.9280495167869,0.9735,0.0015,0.5519132581345725,0.095,0.4529425481872832,0.0,0.0050000000000000044,0.05,0.31,0.395,0.031,2.2415000000000003,0.5443553880508575,1.4245799939881936
2025-09-16,0.068,0.905,0.024,0.0015,-25.987499999999997,7.758821979890053,0.9730000000000001,0.0015,0.5372661375783175,0.095,0.4529425481872832,0.0,0.009999999999999995,0.055,0.315,0.415,0.033,2.333,0.4735031172019882,1.44407970549168
2025-09-17,0.0445,0.945,0.0155,0.0005,-25.837500000000002,6.187306682586131,0.9894999999999999,0.0005,0.3755947771812563,0.08,0.4021791902022728,-0.015,-0.045,0.055,0.335,0.405,0.03,2.351,0.45709826624042227,1.438584612545835
2025-09-18,0.0735,0.785,0.145,0.0075,-23.1125,12.278066133098893,0.8585,0.0075,1.007852654562161,0.055,0.30726835986075973,-0.025,-0.049999999999999996,0.06,0.345,0.41,0.0355,2.4234999999999998,0.3979718440103522,1.4715771045043364
2025-09-19,0.044,0.835,0.115,0.0065,-22.912499999999998,10.545962975381858,0.879,0.0065,0.8215649281110756,0.065,0.34698128810061335,0.010000000000000002,-0.03,0.045,0.345,0.415,0.0425,2.4185,0.40541775599374036,1.4512220234185935
2025-09-20,0.0435,0.855,0.105,0.0055,-23.4125,10.166152180458937,0.8985,0.0055,0.7726732265410408,0.07,0.36592365090022333,0.0050000000000000044,-0.024999999999999994,0.06,0.34,0.42,0.0385,2.4475,0.3792393579587964,1.479265055122547
2025-09-21,0.044,0.855,0.105,0.0055,-23.4375,10.184036508643073,0.899,0.0055,0.7742091695327502,0.055,0.30726835986075973,-0.015000000000000006,-0.04,0.06,0.325,0.425,0.042,2.4305,0.395012497270656,1.4872506847805866
2025-09-22,0.041,0.855,0.105,0.0055,-23.2875,10.076201839762094,0.896,0.0055,0.7648671757094636,0.06,0.32744491915447627,0.0049999999999999975,-0.020000000000000004,0.06,0.325,0.425,0.04,2.4245,0.3996494870508404,1.4809193241724758
2025-09-23,0.041,0.835,0.125,0.0055,-22.7875,10.579111482805397,0.876,0.0055,0.822449297391002,0.06,0.32744491915447627,0.0,0.0049999999999999975,0.055,0.32,0.43,0.041,2.4145000000000003,0.409205292609956,1.4686791727035038
2025-09-24,0.0395,0.825,0.125,0.0055,-22.462500000000002,10.522631525371875,0.8644999999999999,0.0055,0.829399609165643,0.055,0.30726835986075973,-0.0049999999999999975,-0.010000000000000002,0.06,0.325,0.43,0.035,2.424,0.39944661720935876,1.4633592052370807
2025-09-25,0.0415,0.825,0.135,0.0055,-22.5625,10.830953725030405,0.8664999999999999,0.0055,0.8507771537145852,0.065,0.34698128810061335,0.010000000000000002,-0.0050000000000000044,0.055,0.335,0.44,0.026,2.4404999999999997,0.3847596054681418,1.4167410662137514
2025-09-26,0.036,0.795,0.165,0.0055,-21.5375,11.27583210274856,0.8310000000000001,0.0055,0.9059708368975765,0.065,0.34698128810061335,0.0,0.010000000000000002,0.09,0.325,0.46,0.022,2.553,0.2855812896532264,1.4761126355551477
2025-09-27,0.0375,0.805,0.155,0.0055,-21.8625,11.125533716130207,0.8425,0.0055,0.8877345766358724,0.065,0.34698128810061335,0.0,0.0050000000000000044,0.075,0.325,0.445,0.0215,2.4674999999999994,0.3596129733824968,1.4461704395688486
2025-09-28,0.0355,0.805,0.155,0.0055,-21.7625,11.053492667761173,0.8405,0.0055,0.8810676862177276,0.065,0.34698128810061335,0.0,0.0050000000000000044,0.075,0.335,0.445,0.023,2.5,0.3318132004607411,1.4538101055612667
2025-09-29,0.035,0.805,0.155,0.0055,-21.7375,11.035390940203477,0.8400000000000001,0.0055,0.8793759112247388,0.065,0.34698128810061335,0.0,0.010000000000000002,0.085,0.325,0.46,0.0185,2.529,0.3062233310837043,1.4511046265793712
2025-09-30,0.0325,0.805,0.155,0.0055,-21.6125,10.94432014505698,0.8375,0.0055,0.8707594021827327,0.065,0.34698128810061335,0.0,0.0,0.07,0.38,0.445,0.0075,2.566,0.2704057876599538,1.3717643160836386
2025-10-01,0.036,0.855,0.105,0.0055,-23.0375,9.893542508089558,0.891,0.0055,0.7485805864235715,0.065,0.34698128810061335,0.0,0.0,0.09,0.375,0.415,0.021,2.5595,0.27505774893647333,1.4868946280265705
2025-10-02,0.037,0.905,0.055,0.0055,-24.337500000000002,8.410076011286996,0.9420000000000001,0.0055,0.5777418590157459,0.055,0.30726835986075973,-0.010000000000000002,-0.010000000000000002,0.085,0.375,0.405,0.016,2.502,0.3236595804236298,1.4565075510992231
2025-10-03,0.038,0.895,0.065,0.0055,-24.1375,8.788217107119907,0.933,0.0055,0.6201217368224945,0.06,0.32744491915447627,0.0049999999999999975,-0.0050000000000000044,0.085,0.375,0.365,0.0275,2.4205,0.3921782287748771,1.5062257178369864
2025-10-04,0.0335,0.895,0.065,0.0045,-23.9375,8.47275551031068,0.9285,0.0045,0.5987793922833887,0.06,0.32744491915447627,0.0,-0.0050000000000000044,0.145,0.365,0.265,0.018,2.2359999999999998,0.5240867561768758,1.5467218854294156
2025-10-05,0.036,0.895,0.065,0.0045,-24.0625,8.571644865667558,0.931,0.0045,0.607290540823456,0.055,0.30726835986075973,-0.0049999999999999975,-0.010000000000000002,0.13,0.375,0.285,0.0335,2.3279999999999994,0.45815873231883336,1.5935483492466285
2025-10-06,0.0325,0.895,0.075,0.0045,-23.8875,8.764652437133488,0.9275,0.0045,0.6192509908619167,0.055,0.30726835986075973,0.0,-0.010000000000000002,0.125,0.39,0.315,0.0265,2.4225,0.3819202837307807,1.568571964030051
2025-10-07,0.0285,0.895,0.075,0.0045,-23.6875,8.60366995640523,0.9235,0.0045,0.604877442242998,0.06,0.32744491915447627,0.0049999999999999975,0.0049999999999999975,0.13,0.38,0.285,0.0295,2.3299999999999996,0.4556073419074809,1.5791750648084075
2025-10-08,0.0285,0.885,0.085,0.0035,-23.462500000000002,8.784905893775983,0.9135,0.0035,0.6331172402300413,0.055,0.30726835986075973,-0.0049999999999999975,-0.0049999999999999975,0.145,0.375,0.285,0.016,2.316,0.46250813614465214,1.546168874056842
2025-10-09,0.0235,0.895,0.085,0.0035,-23.462500000000002,8.58353167954485,0.9185,0.0035,0.601247199265692,0.06,0.32744491915447627,0.0049999999999999975,0.0,0.135,0.37,0.295,0.0245,2.3295000000000003,0.4554850942950819,1.5713990179766553
2025-10-10,0.022,0.905,0.075,0.0025,-23.6625,8.049422732601698,0.927,0.0025,0.5533511426252726,0.06,0.32744491915447627,0.0,0.0049999999999999975,0.145,0.37,0.265,0.0205,2.2575,0.5079179590494907,1.5573726797297303
2025-10-11,0.031,0.905,0.065,0.0025,-24.1125,8.081447150534055,0.936,0.0025,0.5636202622689794,0.065,0.34698128810061335,0.0050000000000000044,0.010000000000000002,0.095,0.395,0.325,0.02,2.3649999999999998,0.43184820828619874,1.4918038699205511
2025-10-12,0.0385,0.905,0.055,0.0025,-24.4875,8.024928747736643,0.9435,0.0025,0.5629937289655569,0.065,0.34698128810061335,0.0,0.0050000000000000044,0.125,0.385,0.34,0.0105,2.4329999999999994,0.37187670604650724,1.503366955443798
2025-10-13,0.031,0.915,0.055,0.0025,-24.3625,7.712551696544731,0.9460000000000001,0.0025,0.524375280703501,0.055,0.30726835986075973,-0.010000000000000002,0.0,0.135,0.35,0.33,0.0095,2.33,0.4552779920004918,1.51175350588188
2025-10-14,0.0295,0.915,0.055,0.0025,-24.2875,7.647523067144029,0.9445,0.0025,0.5189687199423267,0.055,0.30726835986075973,0.0,-0.0049999999999999975,0.115,0.36,0.385,0.0115,2.4695,0.34644113912034163,1.4937064363518957
2025-10-15,0.024,0.935,0.045,0.0025,-24.5125,6.998603504673271,0.9590000000000001,0.0025,0.4427354842084049,0.055,0.30726835986075973,0.0,-0.0049999999999999975,0.12,0.35,0.395,0.0035,2.4599999999999995,0.3533618541948186,1.4550521553770197
2025-10-16,0.02,0.945,0.0315,0.0025,-24.5625,6.186095484532226,0.965,0.0025,0.36874966009474086,0.055,0.30726835986075973,0.0,-0.010000000000000002,0.12,0.365,0.39,0.0155,2.5235000000000003,0.30074246229124313,1.520765450220128
2025-10-17,0.038,0.935,0.0275,0.0025,-25.2125,6.868358917437993,0.9730000000000001,0.0025,0.4341190909314464,0.06,0.32744491915447627,0.0049999999999999975,-0.0050000000000000044,0.135,0.35,0.415,0.0065,2.5675,0.26150810814389674,1.4938950777478583
2025-10-18,0.0295,0.945,0.0245,0.0025,-25.0375,6.324666659941455,0.9744999999999999,0.0025,0.3797886391573938,0.055,0.30726835986075973,-0.0049999999999999975,0.0,0.145,0.37,0.41,0.0065,2.6359999999999997,0.19995505494985635,1.5092904037543828
2025-10-19,0.027,0.945,0.0265,0.0025,-24.9125,6.298847228362504,0.972,0.0025,0.3782322535477213,0.055,0.30726835986075973,0.0,0.0,0.16,0.37,0.4,0.005,2.6430000000000002,0.19156412764398215,1.520736554201711
2025-10-20,0.0255,0.945,0.026,0.0025,-24.8375,6.1983217360629155,0.9704999999999999,0.0025,0.37061426069079406,0.055,0.30726835986075973,0.0,0.0,0.135,0.385,0.41,0.0035,2.642,0.19443532086532012,1.47612180640659
2025-10-21,0.019,0.955,0.0235,0.0025,-24.7625,5.723293959775262,0.974,0.0025,0.320850142263445,0.055,0.30726835986075973,0.0,0.0,0.16,0.385,0.375,0.011,2.6304999999999996,0.20142532797540655,1.5553977468155271
2025-10-22,0.017,0.96,0.0225,0.0015,-24.8125,5.328508600560761,0.977,0.0015,0.2937040904428162,0.05,0.28639695711595625,-0.0049999999999999975,-0.009999999999999995,0.13,0.425,0.385,0.0115,2.6919999999999997,0.15070864606916234,1.5115492457827975
2025-10-23,0.0145,0.9605,0.0235,0.0015,-24.7,5.23545604508337,0.975,0.0015,0.28564332604649223,0.06,0.32744491915447627,0.009999999999999995,0.0049999999999999975,0.13,0.445,0.395,0.008,2.7664999999999997,0.09246761865647896,1.487514842690435
2025-10-24,0.015,0.962,0.0225,0.0015,-24.7625,5.2076170324103135,0.977,0.0015,0.2818854250073416,0.055,0.30726835986075973,-0.0049999999999999975,0.0,0.125,0.435,0.39,0.0055,2.703,0.14040904351216132,1.4684790101768104
2025-10-30,0.009,0.9795,0.0115,0.0005,-24.925,3.7490002417311206,0.9885,0.0005,0.17000119151568016,0.045,0.2647650339356807,0.0,-0.0050000000000000044,0.41,0.425,0.42,0.425,4.789999999999999,2.5171388519507607,2.1023264636439976
2025-10-31,0.009,0.9795,0.0115,0.0005,-24.925,3.7490002417311206,0.9885,0.0005,0.17000119151568016,0.04,0.24229218908241482,-0.0049999999999999975,-0.0049999999999999975,0.065,0.2,0.34,0.31,2.6514999999999995,0.25141461522751657,1.7736759907421829
2025-11-01,0.023,0.645,0.325,0.0125,-16.9625,13.501614310310266,0.668,0.0125,1.1392245998432449,0.036,0.22364166448448083,-0.0040000000000000036,-0.009000000000000001,0.0315,0.12,0.545,0.21,2.63155,0.2670897178220271,1.4742694375559893
2025-11-02,0.023,0.665,0.305,0.0125,-17.4625,13.329507032684104,0.6880000000000001,0.0125,1.1180980112605203,0.037,0.22836402584056464,0.0010000000000000009,-0.008,0.0535,0.135,0.525,0.22,2.70495,0.200863941721131,1.58463075679173
2025-11-03,0.027,0.675,0.295,0.0115,-17.9375,13.324545093665487,0.7020000000000001,0.0115,1.11709004641685,0.036,0.22364166448448083,-0.0010000000000000009,-0.009000000000000001,0.0735,0.135,0.525,0.22,2.75895,0.15398363625317457,1.6354390089119604
2025-11-04,0.025,0.665,0.305,0.0115,-17.5875,13.34177367390202,0.6900000000000001,0.0115,1.121036555667654,0.0325,0.2067783098654222,-0.003499999999999996,-0.012499999999999997,0.057,0.135,0.53,0.23,2.7589,0.1560364954746163,1.5986993596630505
2025-11-05,0.029,0.685,0.275,0.0115,-18.287499999999998,13.173726127338652,0.7140000000000001,0.0115,1.108287896311953,0.0445,0.2625570708091226,0.011999999999999997,0.004499999999999997,0.0355,0.145,0.52,0.225,2.68485,0.21988229367948203,1.5496984838615502
2025-11-06,0.0185,0.645,0.325,0.0115,-16.7625,13.250701632366491,0.6635,0.0115,1.1156070638803077,0.046,0.26915586965420646,0.0015000000000000013,0.010000000000000002,0.0355,0.155,0.52,0.22,2.6978500000000003,0.20724852529330542,1.5590165715679274
2025-11-07,0.0205,0.735,0.235,0.0125,-19.0875,12.45784257882359,0.7555,0.0125,1.0114458134095043,0.0395,0.23999499268835264,-0.006499999999999999,0.0025000000000000022,0.0305,0.15,0.52,0.215,2.65535,0.24466653101466498,1.5314724948015601
2025-11-08,0.0245,0.705,0.265,0.0145,-18.4875,13.123487823602764,0.7294999999999999,0.0145,1.0829223516727349,0.046,0.26915586965420646,0.006499999999999999,0.010000000000000002,0.0275,0.145,0.555,0.205,2.7047499999999998,0.20085950196903818,1.486655316387891
2025-11-09,0.0235,0.705,0.265,0.0135,-18.462500000000002,13.012864446145207,0.7284999999999999,0.0135,1.0742680794199517,0.0405,0.24457999269579242,-0.005499999999999998,0.008,0.023,0.17,0.555,0.205,2.7626,0.14952985748672404,1.4998897202648371
2025-11-10,0.0225,0.725,0.245,0.0045,-19.1375,12.035151101305292,0.7474999999999999,0.0045,0.9917473205243977,0.0355,0.22126496256631045,-0.0050000000000000044,-0.009000000000000001,0.0215,0.16,0.555,0.205,2.73055,0.1777958219524575,1.4822483977158705
2025-11-11,0.0275,0.685,0.285,0.0055,-18.3625,12.81181634151653,0.7125,0.0055,1.0738714885859864,0.0425,0.25363946182843883,0.007000000000000006,-0.003499999999999996,0.004,0.16,0.565,0.18,2.6372999999999998,0.25869237060647937,1.365565374860577
2025-11-12,0.0245,0.715,0.255,0.0055,-18.962500000000002,12.328264020128707,0.7394999999999999,0.0055,1.021150299538738,0.036,0.22364166448448083,-0.006500000000000006,-0.003500000000000003,0.044,0.14,0.46,0.185,2.3998,0.4562062178006784,1.5610895647626035
2025-11-13,0.0205,0.635,0.33,0.0055,-16.7625,12.963497255515197,0.6555,0.0055,1.1001100890480326,0.039,0.23768828956288524,0.0030000000000000027,-0.006999999999999999,0.004,0.0795,0.86,0.025,2.8024,0.09597238436133586,0.6424456293588211
2025-11-14,0.0165,0.525,0.445,0.0055,-13.8125,13.435068384641738,0.5415,0.0055,1.1468481079173678,0.0435,0.25811560463461086,0.004499999999999997,0.0029999999999999957,0.016,0.085,0.665,0.1155,2.5562000000000005,0.326701369541053,1.1488186003659835
2025-11-15,0.0185,0.465,0.51,0.0055,-12.412500000000001,13.641417580066598,0.48350000000000004,0.0055,1.1568910751249084,0.0395,0.23999499268835264,-0.003999999999999997,0.0040000000000000036,0.015,0.1105,0.63,0.162,2.6628999999999996,0.23648062536918357,1.287383737379289
2025-11-16,0.0195,0.465,0.505,0.0055,-12.4625,13.664626750070784,0.48450000000000004,0.0055,1.163487248072825,0.04,0.24229218908241482,0.0005000000000000004,-0.0025000000000000022,0.0145,0.111,0.65,0.1735,2.7554499999999997,0.15563597807865653,1.2829856739824999
2025-11-17,0.0215,0.455,0.515,0.0055,-12.3125,13.766264953909975,0.47650000000000003,0.0055,1.170330780848995,0.0395,0.23999499268835264,-0.0005000000000000004,0.003500000000000003,0.0135,0.11,0.705,0.1665,2.8884499999999997,0.05921047616342913,1.2203053050177521
2025-11-18,0.0195,0.435,0.535,0.0055,-11.7125,13.645289680646211,0.4545,0.0055,1.1572276356089057,0.0415,0.2491278633922673,0.0020000000000000018,0.0025000000000000022,0.011,0.118,0.715,0.169,2.9406,0.06887894221022853,1.214898634360285
2025-11-19,0.0215,0.515,0.46,0.0055,-13.8125,13.735316307333443,0.5365,0.0055,1.1687581233020492,0.0405,0.24457999269579242,-0.0010000000000000009,-0.0029999999999999957,0.0075,0.1205,0.71,0.1405,2.8381499999999997,0.08194526170713,1.1694387778496864
2025-11-20,0.0175,0.305,0.665,0.0055,-8.3625,12.937989561993394,0.3225,0.0055,1.0573265083646974,0.0415,0.2491278633922673,0.0010000000000000009,0.0020000000000000018,0.0065,0.1195,0.72,0.142,2.86615,0.06380742613520768,1.154590111197495
2025-11-21,0.0135,0.335,0.645,0.0055,-8.912500000000001,12.924798299925225,0.34850000000000003,0.0055,1.0617296536547451,0.0385,0.23537196282802214,-0.0030000000000000027,-0.0015000000000000013,0.007,0.1195,0.825,0.0575,2.9184999999999994,0.05173519353399557,0.8822490922517697
2025-11-22,0.0185,0.645,0.325,0.0045,-16.9375,12.778906111488965,0.6635,0.0045,1.0766028738758382,0.041,0.2468585146603582,0.0025000000000000022,0.0015000000000000013,0.012,0.099,0.8545,0.0115,2.82215,0.07596165600156415,0.674803033731407
2025-11-23,0.0195,0.655,0.315,0.0045,-17.2375,12.728837547572834,0.6745,0.0045,1.0706540792295651,0.0415,0.2491278633922673,0.0005000000000000004,0.0,0.055,0.085,0.47,0.4,2.9495000000000005,0.08657512633545522,1.5731636728977074
2025-11-24,0.0185,0.695,0.285,0.0045,-18.1875,12.395349903038236,0.7134999999999999,0.0045,1.0225148551760432,0.0385,0.23537196282802214,-0.0030000000000000027,-0.0020000000000000018,0.03,0.07,0.445,0.375,2.6925,0.2354341733903556,1.4707755893110774
2025-11-25,0.0165,0.805,0.175,0.0035,-20.8625,10.550762709396889,0.8215,0.0035,0.81822389162822,0.032,0.2043246709802796,-0.006499999999999999,-0.009500000000000001,0.022,0.075,0.47,0.365,2.7274000000000003,0.2038060556509543,1.4440893723972101
2025-11-26,0.0115,0.845,0.145,0.0035,-21.6125,9.710707725559965,0.8564999999999999,0.0035,0.7119073194731077,0.03,0.1943918578315762,-0.0020000000000000018,-0.0085,0.014,0.065,0.475,0.39,2.7672999999999996,0.17209168997949928,1.3824874065743087
2025-11-27,0.0135,0.835,0.145,0.0035,-21.462500000000002,9.78732226051896,0.8484999999999999,0.0035,0.7335803468027455,0.035,0.218877726539011,0.0050000000000000044,-0.005999999999999998,0.015,0.085,0.455,0.375,2.723,0.20866233488581507,1.4407239072470357
2025-11-28,0.0105,0.855,0.135,0.0035,-21.8125,9.430296091586944,0.8654999999999999,0.0035,0.6808198196763571,0.0225,0.15525613787433576,-0.012500000000000004,-0.019000000000000003,0.0085,0.085,0.455,0.375,2.70545,0.22475904933672863,1.4083062341802322
2025-11-29,0.0115,0.865,0.115,0.0035,-22.1125,8.952934182085222,0.8765,0.0035,0.642456083674981,0.0235,0.16066490425721044,0.0010000000000000009,-0.015,0.0035,0.065,0.45,0.39,2.6664499999999998,0.26286585908263194,1.33307501413144
2025-11-30,0.0115,0.875,0.115,0.0035,-22.3625,8.957203848369758,0.8865,0.0035,0.6300383396252073,0.0205,0.14423877078631486,-0.002999999999999999,-0.0115,0.003,0.055,0.445,0.415,2.6975999999999996,0.23823620144721955,1.3016593991816237
2025-12-01,0.0105,0.885,0.105,0.0025,-22.5875,8.501348670578686,0.8955,0.0025,0.5880244291859666,0.023,0.15796854699966337,0.0024999999999999988,-0.006999999999999999,0.0035,0.06,0.45,0.42,2.74245,0.19807667539049126,1.3161357983009077
2025-12-02,0.0095,0.885,0.105,0.0025,-22.5375,8.456622940778429,0.8945,0.0025,0.5828226664627675,0.0155,0.11536718058601081,-0.0075,-0.019500000000000003,0.0045,0.06,0.47,0.4,2.74315,0.1953304036146191,1.3193418749782788
2025-12-03,0.0075,0.915,0.075,0.0025,-23.1875,7.384263250318206,0.9225,0.0025,0.47208682431877824,0.022,0.15252732850878192,0.006499999999999999,-0.0005000000000000004,0.018,0.105,0.425,0.385,2.7301,0.20209677713907245,1.500556585323999
2025-12-04,0.0065,0.935,0.055,0.0015,-23.662499999999998,6.366220695004219,0.9415,0.0015,0.3820985412152836,0.015,0.11236071009937675,-0.006999999999999999,-0.0085,0.0035,0.165,0.42,0.385,2.84445,0.10493073302779303,1.5132838414218375
2025-12-05,0.0045,0.925,0.075,0.0015,-23.3125,7.078183360686554,0.9295,0.0015,0.4334641435768974,0.0195,0.13862391069587107,0.0045000000000000005,-0.0010000000000000009,0.006,0.12,0.445,0.37,2.7527,0.1804678084590158,1.4618958459937161
2025-12-06,0.0065,0.935,0.065,0.0015,-23.662499999999998,6.791752719291243,0.9415,0.0015,0.4082772604589112,0.018,0.13005884617909685,-0.0015000000000000013,-0.005000000000000001,0.004,0.155,0.47,0.285,2.6628,0.24854140451844245,1.476841427398241
2025-12-07,0.0065,0.925,0.075,0.0015,-23.412499999999998,7.180007311973992,0.9315,0.0015,0.44560751648479485,0.022,0.15252732850878192,0.004,0.006499999999999999,0.029,0.145,0.475,0.325,2.8368,0.10626603295503209,1.5892121972486697
2025-12-08,0.0065,0.925,0.065,0.0005,-23.4375,6.612347883411005,0.9315,0.0005,0.4130688270449352,0.0145,0.10932982407438196,-0.007499999999999998,-0.007499999999999998,0.016,0.145,0.455,0.345,2.8037,0.13299509799236953,1.5460019047193352
2025-12-09,0.008,0.935,0.055,0.0005,-23.7625,6.2597211711565075,0.9430000000000001,0.0005,0.3820117352766135,0.0185,0.1329335623949045,0.003999999999999998,0.0034999999999999996,0.0155,0.115,0.455,0.395,2.86835,0.09098548736611792,1.4982512549669562
2025-12-10,0.0045,0.9685,0.028,0.0005,-24.425000000000004,4.6031778085904955,0.973,0.0005,0.22972178167772558,0.0185,0.1329335623949045,0.0,-0.0010000000000000009,0.027,0.125,0.435,0.4,2.8844000000000003,0.08520396892164107,1.5668624729402159
2025-12-11,0.013,0.195,0.785,0.0105,-5.2625,11.54731667626185,0.20800000000000002,0.0105,0.8845192268357124,0.015,0.11236071009937675,-0.0034999999999999996,-0.002999999999999999,0.034,0.15,0.44,0.365,2.8828,0.08548839546979461,1.6282761247779667
2025-12-12,0.0105,0.175,0.805,0.0105,-4.6375,10.98647350864917,0.1855,0.0105,0.8300092552311442,0.0105,0.0840898915943968,-0.004499999999999999,-0.011499999999999998,0.017,0.135,0.455,0.36,2.8234,0.11928977542103099,1.5374654702222808
2025-12-13,0.0135,0.205,0.765,0.0095,-5.5625,11.689931732317772,0.2185,0.0095,0.9120073893652043,0.0095,0.0774599334613366,-0.0010000000000000009,-0.005000000000000001,0.0265,0.16,0.43,0.375,2.8915499999999996,0.0821862249939126,1.6160237611723722
2025-12-14,0.0135,0.205,0.775,0.0105,-5.5375,11.742923374313568,0.2185,0.0105,0.9065529995584952,0.0105,0.0840898915943968,0.0010000000000000009,-0.007999999999999998,0.004,0.13,0.425,0.4,2.8073,0.13622938416509106,1.4679262492017005
2025-12-15,0.0135,0.205,0.775,0.0135,-5.4624999999999995,11.860963961405075,0.2185,0.0135,0.9213787040724517,0.011,0.08735191991631619,0.0004999999999999987,-0.0075,0.0035,0.135,0.41,0.4,2.77645,0.16230728717851817,1.474721229465803
2025-12-16,0.0165,0.205,0.775,0.0135,-5.6125,12.108977880585131,0.22149999999999997,0.0135,0.9352345352362302,0.0065,0.056571714266622594,-0.0045,-0.0085,0.025,0.145,0.415,0.405,2.8920000000000003,0.08306238619254797,1.5916815660340489
2025-12-17,0.0165,0.205,0.765,0.0125,-5.6375,12.057127035233146,0.22149999999999997,0.0125,0.9410676823884991,0.007,0.06017244203200856,0.0005000000000000004,-0.0035000000000000005,0.0215,0.235,0.37,0.37,2.89905,0.0832368869026828,1.6715355842148285
2025-12-18,0.0155,0.215,0.765,0.0125,-5.8375,12.129868301016298,0.23049999999999998,0.0125,0.9446341588457584,0.0085,0.07067637446155645,0.0015000000000000005,-0.0009999999999999992,0.0035,0.185,0.425,0.345,2.79495,0.138679699834727,1.5332562059156305
2025-12-19,0.0145,0.245,0.725,0.0075,-6.6625,12.21959420357321,0.2595,0.0075,0.9750073523785817,0.0085,0.07067637446155645,0.0,-0.002,0.855,0.08,0.0495,0.0035,2.6865499999999995,0.061510053405927294,0.7279493093778733
2025-12-20,0.0155,0.205,0.765,0.0075,-5.7125,11.777156497060316,0.22049999999999997,0.0075,0.9104619597440647,0.0105,0.0840898915943968,0.002,-0.0004999999999999987,0.8275,0.085,0.062,0.017,2.7030500000000006,0.06863398158893279,0.8769905214732476
2025-12-21,0.0145,0.195,0.785,0.0075,-5.4125,11.557505529416803,0.20950000000000002,0.0075,0.8755531957873168,0.0055,0.0491979015104235,-0.005000000000000001,-0.001,0.8245,0.095,0.0445,0.017,2.6722,0.07952833482476537,0.8518998434886152
2025-12-22,0.0135,0.185,0.795,0.0075,-5.1125,11.311541955288412,0.1985,0.0075,0.8502770531184451,0.0035,0.033595088577764054,-0.0019999999999999996,-0.0035,0.811,0.125,0.045,0.0255,2.7467,0.06940789425562476,0.9564129888543127
2025-12-23,0.0145,0.175,0.795,0.0065,-4.9375,11.184327587912918,0.1895,0.0065,0.8389619140456882,0.0065,0.056571714266622594,0.0029999999999999996,-0.002000000000000001,0.799,0.115,0.0495,0.0255,2.69935,0.07391334691718404,0.9671300001085337
2025-12-24,0.0155,0.125,0.855,0.0065,-3.7375,10.343912778175385,0.1405,0.0065,0.7086374953135993,0.0055,0.0491979015104235,-0.001,-0.003000000000000001,0.832,0.1,0.051,0.0115,2.7087999999999997,0.061120979049750196,0.8460063516903826
2025-12-25,0.0155,0.115,0.875,0.0035,-3.5625,10.01175890671814,0.1305,0.0035,0.6491323964475147,0.0065,0.056571714266622594,0.001,-0.004000000000000001,0.847,0.085,0.036,0.0085,2.6548000000000003,0.08185248047554804,0.7363226092439001
2025-12-26,0.0125,0.115,0.865,0.0035,-3.4125,9.675782300413749,0.1275,0.0035,0.6473946280821147,0.006,0.05291508034484766,-0.0004999999999999996,0.0005000000000000004,0.8495,0.085,0.034,0.008,2.65425,0.08119991090666283,0.7237820062603164
2025-12-27,0.0125,0.145,0.845,0.0035,-4.1625,10.336346172003914,0.1575,0.0035,0.7168458638802414,0.004,0.037622360322278434,-0.002,0.0005,0.8635,0.09,0.027,0.0085,2.68725,0.057775421352855495,0.6946442627908657
2025-12-28,0.0125,0.135,0.855,0.0035,-3.9125,10.129002403371222,0.14750000000000002,0.0035,0.6908225188126742,0.0035,0.033595088577764054,-0.0005,-0.0029999999999999996,0.871,0.09,0.019,0.0085,2.6843,0.056130609875539444,0.6533102504231352
2025-12-29,0.0125,0.125,0.865,0.0035,-3.6625,9.911058328327,0.1375,0.0035,0.6635607912045778,0.003,0.02946405184492225,-0.0005,-0.0024999999999999996,0.8695,0.09,0.0195,0.009,2.6832000000000007,0.057384781257751226,0.6599987183475989
2025-12-30,0.0125,0.125,0.865,0.0025,-3.6875,9.869540619058721,0.1375,0.0025,0.656615928909899,0.0025,0.025211865892934702,-0.0005,-0.004,0.869,0.09,0.015,0.009,2.6688,0.06468517233493314,0.6407349424443385
2025-12-31,0.0115,0.125,0.865,0.0025,-3.6375,9.760072713612333,0.1365,0.0025,0.6516773845027652,0.0025,0.025211865892934702,0.0,-0.0035,0.872,0.095,0.016,0.01,2.6968,0.05099655204030949,0.6568114997236589
2026-01-01,0.0105,0.105,0.875,0.0025,-3.0875,9.156315588502288,0.11549999999999999,0.0025,0.6006070562583844,0.27,0.8414646362081757,0.2675,0.266,0.8985,0.085,0.007,0.0095,2.7127500000000007,0.04269001639727951,0.5549590971395824
2026-01-02,0.0075,0.105,0.885,0.0035,-2.9125,8.836759949565792,0.11249999999999999,0.0035,0.5788895920987723,0.255,0.819107179827683,-0.015000000000000013,0.2515,0.923,0.045,0.009,0.01,2.6742,0.05335603695927961,0.43562464251774036
2026-01-03,0.0075,0.105,0.885,0.0035,-2.9125,8.836759949565792,0.11249999999999999,0.0035,0.5788895920987723,0.23,0.7780113035465377,-0.024999999999999994,0.227,0.8835,0.085,0.0105,0.0095,2.6824000000000003,0.053894691389783284,0.5930141237585239
2026-01-04,0.0075,0.095,0.895,0.0035,-2.6625,8.55749277862681,0.10250000000000001,0.0035,0.5473455988853447,0.235,0.7866261099706012,0.004999999999999977,0.23249999999999998,0.887,0.095,0.009,0.0035,2.6975000000000002,0.04114566350175909,0.5657761300197793
2026-01-05,0.0075,0.095,0.895,0.0035,-2.6625,8.55749277862681,0.10250000000000001,0.0035,0.5473455988853447,0.24,0.7950402793845223,0.0050000000000000044,0.2375,0.893,0.075,0.014,0.0075,2.6842,0.051269862297454956,0.5652303854568217
2026-01-06,0.0065,0.105,0.895,0.0035,-2.8625000000000003,8.714960287488406,0.1115,0.0035,0.5604269821829475,0.24,0.7950402793845223,0.0,-0.030000000000000027,0.8895,0.065,0.016,0.027,2.7110499999999997,0.0587232257607669,0.64273517115503
2026-01-07,0.0055,0.105,0.895,0.0035,-2.8125,8.586241037628167,0.1105,0.0035,0.5544871821636973,0.25,0.8112781244591328,0.010000000000000009,-0.0050000000000000044,0.884,0.07,0.0125,0.017,2.6700500000000003,0.06698314682627253,0.6047580996035496
2026-01-08,0.0055,0.075,0.915,0.0035,-2.0625,7.652080752563318,0.0805,0.0035,0.4673749236086917,0.255,0.819107179827683,0.0050000000000000044,0.024999999999999994,0.851,0.075,0.018,0.018,2.6139,0.11429264202038553,0.6870097412510593
2026-01-09,0.0065,0.075,0.925,0.0035,-2.1125000000000003,7.803490905517863,0.0815,0.0035,0.4600907865779992,0.235,0.7866261099706012,-0.020000000000000018,0.0,0.87,0.075,0.0185,0.027,2.6936500000000003,0.064846352528496,0.702252798407658
2026-01-10,0.0045,0.0245,0.9705,0.0025,-0.775,5.246482273866938,0.029,0.0025,0.2297178164732691,0.235,0.7866261099706012,0.0,-0.0050000000000000044,0.864,0.075,0.0195,0.0235,2.6698500000000003,0.07516777963329753,0.7004177825995033
2026-01-11,0.0025,0.0375,0.957,0.0005,-1.05,5.3753831258804246,0.04,0.0005,0.2654113182564915,0.235,0.7866261099706012,0.0,-0.0050000000000000044,0.872,0.08,0.023,0.0255,2.7216,0.06005824905872623,0.7239674267983648
2026-01-12,0.0025,0.0405,0.9575,0.0005,-1.125,5.53268837230148,0.043000000000000003,0.0005,0.2744356155449076,0.225,0.7691928290130138,-0.009999999999999981,-0.024999999999999994,0.896,0.075,0.0155,0.02,2.73415,0.056657064398448934,0.6282818658528425
2026-01-13,0.0025,0.0655,0.9315,0.0005,-1.7500000000000002,6.666145812986692,0.068,0.0005,0.3800220180700303,0.23,0.7780113035465377,0.0050000000000000044,-0.024999999999999994,0.916,0.065,0.006,0.004,2.6846,0.041942169233362234,0.4484178733521511
2026-01-14,0.0025,0.041,0.9545,0.0005,-1.1375000000000002,5.558025988660453,0.043500000000000004,0.0005,0.2801561315314756,0.22,0.7601675029619657,-0.010000000000000009,-0.014999999999999986,0.96,0.0275,0.01,0.007,2.719,0.03751432393099986,0.3156571846336837
2026-01-15,0.0035,0.056,0.9415,0.0005,-1.5625000000000002,6.451725029740108,0.059500000000000004,0.0005,0.34878886976235685,0.215,0.7509319796338465,-0.0050000000000000044,-0.01999999999999999,0.9515,0.025,0.0175,0.007,2.7108,0.03901021199634776,0.35354178322170904
2026-01-16,0.0035,0.049,0.9475,0.0015,-1.3625,6.201522261459278,0.052500000000000005,0.0015,0.3295459216762664,0.215,0.7509319796338465,0.0,-0.01999999999999999,0.9605,0.023,0.014,0.0065,2.71785,0.037989630032417926,0.3144597173139617
2026-01-17,0.0035,0.0435,0.9525,0.0015,-1.2249999999999999,5.947762236757619,0.047,0.0015,0.30624338443144417,0.215,0.7509319796338465,0.0,-0.010000000000000009,0.9615,0.019,0.0145,0.0065,2.7108000000000003,0.03641448832539046,0.2988877157190739
2026-01-18,0.0035,0.0385,0.9555,0.0015,-1.0999999999999999,5.704278219021228,0.042,0.0015,0.28628695640742813,0.215,0.7509319796338465,0.0,-0.015000000000000013,0.96,0.018,0.014,0.0065,2.7024999999999997,0.036034575410291717,0.294306159348231
2026-01-19,0.0035,0.0375,0.9565,0.0015,-1.075,5.654044514769936,0.041,0.0015,0.2816339755474896,0.21,0.7414827399312737,-0.0050000000000000044,-0.010000000000000009,0.9575,0.019,0.02,0.0085,2.72195,0.04322333296380548,0.3399748792337983
2026-01-20,0.0015,0.0315,0.9645,0.0005,-0.85,4.798547175968993,0.033,0.0005,0.22698765539807342,0.21,0.7414827399312737,0.0,-0.0050000000000000044,0.9555,0.0195,0.0215,0.008,2.7208000000000006,0.04300868377432638,0.3483432022741977
2026-01-21,0.0015,0.0245,0.9715,0.0005,-0.675,4.349536038475828,0.026000000000000002,0.0005,0.19118069586469627,0.225,0.7691928290130138,0.015000000000000013,0.010000000000000009,0.9575,0.017,0.0195,0.007,2.7104000000000004,0.03909102403365761,0.3208006648754804
2026-01-22,0.0015,0.0185,0.9795,0.0005,-0.525,3.9178278420573815,0.02,0.0005,0.15531625586576828,0.23,0.7780113035465377,0.0050000000000000044,0.015000000000000013,0.958,0.02,0.018,0.0075,2.7173000000000003,0.04029550241652284,0.32944683005237096
2026-01-23,0.0015,0.0165,0.9805,0.0005,-0.47500000000000003,3.7615355076085613,0.018000000000000002,0.0005,0.14511352295852664,0.225,0.7691928290130138,-0.0050000000000000044,0.010000000000000009,0.9555,0.0175,0.0265,0.0075,2.7282,0.046757744599157006,0.3566336741702363
2026-01-24,0.0005,0.0115,0.9865,0.0005,-0.3,2.9427725022502162,0.012,0.0005,0.1043956629089786,0.225,0.7691928290130138,0.0,0.015000000000000013,0.9595,0.0175,0.0165,0.0085,2.713,0.03964515102758464,0.3155370964653646
2026-01-25,0.0005,0.0065,0.9905,0.0005,-0.175,2.3652301685036914,0.006999999999999999,0.0005,0.0718308181018094,0.235,0.7866261099706012,0.009999999999999981,0.024999999999999994,0.9625,0.0175,0.0155,0.0085,2.7182000000000004,0.04028901785846859,0.3068578639655589
2026-01-26,0.0005,0.0065,0.9905,0.0005,-0.175,2.3652301685036914,0.006999999999999999,0.0005,0.0718308181018094,0.24,0.7950402793845223,0.0050000000000000044,0.014999999999999986,0.952,0.018,0.0245,0.009,2.71885,0.044409302277225615,0.3641496527694771
2026-01-27,0.0005,0.0075,0.988,0.0015,-0.175,2.6161610113867226,0.008,0.0015,0.0897038759266247,0.255,0.819107179827683,0.015000000000000013,0.024999999999999994,0.9535,0.0175,0.021,0.008,2.7083500000000003,0.04080781175216329,0.34040868214098313
2026-01-28,0.0005,0.0035,0.9925,0.0015,-0.07500000000000001,2.090302310671832,0.004,0.0015,0.05888816277438672,0.255,0.819107179827683,0.0,0.03,0.9265,0.022,0.04,0.0095,2.70765,0.05033627374965288,0.47275568598527207
2026-01-29,0.075,0.905,0.0105,0.0135,-26.0375,9.291011751956834,0.98,0.0135,0.5634702521117967,0.26,0.8267463724926178,0.0050000000000000044,0.035,0.9285,0.0215,0.037,0.009,2.7014500000000004,0.04971487795418983,0.4556204599660534
2026-01-30,0.075,0.905,0.0075,0.0125,-26.0625,9.037897639938173,0.98,0.0125,0.5425675473522842,0.27,0.8414646362081757,0.010000000000000009,0.03500000000000003,0.926,0.021,0.0385,0.0085,2.6961500000000007,0.051233080768190935,0.45912807420940005
2026-01-31,0.065,0.915,0.0075,0.0175,-25.6875,9.421469207679342,0.98,0.0175,0.5286656071231117,0.265,0.8341980958607491,-0.0050000000000000044,0.025000000000000022,0.946,0.0225,0.0255,0.009,2.7181500000000005,0.04495103744631486,0.39507000243633383
2026-02-01,0.075,0.885,0.0135,0.0235,-25.2875,10.674102809194316,0.96,0.0235,0.64726443492851,0.27,0.8414646362081757,0.0050000000000000044,0.015000000000000013,0.9415,0.017,0.0345,0.009,2.7167000000000003,0.04756077985062899,0.41054909269403195
2026-02-02,0.075,0.895,0.0155,0.0145,-25.7625,9.60370208565426,0.97,0.0145,0.6052513500588508,0.275,0.8485481782946158,0.0050000000000000044,0.020000000000000018,0.9645,0.0175,0.0145,0.0075,2.7177000000000002,0.038733488869452465,0.2939392657544245
2026-02-03,0.075,0.895,0.0185,0.0125,-25.8125,9.43761775588787,0.97,0.0125,0.6090248119475395,0.275,0.8485481782946158,0.0,0.015000000000000013,0.9605,0.017,0.018,0.008,2.71715,0.040509775718337374,0.31582905891044816
2026-02-04,0.065,0.905,0.0195,0.0095,-25.6375,8.72489612223263,0.97,0.0095,0.5612384842016837,0.26,0.8267463724926178,-0.015000000000000013,-0.010000000000000009,0.962,0.017,0.0175,0.008,2.71975,0.04100753322561587,0.3115638462584935
2026-02-05,0.075,0.905,0.0195,0.0105,-26.1125,9.200188602007026,0.98,0.0105,0.5903905958311622,0.23,0.7780113035465377,-0.03,-0.035,0.963,0.025,0.005,0.004,2.6966,0.029214471071713728,0.2555104022960446
2026-02-06,0.175,0.805,0.0115,0.0135,-28.5375,11.77902959845377,0.98,0.0135,0.8498991144742841,0.24,0.7950402793845223,0.009999999999999981,-0.030000000000000027,0.9615,0.022,0.0195,0.0055,2.7307000000000006,0.04438075219056134,0.327652698284064
2026-02-07,0.115,0.865,0.0095,0.0115,-27.0875,10.115017370536247,0.98,0.0115,0.6777212202324411,0.255,0.819107179827683,0.015000000000000013,-0.020000000000000018,0.977,0.014,0.01,0.003,2.7151,0.030150655714262592,0.2105964717677795
2026-02-08,0.145,0.845,0.0095,0.0105,-28.1125,10.713448105652073,0.99,0.0105,0.7421083013013844,0.26,0.8267463724926178,0.0050000000000000044,-0.015000000000000013,0.9645,0.0135,0.0125,0.003,2.6872,0.034487317089040286,0.2383093163048688
2026-02-09,0.135,0.845,0.0095,0.0105,-27.6125,10.475559352607382,0.98,0.0105,0.7281671709050669,0.265,0.8341980958607491,0.0050000000000000044,0.0050000000000000044,0.9645,0.013,0.012,0.003,2.6843500000000002,0.035595864665014035,0.2334574493271095
2026-02-10,0.145,0.835,0.0095,0.0095,-27.8875,10.574598389241551,0.98,0.0095,0.7488180161230501,0.245,0.8032566997760641,-0.020000000000000018,0.014999999999999986,0.9775,0.016,0.0065,0.003,2.7119,0.027232238798894127,0.19991243972565914
2026-02-11,0.155,0.825,0.0095,0.0105,-28.1125,10.925879541254334,0.98,0.0105,0.7787038524928173,0.25,0.8112781244591328,0.0050000000000000044,0.010000000000000009,0.9845,0.012,0.003,0.003,2.7094500000000004,0.023419986256400772,0.1490423590956818
2026-02-12,0.075,0.915,0.0065,0.0065,-26.4625,8.079256492323411,0.99,0.0065,0.49198496054121266,0.23,0.7780113035465377,-0.01999999999999999,-0.024999999999999994,0.9505,0.018,0.005,0.003,2.64025,0.06766325466048778,0.23730322874551735
2026-02-13,0.065,0.925,0.0075,0.0065,-26.2125,7.767929220519457,0.99,0.0065,0.46052763757050597,0.225,0.7691928290130138,-0.0050000000000000044,-0.035,0.946,0.038,0.019,0.003,2.7247,0.0400481028264759,0.388823465422544
2026-02-14,0.055,0.925,0.0065,0.0065,-25.7125,7.343494750883261,0.9800000000000001,0.0065,0.428631955341363,0.225,0.7691928290130138,0.0,-0.04000000000000001,0.305,0.4,0.425,0.4,4.3759999999999994,1.8797588355956723,2.104691458630235
2026-02-15,0.065,0.925,0.0055,0.0105,-26.1125,8.33162767336011,0.99,0.0105,0.47066753693312896,0.23,0.7780113035465377,0.0050000000000000044,-0.014999999999999986,0.055,0.12,0.225,0.3,2.037,0.7347246422980517,1.602500968373985
2026-02-16,0.065,0.925,0.0055,0.0075,-26.1875,7.847591937578685,0.99,0.0075,0.4545878375512558,0.23,0.7780113035465377,0.0,-0.01999999999999999,0.03,0.12,0.17,0.31,1.8399999999999999,0.8607717467482308,1.477215485217414
2026-02-17,0.065,0.925,0.0055,0.0065,-26.2125,7.678966991887646,0.99,0.0065,0.4488708745657405,0.22,0.7601675029619657,-0.010000000000000009,-0.010000000000000009,0.0395,0.115,0.175,0.325,1.9111500000000001,0.8196791378803353,1.5100170042564394
2026-02-18,0.065,0.925,0.0055,0.0075,-26.1875,7.847591937578685,0.99,0.0075,0.4545878375512558,0.23,0.7780113035465377,0.010000000000000009,0.0050000000000000044,0.0395,0.105,0.175,0.32,1.86815,0.8454473331844804,1.4916449961988527
2026-02-19,0.055,0.925,0.0055,0.0075,-25.6875,7.473012120708089,0.9800000000000001,0.0075,0.4284091183076282,0.24,0.7950402793845223,0.009999999999999981,0.014999999999999986,0.0205,0.07,0.165,0.4,1.92985,0.8237386631989237,1.34120633005473
2026-02-20,0.0545,0.926,0.0065,0.0075,-25.687500000000004,7.497378317827172,0.9805,0.0075,0.4316437648621432,0.22,0.7601675029619657,-0.01999999999999999,-0.010000000000000009,0.0155,0.04,0.16,0.405,1.83285,0.8848653459771436,1.230073357246701
2026-02-21,0.0445,0.9395,0.0065,0.0065,-25.55,6.909348196465423,0.984,0.0065,0.37884456213511974,0.235,0.7866261099706012,0.014999999999999986,0.004999999999999977,0.021,0.035,0.165,0.405,1.8482,0.8756548339614189,1.2433540957788243
2026-02-22,0.033,0.955,0.0055,0.0075,-25.3375,6.535715925302291,0.988,0.0075,0.32007064824678017,0.22,0.7601675029619657,-0.014999999999999986,0.0,0.025,0.063,0.165,0.375,1.8474,0.8696777364518423,1.343874280973652
2026-02-23,0.0295,0.9575,0.0055,0.0075,-25.225,6.369801802254133,0.987,0.0075,0.3041720532885478,0.225,0.7691928290130138,0.0050000000000000044,-0.0050000000000000044,0.0115,0.0115,0.165,0.375,1.66675,0.9718946222134888,1.107721417406168
2026-02-24,0.0265,0.9575,0.0065,0.0075,-25.075,6.273903390234822,0.984,0.0075,0.2989625783640612,0.215,0.7509319796338465,-0.010000000000000009,-0.024999999999999994,0.032,0.025,0.165,0.39,1.8049,0.8973808300381729,1.2506615897559215
2026-02-25,0.0215,0.962,0.0065,0.0065,-24.9625,5.809918358129053,0.9834999999999999,0.0065,0.26731648451706014,0.225,0.7691928290130138,0.010000000000000009,0.0050000000000000044,0.0215,0.035,0.155,0.425,1.88055,0.8589007332289629,1.2299222283650906
2026-02-26,0.0175,0.9695,0.0055,0.0055,-24.975,5.30347751480102,0.987,0.0055,0.2280328885716804,0.21,0.7414827399312737,-0.015000000000000013,-0.024999999999999994,0.0115,0.0085,0.13,0.43,1.72185,0.9506867307636095,1.03875974744156
2026-02-27,0.0175,0.9735,0.0045,0.0055,-25.075000000000003,5.243865999908846,0.991,0.0055,0.21622539599200974,0.22,0.7601675029619657,0.010000000000000009,0.0,0.0115,0.0225,0.14,0.43,1.79005,0.9134886493602425,1.1179235030780639
2026-02-28,0.0185,0.9735,0.0035,0.0045,-25.150000000000002,4.997749493522059,0.992,0.0045,0.20784830891505252,0.225,0.7691928290130138,0.0050000000000000044,0.0,0.009,0.0125,0.13,0.41,1.6663000000000001,0.9761324909739455,1.050215691961665
2026-03-02,0.027,0.9635,0.0035,0.0055,-25.300000000000004,5.719698855709101,0.9905,0.0055,0.2622190987907083,0.225,0.7691928290130138,0.0,0.010000000000000009,0.0185,0.024,0.11,0.38,1.5761500000000002,1.0111824034175287,1.1163714446476454
2026-03-03,0.019,0.9665,0.0045,0.0055,-24.975,5.3331507748703295,0.9855,0.0055,0.2325171423995246,0.22,0.7601675029619657,-0.0050000000000000044,-0.0050000000000000044,0.0075,0.0085,0.125,0.395,1.59155,1.0095578372436123,1.0157372343679623
2026-03-04,0.0185,0.9715,0.0065,0.0045,-25.1,5.183629037653061,0.99,0.0045,0.22932347571204378,0.23,0.7780113035465377,0.010000000000000009,0.020000000000000018,0.01,0.0145,0.115,0.455,1.7661,0.9299580664443962,1.0307435515306276
2026-03-05,0.0085,0.9845,0.0045,0.0035,-24.950000000000003,4.107310859917959,0.993,0.0035,0.14428916879734957,0.235,0.7866261099706012,0.004999999999999977,0.014999999999999986,0.009,0.0155,0.1,0.44,1.6777,0.9734786850285938,1.0076819679394482
2026-03-06,0.0065,0.9895,0.0025,0.0025,-25.0,3.4460121880225554,0.996,0.0025,0.10551251017588197,0.24,0.7950402793845223,0.0050000000000000044,0.014999999999999986,0.011,0.0165,0.09,0.445,1.6719,0.9763599160273838,1.0017412516734052
2026-03-07,0.014,0.9835,0.0025,0.0015,-25.25,3.7441746420272652,0.9975,0.0015,0.14550587641103907,0.32,0.9043814577244939,0.08000000000000002,0.095,0.009,0.0155,0.095,0.405,1.5582,1.0240043102350693,1.0050780770921923
2026-03-08,0.011,0.9835,0.0025,0.0025,-25.075000000000003,3.8314484451053232,0.9945,0.0025,0.1383961524593744,0.315,0.8988610370442902,-0.0050000000000000044,0.095,0.0065,0.0195,0.075,0.43,1.57965,1.017559793843831,0.9618289266091782
2026-03-09,0.0125,0.9835,0.0025,0.0025,-25.150000000000002,3.9509521004436388,0.996,0.0025,0.14585037431919376,0.365,0.9467554496831931,0.04999999999999999,0.13499999999999998,0.013,0.015,0.07,0.415,1.5251,1.0379846218176838,0.9674469281883119
2026-03-10,0.0085,0.9865,0.0035,0.0025,-25.025000000000002,3.7081836018460574,0.995,0.0025,0.12797419735791055,0.285,0.8621745299412247,-0.08000000000000002,0.04999999999999999,0.0065,0.0125,0.065,0.435,1.54605,1.0329783336050664,0.904967933382473
2026-03-11,0.0065,0.9885,0.0025,0.0025,-24.975,3.445921502298043,0.995,0.0025,0.10693924758141103,0.285,0.8621745299412247,0.0,0.044999999999999984,0.0165,0.0115,0.135,0.455,1.83325,0.8922789432823124,1.0787072723910809
2026-03-12,0.0045,0.9925,0.0015,0.0015,-25.0,2.7386127875258306,0.997,0.0015,0.07400336731334037,0.295,0.875092786771832,0.010000000000000009,-0.025000000000000022,0.006,0.0065,0.0065,0.0065,0.07275,0.4443138928097455,0.185959149750805
2026-03-14,0.0025,0.9945,0.0015,0.0015,-24.95,2.4994999499899975,0.997,0.0015,0.05766506767354676,0.335,0.9199534913630798,0.040000000000000036,0.020000000000000018,0.0025,0.005,0.0055,0.0045,0.050199999999999995,0.37307374699916906,0.13619522786093577
2026-03-15,0.0025,0.9965,0.0015,0.0005,-25.025000000000002,1.9366532020472846,0.999,0.0005,0.04620435110132762,0.345,0.9295231861792264,0.009999999999999953,-0.020000000000000018,0.0025,0.0065,0.0055,0.005,0.0559,0.39274841030232066,0.14833860076883323
2026-03-16,0.0035,0.9955,0.0055,0.0005,-25.050000000000004,2.6239307346040976,0.999,0.0005,0.0817998330109303,0.315,0.8988610370442902,-0.02999999999999997,0.030000000000000027,0.0025,0.0065,0.0025,0.0025,0.0397,0.33102852635384766,0.1120536611056969
2026-03-17,0.0035,0.9945,0.0005,0.0005,-25.025000000000002,1.9360073282402628,0.998,0.0005,0.04743324890106494,0.305,0.8873172562752066,-0.010000000000000009,0.020000000000000018,0.003,0.004,0.0025,0.0025,0.03405,0.3073273626444609,0.10022488343934476
2026-03-18,0.0045,0.9945,0.0005,0.0005,-25.075000000000003,2.090305001668417,0.999,0.0005,0.05396011290643823,0.305,0.8873172562752066,0.0,0.010000000000000009,0.0035,0.004,0.0035,0.006,0.0488,0.3682222215999464,0.13325707338052534
2026-03-19,0.0345,0.945,0.0115,0.0105,-25.087500000000002,7.416125520403158,0.9794999999999999,0.0105,0.3878074313389297,0.31,0.8931734583778568,0.0050000000000000044,-0.025000000000000022,0.004,0.003,0.0035,0.004,0.04135,0.33870362771344803,0.11742324239823518
2026-03-20,0.021,0.955,0.02,0.0065,-24.7625,6.464444853630124,0.976,0.0065,0.34058279803815295,0.335,0.9199534913630798,0.025000000000000022,-0.009999999999999953,0.0055,0.0035,0.0035,0.0035,0.0453,0.352701932855492,0.12694844797048344
2026-03-21,0.015,0.9455,0.035,0.0055,-24.25,6.663374708058973,0.9605,0.0055,0.3778901663805429,0.345,0.9295231861792264,0.009999999999999953,0.02999999999999997,0.0045,0.0035,0.003,0.0035,0.04115,0.33706513936663635,0.11733283766454317
2026-03-22,0.0125,0.948,0.0355,0.0055,-24.1875,6.559717713772065,0.9604999999999999,0.0055,0.3643132621164252,0.345,0.9295231861792264,0.0,0.03999999999999998,0.005,0.0025,0.0025,0.0025,0.035250000000000004,0.31161740489139883,0.10304820237218405
2026-03-23,0.0125,0.9425,0.0415,0.0045,-24.075,6.640706334796021,0.955,0.0045,0.3851443159801222,0.36,0.9426831892554922,0.015000000000000013,0.05499999999999999,0.003,0.003,0.0015,0.0025,0.02835,0.28090139235147976,0.08596580385399379
2026-03-24,0.0125,0.9485,0.035,0.0045,-24.224999999999998,6.349629935082831,0.961,0.0045,0.35573489703688516,0.335,0.9199534913630798,-0.024999999999999967,0.025000000000000022,0.0035,0.0045,0.003,0.0045,0.04425,0.35019883633266113,0.12385970166991644
2026-03-25,0.0125,0.9485,0.034,0.0045,-24.224999999999998,6.303249137349721,0.961,0.0045,0.35232028174278535,0.345,0.9295231861792264,0.009999999999999953,0.009999999999999953,0.003,0.003,0.002,0.003,0.0313,0.29540040045673605,0.09335896462479255
2026-03-26,0.0125,0.9545,0.03,0.0045,-24.375,6.113557551663352,0.967,0.0045,0.32999835406509165,0.345,0.9295231861792264,0.0,0.0,0.0035,0.003,0.003,0.0025,0.03405,0.3073436315103991,0.10044907394719808
2026-03-27,0.0105,0.9595,0.0255,0.0045,-24.4,5.778408085277467,0.97,0.0045,0.2963130761466792,0.355,0.9384543826025636,0.010000000000000009,0.010000000000000009,0.0025,0.0025,0.0015,0.0025,0.025599999999999998,0.26764748876086997,0.07890015409922184
2026-03-28,0.0105,0.966,0.0205,0.0045,-24.562499999999996,5.5137163836540415,0.9764999999999999,0.0045,0.2672796695933852,0.36,0.9426831892554922,0.0050000000000000044,0.0,0.0025,0.002,0.0015,0.0025,0.0242,0.26048742376552464,0.0752220821941092
2026-03-29,0.0105,0.966,0.0175,0.0045,-24.562499999999996,5.347066405107103,0.9764999999999999,0.0045,0.25444968003753277,0.355,0.9384543826025636,-0.0050000000000000044,0.019999999999999962,0.006,0.002,0.0015,0.0025,0.03365,0.3037827231262502,0.09789737242331796
2026-04-05,0.0065,0.9835,0.0065,0.0045,-24.8,4.396025477633176,0.99,0.0045,0.15313783832349,0.28,0.8554508105601306,-0.07499999999999996,-0.06499999999999995,0.004,0.0005,0.0015,0.003,0.025550000000000003,0.2671989337974611,0.07655972730871359
2026-04-09,0.0065,0.9805,0.009,0.0035,-24.75,4.287332358238628,0.987,0.0035,0.16479843641325437,0.295,0.875092786771832,0.014999999999999958,-0.04999999999999999,0.003,0.0005,0.003,0.0015,0.0227,0.25197924978061187,0.06983905552188803
2026-04-12,0.0075,0.9835,0.0065,0.0035,-24.875000000000004,4.18068662123819,0.991,0.0035,0.152327937303632,0.245,0.8032566997760641,-0.04999999999999999,-0.10999999999999999,0.0115,0.475,0.002,0.357,2.43785,0.41991841746195163,1.1326708369000529
2026-04-18,0.0035,0.9835,0.0035,0.0015,-24.725,2.856356070240543,0.987,0.0015,0.09478723039837088,0.25,0.8112781244591328,0.0050000000000000044,-0.10999999999999999,0.0115,0.0185,0.0835,0.182,0.871,1.1296045394296181,0.9270354734211095
2026-04-22,0.0025,0.9935,0.0025,0.0015,-24.925,2.6209492555179317,0.996,0.0015,0.06663748820902116,0.265,0.8341980958607491,0.015000000000000013,-0.08999999999999997,0.01,0.0275,0.065,0.1675,0.795,1.1176970743452808,0.8971082806458022
2026-04-23,0.0035,0.9935,0.0025,0.0015,-24.975,2.7382705536524328,0.997,0.0015,0.07358235050370003,0.26,0.8267463724926178,-0.0050000000000000044,-0.020000000000000018,0.0155,0.0245,0.0285,0.1995,0.7916000000000001,1.1202392021706793,0.834513524117567
2026-04-24,0.0025,0.9945,0.0025,0.0015,-24.95,2.621068961320934,0.997,0.0015,0.06520347547207217,0.27,0.8414646362081757,0.010000000000000009,-0.024999999999999967,0.0165,0.022,0.0465,0.172,0.757,1.1104078498461725,0.861478140053437
2026-04-25,0.0025,0.9945,0.0025,0.0015,-24.95,2.621068961320934,0.997,0.0015,0.06520347547207217,0.26,0.8267463724926178,-0.010000000000000009,0.015000000000000013,0.016,0.0235,0.0435,0.1725,0.7526499999999999,1.1094985857353534,0.8567039394850149
2026-04-26,0.0015,0.9965,0.0015,0.0005,-24.975,1.7675901674313537,0.998,0.0005,0.0386659433028022,0.255,0.819107179827683,-0.0050000000000000044,0.0050000000000000044,0.016,0.019,0.031,0.1595,0.6648000000000001,1.0851514564889087,0.7818663359183827
2026-04-27,0.0005,0.9985,0.0005,0.0005,-24.975,1.369078157009307,0.999,0.0005,0.01861109514428035,0.255,0.819107179827683,0.0,-0.010000000000000009,0.0095,0.018,0.031,0.165,0.6609499999999999,1.086283694855423,0.752415575245748
2026-04-28,0.0005,0.9985,0.0005,0.0005,-24.975,1.369078157009307,0.999,0.0005,0.01861109514428035,0.255,0.819107179827683,0.0,-0.0050000000000000044,0.0075,0.0115,0.0135,0.1085,0.4171,0.9547016758181583,0.5585336521762019
2026-04-29,0.0005,0.9975,0.0015,0.0005,-24.95,1.580348062927911,0.998,0.0005,0.02863924237907137,0.255,0.819107179827683,0.0,-0.015000000000000013,0.0055,0.0095,0.0135,0.0485,0.22610000000000002,0.7525316692139938,0.400696450513479
2026-04-30,0.0335,0.945,0.0165,0.0075,-25.1125,7.071169485355658,0.9784999999999999,0.0075,0.39190943449945753,0.255,0.819107179827683,0.0,-0.0050000000000000044,0.008,0.0115,0.01,0.12,0.44279999999999997,0.9745506965160919,0.5633176356404305
2026-05-01,0.0345,0.955,0.0115,0.0055,-25.462500000000002,6.5144298784026375,0.9894999999999999,0.0055,0.346384090964812,0.245,0.8032566997760641,-0.010000000000000009,-0.010000000000000009,0.004,0.0125,0.012,0.1015,0.3851,0.9296532909101113,0.522452609030938
2026-05-02,0.0405,0.955,0.0075,0.0045,-25.787499999999998,6.397640769992873,0.9954999999999999,0.0045,0.33881153831510014,0.235,0.7866261099706012,-0.010000000000000009,-0.020000000000000018,0.0055,0.015,0.013,0.104,0.40654999999999997,0.9461424808630833,0.5532136592818963
2026-05-03,0.0385,0.955,0.0075,0.0045,-25.6875,6.302301631894097,0.9934999999999999,0.0045,0.33237261304584953,0.235,0.7866261099706012,0.0,-0.020000000000000018,0.005,0.017,0.014,0.0975,0.3942,0.9353757378401473,0.5518180187273025
2026-05-04,0.0365,0.955,0.0115,0.0045,-25.5875,6.413091682010713,0.9914999999999999,0.0045,0.346927584005215,0.24,0.7950402793845223,0.0050000000000000044,-0.015000000000000013,0.0055,0.013,0.011,0.0805,0.32465,0.8716785493947868,0.4869111245812533
2026-05-05,0.024,0.955,0.0105,0.0045,-24.9625,5.729078050829819,0.979,0.0045,0.2966806220995684,0.245,0.8032566997760641,0.0050000000000000044,-0.010000000000000009,0.0055,0.007,0.004,0.074,0.26804999999999995,0.810811872524231,0.40122557034846823
2026-05-06,0.0285,0.955,0.0085,0.0055,-25.1625,6.068625481472308,0.9834999999999999,0.0055,0.3094762891020327,0.245,0.8032566997760641,0.0,0.0,0.0065,0.006,0.009,0.0665,0.25995,0.7996333579960255,0.4127207769042097
2026-05-07,0.0325,0.955,0.0095,0.0065,-25.3375,6.515025320125394,0.9874999999999999,0.0065,0.3351435447977774,0.225,0.7691928290130138,-0.01999999999999999,-0.009999999999999981,0.005,0.0065,0.0095,0.0475,0.20175,0.7184615750207174,0.358070272083565
2026-05-08,0.0295,0.955,0.01,0.0075,-25.1625,6.5899466281981365,0.9844999999999999,0.0075,0.3327710614677284,0.215,0.7509319796338465,-0.010000000000000009,-0.01999999999999999,0.0055,0.006,0.005,0.0405,0.16765,0.6626266118882489,0.3111394897276428
2026-05-09,0.0165,0.9705,0.0055,0.0055,-24.95,5.244282124371266,0.987,0.0055,0.22219830248472744,0.225,0.7691928290130138,0.010000000000000009,-0.014999999999999986,0.0025,0.0055,0.009,0.033,0.14725,0.6259025508216115,0.28646318914157104
2026-05-10,0.0155,0.9745,0.0065,0.0045,-25.025,5.000062562108598,0.99,0.0045,0.21180134877253123,0.225,0.7691928290130138,0.0,-0.01999999999999999,0.0025,0.0055,0.0055,0.035,0.1431,0.6185773549726824,0.27345706417080873
2026-05-11,0.0205,0.9695,0.0055,0.0045,-25.15,5.241898511035863,0.99,0.0045,0.23465930523888545,0.225,0.7691928290130138,0.0,-0.01999999999999999,0.0015,0.0045,0.0045,0.037,0.1407,0.615148236829953,0.26021821022911545
2026-05-12,0.0215,0.9665,0.0075,0.0045,-25.125,5.4184292004233106,0.988,0.0045,0.25463429664527826,0.22,0.7601675029619657,-0.0050000000000000044,-0.0050000000000000044,0.0015,0.0025,0.0025,0.0245,0.0918,0.5054372012822166,0.18839183741818355
2026-05-13,0.0145,0.9755,0.0065,0.0045,-25.0,4.937104414532874,0.99,0.0045,0.20577871376788656,0.225,0.7691928290130138,0.0050000000000000044,0.010000000000000009,0.025,0.0255,0.155,0.15,1.0384,1.1236091340319372,1.0954709758408416
2026-05-14,0.0135,0.9755,0.0085,0.0045,-24.95,4.999250443816553,0.989,0.0045,0.21230366521998084,0.225,0.7691928290130138,0.0,0.0,0.007,0.009,0.02,0.012,0.1381,0.6004683316212437,0.300718724289995
2026-05-15,0.0145,0.9755,0.0075,0.0045,-25.0,5.0,0.99,0.0045,0.21149567675340186,0.23,0.7780113035465377,0.0050000000000000044,0.0050000000000000044,0.02,0.0085,0.0165,0.0045,0.13915,0.5949268944700266,0.3041271605664933
2026-05-16,0.0085,0.9805,0.0065,0.0045,-24.825,4.538102577068967,0.989,0.0045,0.16862829913864955,0.235,0.7866261099706012,0.004999999999999977,0.009999999999999981,0.02,0.0085,0.0225,0.005,0.15805000000000002,0.6309550411400165,0.33272558875084723
2026-05-17,0.0065,0.9805,0.0065,0.0065,-24.674999999999997,4.926395741310273,0.987,0.0065,0.16953067945993364,0.235,0.7866261099706012,0.0,0.014999999999999986,0.0045,0.0045,0.0055,0.0045,0.0542,0.38603177998708865,0.1465290399866033
2026-05-18,0.0105,0.9795,0.0065,0.0055,-24.875,4.934258429592029,0.99,0.0055,0.18680109044071053,0.245,0.8032566997760641,0.010000000000000009,0.01999999999999999,0.004,0.0035,0.0035,0.004,0.042749999999999996,0.3441036013143426,0.12083527981552808
2026-05-19,0.0075,0.9795,0.0075,0.0045,-24.75,4.535960482632096,0.987,0.0045,0.17023478115570528,0.245,0.8032566997760641,0.0,0.01999999999999999,0.004,0.0025,0.0035,0.0025,0.035449999999999995,0.31336449030043273,0.10363692085663767
2026-05-20,0.0085,0.9795,0.0075,0.0055,-24.775000000000002,4.867049992038298,0.988,0.0055,0.18196238364545075,0.245,0.8032566997760641,0.0,0.014999999999999986,0.0025,0.0025,0.003,0.003,0.03145,0.29679567909169435,0.09350421165251921
2026-05-21,0.0105,0.9775,0.0085,0.0045,-24.849999999999998,4.805728092599497,0.988,0.0045,0.19466118723012027,0.225,0.7691928290130138,-0.01999999999999999,-0.009999999999999981,0.0025,0.0015,0.009,0.0035,0.04755,0.36426679994373623,0.12539810946844188
2026-05-22,0.0085,0.9775,0.0105,0.0045,-24.75,4.801048062662985,0.986,0.0045,0.19466118723012027,0.205,0.731816079376955,-0.020000000000000018,-0.03,0.002,0.0015,0.0085,0.003,0.043250000000000004,0.348011398430425,0.11561099886605823
2026-05-23,0.0105,0.9735,0.0085,0.0055,-24.725,5.057343546764447,0.984,0.0055,0.20649239135124595,0.215,0.7509319796338465,0.010000000000000009,-0.03,0.0015,0.0015,0.006,0.003,0.03465,0.3126790086814272,0.09756986140729118
2026-05-24,0.0115,0.9725,0.0105,0.0055,-24.75,5.238081709939241,0.984,0.0055,0.2235154225487177,0.245,0.8032566997760641,0.03,0.0,0.0015,0.0015,0.0045,0.0015,0.0258,0.2696566534688139,0.07729506480222317
2026-05-25,0.0115,0.9735,0.0075,0.0065,-24.75,5.2985788188909675,0.985,0.0065,0.2119723164985814,0.215,0.7509319796338465,-0.03,-0.03,0.0005,0.0005,0.005,0.0015,0.02175,0.2493439852267345,0.0632562979094471
2026-05-26,0.0135,0.9745,0.0065,0.0045,-24.925,4.873204220530882,0.988,0.0045,0.2024688417349968,0.225,0.7691928290130138,0.010000000000000009,0.0,0.0005,0.0005,0.006,0.0015,0.02465,0.2651696057078375,0.06932194766421906
2026-05-27,0.0165,0.9725,0.0065,0.0055,-25.0,5.303300858899107,0.989,0.0055,0.22533614112988085,0.215,0.7509319796338465,-0.010000000000000009,0.010000000000000009,0.0005,0.0005,0.006,0.0015,0.02465,0.2651696057078375,0.06932194766421906
2026-05-28,0.0135,0.9745,0.0065,0.0055,-24.900000000000002,5.122499389946279,0.988,0.0055,0.20867241462364416,0.185,0.6908938714350409,-0.03,-0.03,0.0005,0.0005,0.007,0.0015,0.027549999999999998,0.2800432208137701,0.07514602249880487
2026-05-29,0.0105,0.9755,0.0055,0.0055,-24.775,4.871649938675808,0.986,0.0055,0.18650074098880826,0.215,0.7509319796338465,0.03,-0.03,0.0005,0.0005,0.006,0.0015,0.02465,0.2651696057078375,0.06932194766421906
2026-05-30,0.0105,0.9775,0.0055,0.0055,-24.825,4.871149184227476,0.988,0.0055,0.1836839675129041,0.185,0.6908938714350409,-0.03,-0.03,0.0005,0.0005,0.006,0.0015,0.02465,0.2651696057078375,0.06932194766421906
2026-05-31,0.0105,0.9805,0.0055,0.0055,-24.9,4.871346836348239,0.991,0.0055,0.17944774178882184,0.19,0.7014714598838974,0.0050000000000000044,-0.035,0.0005,0.0005,0.0075,0.0015,0.028999999999999998,0.2871696536892434,0.07797871962847525
2026-06-01,0.0095,0.9815,0.0055,0.0055,-24.875000000000004,4.805924078676233,0.991,0.0055,0.17283095904563994,0.21,0.7414827399312737,0.01999999999999999,-0.0050000000000000044,0.0005,0.0005,0.007,0.0015,0.027549999999999998,0.2800432208137701,0.07514602249880487
2026-06-02,0.0085,0.9825,0.0055,0.0045,-24.875,4.469691334421204,0.991,0.0045,0.1598569891912113,0.215,0.7509319796338465,0.0050000000000000044,0.03,0.0005,0.0005,0.0055,0.0015,0.0232,0.25738653018369084,0.06632195662370982
2026-06-03,0.0095,0.9815,0.0055,0.0055,-24.875000000000004,4.805924078676233,0.991,0.0055,0.17283095904563994,0.21,0.7414827399312737,-0.0050000000000000044,-0.0050000000000000044,0.0005,0.0005,0.0035,0.0015,0.0174,0.22337478944589967,0.05359151972968918
2026-06-04,0.0075,0.9825,0.0055,0.0045,-24.825,4.398224073418724,0.99,0.0045,0.1543329595901132,0.205,0.731816079376955,-0.0050000000000000044,0.01999999999999999,0.0005,0.0005,0.002,0.0015,0.013049999999999999,0.193765738357559,0.04296858552989766
2026-06-05,0.0085,0.9825,0.0035,0.0045,-24.875,4.329042547145962,0.991,0.0045,0.14712655229719065,0.175,0.6690158350565576,-0.03,-0.015000000000000013,0.0005,0.0005,0.001,0.0015,0.01015,0.17108277405615682,0.035002801245235575
2026-06-06,0.0065,0.9865,0.0035,0.0025,-24.925,3.5352679353904706,0.993,0.0025,0.11673320477129714,0.185,0.6908938714350409,0.010000000000000009,-0.024999999999999994,0.0005,0.0005,0.0015,0.0015,0.0116,0.18278790507033008,0.03910824963648488
2026-06-07,0.0045,0.991,0.0035,0.0025,-24.9375,3.3528215146910223,0.9954999999999999,0.0025,0.09817116015635997,0.195,0.7118146702143197,0.010000000000000009,-0.01999999999999999,0.0005,0.0005,0.0015,0.0015,0.0116,0.18278790507033008,0.03910824963648488
2026-06-08,0.0055,0.9915,0.0025,0.0015,-25.025,2.9581456395857186,0.997,0.0015,0.08917645500604113,0.185,0.6908938714350409,-0.010000000000000009,-0.024999999999999994,0.0015,0.0005,0.0015,0.0015,0.0143,0.2014002046920509,0.04769659017006524
2026-06-09,0.0045,0.9905,0.0025,0.0015,-24.950000000000003,2.8504381242188015,0.995,0.0015,0.08440253405959804,0.175,0.6690158350565576,-0.010000000000000009,-0.03,0.0005,0.0005,0.0015,0.0015,0.0116,0.18278790507033008,0.03910824963648488
2026-06-10,0.0035,0.9905,0.0055,0.0015,-24.900000000000002,3.0594133424563608,0.994,0.0015,0.09755096924292428,0.175,0.6690158350565576,0.0,0.0,0.0005,0.0005,0.0015,0.0015,0.0116,0.18278790507033008,0.03910824963648488
2026-06-11,0.0025,0.9935,0.0035,0.0015,-24.925,2.736901646935819,0.996,0.0015,0.07358235050370003,0.195,0.7118146702143197,0.020000000000000018,0.010000000000000009,0.05,0.07,0.08,0.15,1.013,1.1148637360682248,1.1867048277914756
2026-06-12,0.0025,0.9925,0.0035,0.0005,-24.925,2.2356474174162617,0.995,0.0005,0.06642657057291214,0.175,0.6690158350565576,-0.020000000000000018,-0.020000000000000018,0.0005,0.0005,0.1545,0.365,1.5457999999999998,1.0279339675387715,0.9579599637302969
2026-06-13,0.004,0.9925,0.0025,0.0025,-24.95,3.2103354575495695,0.9965,0.0025,0.08586195327455055,0.185,0.6908938714350409,0.010000000000000009,0.0,0.0045,0.086,0.3345,0.355,2.2880000000000003,0.5732000697836661,1.3983726365018125
2026-06-14,0.003,0.9955,0.0025,0.0015,-25.0,2.680951323690902,0.9985,0.0015,0.06730083693851822,0.175,0.6690158350565576,-0.010000000000000009,0.0,0.007,0.1405,0.393,0.325,2.527,0.3715783221610215,1.5044262434693203
2026-06-15,0.0025,0.9955,0.0015,0.0015,-24.975,2.4996250968895315,0.998,0.0015,0.056229604262606835,0.155,0.6222126380063133,-0.01999999999999999,-0.01999999999999999,0.006,0.137,0.3025,0.35,2.32705,0.537850099320201,1.4890779609584641
2026-06-16,0.0045,0.9945,0.0015,0.0015,-25.05,2.7390700976791376,0.999,0.0015,0.07113679397359893,0.155,0.6222126380063133,0.0,-0.04000000000000001,0.0125,0.2805,0.3845,0.235,2.6392,0.25306699508232966,1.6146226990171066
2026-06-17,0.0025,0.9955,0.0015,0.0005,-25.000000000000004,1.9364916731037085,0.998,0.0005,0.04764126372902648,0.145,0.597185045253784,-0.010000000000000009,-0.03,0.011,0.3655,0.4025,0.145,2.65535,0.22132379490240087,1.53470657521668
