Date,Close_S&P500,Log_Return_S&P500,Close_WTI,Log_Return_WTI,Close_OVX,Close_VIX,VIX_lag1,VIX_lag5,VIX_lag22,OVX_VIX_spread,VIX_MA5,VIX_MA10,VIX_MA20,RSI_14d,Close_DXY,Log_Return_DXY,Close_Tbill_3m,Close_Tyield_10y,Yield_curve,Credit_Spread,Log_difference_initial_claims,Close_Gold,Log_Return_Gold,Weekday,cut_50,cut_25,hold,hike_25,expected_rate_change_fomc,rate_uncertainty_fomc,probability_cut_fomc,probability_hike_fomc,entropy_fomc,us_recession,entropy_us_recession,change_1d_us_recession,change_5d_us_recession,cpi_max_2_7,cpi_2_8,cpi_2_9,cpi_min_3_0,expected_cpi,uncertainty_cpi,entropy_cpi
21/01/2025,6049.240234,0.008730009,75.88999939,-0.02588423,35.09999847,15.06000042,15.97000027,19.19000053,14.68999958,20.03999805,16.4920002,17.27500038,17.28700023,56.28973095,108.0599976,-0.011867127,4.21,4.57,0.36,1.46,0.018100042,2755,0.003891391,1,0.0025,0.0105,0.985,0.0025,-0.325,3.777489618,0.013,0.0025,0.133717988,0.255,0.108295356,-0.01,0.04,0.0135,0.08,0.38,0.57,3.07245,0.148673397,1.368059219
22/01/2025,6086.370117,0.006119181,75.44000244,-0.005947245,34.68000031,15.10000038,15.06000042,18.70999908,15.86999989,19.57999992,15.77000046,17.18100033,16.83750024,65.04097586,108.1699982,0.001017441,4.21,4.6,0.39,1.43,0.018100042,2767.600098,0.004563111,2,0.0025,0.018,0.9775,0.0025,-0.5125,4.335893804,0.0205,0.0025,0.179637434,0.235,0.090820062,-0.02,-0.01,0.0145,0.0285,0.285,0.65,2.89545,0.089019223,1.154943439
23/01/2025,6118.709961,0.005299419,74.62000275,-0.010929066,34.18000031,15.02000046,15.10000038,16.12000084,27.62000084,19.15999985,15.55000038,16.9010004,16.67050023,69.64206251,108.0500031,-0.001109936,4.21,4.65,0.44,1.43,0.018100042,2763.100098,-0.001627281,3,0.0005,0.009,0.988,0.0015,-0.2125,2.786987369,0.0095,0.0015,0.097924907,0.255,0.108295356,0.02,0.01,0.008,0.007,0.25,0.74,2.9862,0.053819255,0.92729337
24/01/2025,6101.240234,-0.002859216,74.66000366,0.000535918,29.97999954,14.85000038,15.02000046,16.60000038,24.09000015,15.12999916,15.20000038,16.61600037,16.57400022,69.13916913,107.4400024,-0.005661536,4.21,4.63,0.42,1.43,0.018100042,2777.300049,0.005125977,4,0.0015,0.0105,0.9885,0.0015,-0.3,3.340685558,0.012,0.0015,0.113659094,0.255,0.108295356,0,0.01,0.0085,0.0115,0.25,0.73,2.97015,0.053235115,0.96399438
27/01/2025,6012.279785,-0.014688059,73.16999817,-0.020159047,35.97999954,17.89999962,14.85000038,15.97000027,18.36000061,18.07999992,15.58600025,16.45200024,16.75550017,55.60331786,107.3399963,-0.000931242,4.21,4.53,0.32,1.45,-0.050585497,2737.5,-0.014434155,0,0.0015,0.0195,0.979,0.0015,-0.525,4.074283794,0.021,0.0015,0.168886147,0.245,0.099335605,-0.01,0.01,0.0125,0.027,0.22,0.745,2.98235,0.060152551,1.016684034
28/01/2025,6067.700195,0.009175644,73.76999664,0.008166624,31.95000076,16.40999985,17.89999962,15.06000042,16.78000069,15.54000092,15.85600014,16.17400017,16.83950019,57.15171909,107.8700027,0.004925491,4.21,4.55,0.34,1.45,-0.050585497,2766.800049,0.01064634,1,0.0015,0.019,0.9795,0.0015,-0.5125,4.03735529,0.0205,0.0015,0.166051753,0.245,0.099335605,0,-0.01,0.018,0.0195,0.175,0.775,2.9357,0.069183299,0.940135356
29/01/2025,6039.310059,-0.004689876,72.62000275,-0.015711696,33.02000046,16.55999947,16.40999985,15.10000038,14.27000046,16.46000099,16.14799995,15.95900021,16.87000017,60.72298376,108,0.001204403,4.21,4.55,0.34,1.45,-0.050585497,2769.100098,0.000830958,2,0.0015,0.0125,0.9855,0.0015,-0.35,3.518184546,0.014,0.0015,0.127933243,0.245,0.099335605,0,-0.01,0.023,0.0245,0.19,0.765,2.9767,0.063710025,1.007147171
30/01/2025,6071.169922,0.005261548,72.73000336,0.001513597,31.04999924,15.84000015,16.55999947,15.02000046,14.72999954,15.20999908,16.31199989,15.93100014,16.7920002,62.1341694,107.8000031,-0.00185354,4.21,4.52,0.31,1.45,-0.050585497,2823,0.019277756,3,0.0215,0.185,0.785,0.013,-5.375,12.19587565,0.2065,0.013,0.925063493,0.245,0.099335605,0,-0.01,0.022,0.024,0.15,0.795,2.9466,0.066681151,0.923948042
31/01/2025,6040.529785,-0.005059604,72.52999878,-0.002753748,29.95999908,16.43000031,15.84000015,14.85000038,15.94999981,13.52999878,16.62799988,15.91400013,16.74600019,68.74192522,108.3700027,0.005273636,4.21,4.58,0.37,1.45,-0.050585497,2812.5,-0.003726382,4,0.014,0.145,0.825,0.0105,-4.0625,10.75141025,0.159,0.0105,0.788156846,0.245,0.099335605,0,-0.01,0.0225,0.022,0.16,0.745,2.82135,0.158456235,0.983712514
03/02/2025,5994.569824,-0.007637691,73.16000366,0.008648621,35.29999924,18.62000084,16.43000031,17.89999962,17.39999962,16.6799984,16.77200012,16.17900019,16.78050022,63.05801576,108.9899979,0.005704792,4.22,4.54,0.32,1.46,0.037041272,2833.899902,0.007580053,0,0.012,0.115,0.865,0.012,-3.175,9.966679362,0.127,0.012,0.692955747,0.23,0.086726019,0,-0.015,0.0075,0.012,0.22,0.705,2.80685,0.168215616,0.96561988
04/02/2025,6037.879883,0.007198907,72.69999695,-0.006307531,33.61999893,17.20999908,18.62000084,16.40999985,17.35000038,16.40999985,16.93199997,16.39400005,16.83450022,65.16209435,107.9599991,-0.009495336,4.22,4.52,0.3,1.46,0.037041272,2853.300049,0.006822416,1,0.012,0.135,0.845,0.0105,-3.7125,10.35322657,0.147,0.0105,0.740917393,0.23,0.086726019,0,-0.015,0.012,0.0295,0.24,0.73,3.001,0.068760537,1.052100104
05/02/2025,6061.47998,0.003901054,71.02999878,-0.023239037,34.25,15.77000046,17.20999908,16.55999947,17.93000031,18.47999954,16.77400017,16.46100006,16.82100019,59.96958012,107.5800018,-0.003526006,4.22,4.43,0.21,1.45,0.037041272,2871.600098,0.006393163,2,0.0095,0.135,0.845,0.0085,-3.6375,10.00897752,0.1445,0.0085,0.717611501,0.225,0.082739652,-0.005,-0.02,0.008,0.0095,0.245,0.75,3.0087,0.064247616,0.927964893
06/02/2025,6083.569824,0.003637674,70.61000061,-0.00593052,36.25,15.5,15.77000046,15.84000015,16.12999916,20.75,16.70600014,16.50900002,16.70500021,62.84813597,107.6900024,0.001021978,4.22,4.45,0.23,1.44,0.037041272,2856,-0.005447355,3,0.0085,0.135,0.845,0.008,-3.6,9.880265179,0.1435,0.008,0.709518136,0.225,0.082739652,0,-0.02,0.011,0.005,0.185,0.77,2.8902,0.098689082,0.850497313
07/02/2025,6025.990234,-0.009509846,71,0.005508091,29.65999985,16.54000092,15.5,16.43000031,16.04000092,13.11999893,16.72800026,16.67800007,16.64700022,52.58492183,108.0400009,0.003244785,4.22,4.49,0.27,1.45,0.037041272,2867.300049,0.003948793,4,0.0095,0.125,0.865,0.0085,-3.3875,9.787959185,0.1345,0.0085,0.678267559,0.225,0.082739652,0,-0.005,0.0145,0.0105,0.195,0.79,3.00405,0.062464082,0.886142673
10/02/2025,6066.439941,0.006690112,72.31999969,0.018420835,32.09000015,15.81000042,16.54000092,18.62000084,17.81999969,16.27999973,16.16600018,16.46900015,16.46050019,51.54896579,108.3199997,0.002588269,4.22,4.51,0.29,1.45,-0.018349139,2914.300049,0.016258833,0,0.0065,0.065,0.925,0.0065,-1.7875,7.599469009,0.0715,0.0065,0.454810675,0.21,0.071415843,-0.005,-0.015,0.015,0.016,0.2,0.755,2.9303,0.070133421,0.956837418
11/02/2025,6068.5,0.000339525,73.31999969,0.013732707,29.76000023,16.02000046,15.81000042,17.20999908,17.70000076,13.73999977,15.92800045,16.43000021,16.30200019,48.28214858,107.9599991,-0.003329027,4.22,4.54,0.32,1.46,-0.018349139,2912.5,-0.000617852,1,0.0095,0.065,0.925,0.0065,-1.9375,8.044011262,0.0745,0.0065,0.471405574,0.21,0.071415843,0,-0.015,0.0075,0.011,0.145,0.8,2.87155,0.116592964,0.786005961
12/02/2025,6051.970215,-0.002727583,71.37000275,-0.026955767,31.79000092,15.89000034,16.02000046,15.77000046,19.54000092,15.90000057,15.95200043,16.3630003,16.16100025,43.38319228,107.9400024,-0.00018524,4.22,4.62,0.4,1.45,-0.018349139,2909,-0.001202439,2,0.0065,0.045,0.935,0.0065,-1.2875,6.838730888,0.0515,0.0065,0.3864356,0.205,0.067849513,-0.005,-0.02,0.004,0.007,0.135,0.855,2.9869,0.041712847,0.665216058
13/02/2025,6115.069824,0.010372313,71.29000092,-0.001121573,31.46999931,15.10000038,15.89000034,15.5,19.19000053,16.36999893,15.8720005,16.28900032,16.11000023,51.25735041,107.3099976,-0.005853721,4.22,4.52,0.3,1.44,-0.018349139,2925.899902,0.005792713,3,0.0065,0.015,0.974,0.0065,-0.5375,5.422100291,0.0215,0.0065,0.222351043,0.215,0.07508562,0.01,0,0.07,0.27,0.455,0.1025,2.572,0.287940341,1.632330818
14/02/2025,6114.629883,-7.19E-05,70.73999786,-0.007744924,28.45999908,14.77000046,15.10000038,16.54000092,18.70999908,13.68999863,15.51800041,16.12300034,16.01850023,61.09055277,106.5699997,-0.006919776,4.22,4.47,0.25,1.46,-0.018349139,2883.600098,-0.014562545,4,0.0055,0.0205,0.9695,0.0065,-0.625,5.498650403,0.026,0.0065,0.246802678,0.215,0.07508562,0,0,0.06,0.21,0.445,0.1205,2.402,0.438230695,1.604045231
18/02/2025,6129.580078,0.002442004,71.84999847,0.015569438,27.46999931,15.35000038,14.77000046,15.81000042,16.12000084,12.11999893,15.4260004,15.79600029,15.98750024,57.34987078,107.0500031,0.004494,4.22,4.55,0.33,1.44,0.031893364,2931.600098,0.016508835,1,0.0045,0.0215,0.9715,0.0045,-0.65,5.203685713,0.026,0.0045,0.229787651,0.215,0.07508562,0,0,0.032,0.195,0.415,0.188,2.3999,0.453422086,1.598667318
19/02/2025,6144.149902,0.002374149,72.25,0.005551736,28.36000061,15.27000046,15.35000038,16.02000046,16.60000038,13.09000015,15.2760004,15.60200043,15.99800024,62.87520088,107.1699982,0.001120298,4.22,4.53,0.31,1.46,0.031893364,2919.399902,-0.0041703,2,0.0045,0.0215,0.963,0.0055,-0.625,5.266139626,0.026,0.0055,0.247845758,0.215,0.07508562,0,0,0.034,0.155,0.435,0.2045,2.4008,0.457788915,1.573426905
20/02/2025,6117.52002,-0.004343605,72.56999969,0.004419282,29.29999924,15.65999985,15.27000046,15.89000034,15.97000027,13.63999939,15.23000031,15.59100037,16.02600021,55.76624724,106.3399963,-0.007774868,4.22,4.5,0.28,1.47,0.031893364,2940,0.007031499,3,0.0045,0.022,0.97,0.005,-0.65,5.263376649,0.0265,0.005,0.237065454,0.215,0.07508562,0,0.005,0.0345,0.24,0.425,0.1235,2.36815,0.466991204,1.559008688
21/02/2025,6013.129883,-0.017211397,70.40000153,-0.030358324,35.79000092,18.20999908,15.65999985,15.10000038,15.06000042,17.58000183,15.85200005,15.86200027,16.18550014,47.11979379,106.6100006,0.002535848,4.22,4.42,0.2,1.49,0.031893364,2937.600098,-0.000816627,4,0.0045,0.019,0.9665,0.0055,-0.5625,5.122955194,0.0235,0.0055,0.232517142,0.215,0.07508562,0,0,0.0325,0.215,0.425,0.154,2.38425,0.460261337,1.577736579
24/02/2025,5983.25,-0.004981494,70.69999695,0.004252245,31.29999924,18.97999954,18.20999908,14.77000046,15.10000038,12.31999969,16.69399986,16.10600014,16.3920001,48.76845616,106.5999985,-9.38E-05,4.22,4.4,0.18,1.48,0.077625162,2947.899902,0.003500065,0,0.0055,0.024,0.9605,0.0045,-0.7625,5.565779012,0.0295,0.0045,0.261351882,0.215,0.07508562,0,0,0.035,0.225,0.425,0.137,2.368,0.469951623,1.571008025
25/02/2025,5955.25,-0.004690715,68.93000031,-0.025354028,32.77000046,19.43000031,18.97999954,15.35000038,15.02000046,13.34000015,17.50999985,16.46800013,16.46850014,40.70045787,106.3099976,-0.002724166,4.22,4.3,0.08,1.5,0.077625162,2904.5,-0.014831761,1,0.0055,0.026,0.9635,0.0055,-0.7875,5.728669464,0.0315,0.0055,0.271154281,0.215,0.07508562,0,0,0.036,0.205,0.425,0.126,2.2817,0.537452224,1.542542574
26/02/2025,5956.060059,0.000136015,68.62000275,-0.004507424,33.36000061,19.10000038,19.43000031,15.27000046,14.85000038,14.26000023,18.27599983,16.77600012,16.60300016,37.49403374,106.4199982,0.001034181,4.22,4.25,0.03,1.51,0.077625162,2916.800049,0.004225883,2,0.0065,0.0325,0.9545,0.0055,-1,6.244917934,0.039,0.0055,0.31329679,0.225,0.082739652,0.01,0.01,0.0355,0.195,0.425,0.114,2.21635,0.585981134,1.512665523
27/02/2025,5861.569824,-0.015991743,70.34999847,0.024898684,31.71999931,21.12999916,19.10000038,15.65999985,17.89999962,10.59000015,19.36999969,17.3,16.83150015,27.52485506,107.2399979,0.007675781,4.22,4.29,0.07,1.52,0.077625162,2883.199951,-0.01158637,3,0.007,0.0315,0.9585,0.0055,-1,6.295037728,0.0385,0.0055,0.307143785,0.225,0.082739652,0,0.01,0.044,0.195,0.435,0.131,2.3193,0.508746277,1.564714392
28/02/2025,5954.5,0.01572978,69.76000214,-0.008421952,29.96999931,19.62999916,21.12999916,18.20999908,16.40999985,10.34000015,19.65399971,17.75299988,17.0210001,43.24581912,107.6100006,0.003444292,4.22,4.24,0.02,1.57,0.077625162,2836.800049,-0.016224098,4,0.006,0.029,0.9525,0.0065,-0.8625,6.036483274,0.035,0.0065,0.30651004,0.225,0.082739652,0,0.01,0.041,0.19,0.43,0.1295,2.2782,0.541062711,1.549620681
03/03/2025,5849.720215,-0.017753403,68.37000275,-0.020126638,38.52000046,22.78000069,19.62999916,18.97999954,16.55999947,15.73999977,20.41399994,18.5539999,17.33850012,31.74406265,106.75,-0.008023934,4.2,4.16,-0.04,1.61,-0.073150882,2890.199951,0.018649013,0,0.0125,0.0465,0.939,0.0045,-1.675,7.767006442,0.059,0.0045,0.40520751,0.265,0.117708719,-0.035,0.04,0.046,0.215,0.445,0.1165,2.3662,0.468169176,1.562275197
04/03/2025,5778.149902,-0.012310288,68.26000214,-0.001610197,37.52000046,23.51000023,22.78000069,19.43000031,15.84000015,14.01000023,21.22999992,19.36999989,17.58300009,28.1056167,105.7399979,-0.009506422,4.2,4.22,0.02,1.61,-0.073150882,2909.600098,0.006689961,1,0.0115,0.06,0.9265,0.0035,-1.9875,8.030770136,0.0715,0.0035,0.448215721,0.33,0.19066311,0.065,0.105,0.0475,0.235,0.44,0.107,2.38325,0.451414224,1.565933199
05/03/2025,5842.629883,0.011097473,66.30999756,-0.028983296,35.04000092,21.93000031,23.51000023,19.10000038,16.43000031,13.11000061,21.79599991,20.03599987,17.81900015,35.27887216,105.7399979,0,4.2,4.28,0.08,1.57,-0.073150882,2915.300049,0.001957099,2,0.0115,0.0455,0.938,0.0035,-1.625,7.53195951,0.057,0.0035,0.39209367,0.375,0.254276964,0.045,0.15,0.0425,0.265,0.445,0.0645,2.34075,0.478107942,1.476253243
06/03/2025,5738.52002,-0.017979677,66.36000061,0.000753796,37.13999939,24.87000084,21.93000031,21.12999916,18.62000084,12.26999855,22.54400024,20.95699997,18.27400017,24.9644517,104.0599976,-0.016015598,4.2,4.29,0.09,1.59,-0.073150882,2916.600098,0.000445841,3,0.016,0.0475,0.9345,0.0035,-1.9,8.262591301,0.0635,0.0035,0.424145555,0.33,0.19066311,-0.045,0.01,0.0565,0.275,0.435,0.0595,2.36255,0.457041248,1.511032762
07/03/2025,5770.200195,0.005505435,67.04000092,0.010194995,29.75,23.37000084,24.87000084,19.62999916,17.20999908,6.379999161,23.29200058,21.47300014,18.66750021,28.01336294,103.8399963,-0.002116415,4.2,4.32,0.12,1.61,-0.073150882,2904.699951,-0.00408849,4,0.016,0.0675,0.9125,0.0035,-2.4,8.866347613,0.0835,0.0035,0.507056914,0.305,0.160099111,-0.025,0.005,0.026,0.26,0.45,0.068,2.3072,0.507864627,1.424314492
10/03/2025,5614.560059,-0.027343542,66.02999878,-0.015180304,34.81999969,27.86000061,23.37000084,22.78000069,15.77000046,6.959999084,24.30800056,22.36100025,19.23350019,22.12975837,103.9100037,0.000673957,4.2,4.22,0.02,1.64,-0.00896867,2891,-0.004727635,0,0.005,0.024,0.971,0.0025,-0.7875,5.333281742,0.029,0.0025,0.230194196,0.365,0.239137599,0.055,-0.01,0.02,0.175,0.565,0.0435,2.313,0.509619556,1.215048637
11/03/2025,5572.069824,-0.007596647,66.25,0.003326299,31.82999992,26.92000008,27.86000061,23.51000023,15.5,4.909999847,24.99000053,23.11000023,19.78900018,19.95001672,103.4400024,-0.004533417,4.2,4.28,0.08,1.68,-0.00896867,2912.899902,0.007546652,1,0.005,0.029,0.963,0.0025,-0.9125,5.599502426,0.034,0.0025,0.260334999,0.435,0.358299594,0.07,0.105,0.041,0.195,0.525,0.051,2.3322,0.490124141,1.355842957
12/03/2025,5599.299805,0.004874968,67.68000031,0.021355255,31.09000015,24.22999954,26.92000008,21.93000031,16.54000092,6.86000061,25.45000038,23.62300014,20.19950013,22.79629524,103.6100006,0.001642098,4.2,4.32,0.12,1.65,-0.00896867,2939.100098,0.00895433,2,0.0065,0.0275,0.9655,0.0025,-0.95,5.83946102,0.034,0.0025,0.260310403,0.395,0.286372216,-0.04,0.09,0.0575,0.27,0.535,0.021,2.52575,0.318920548,1.346759492
13/03/2025,5521.52002,-0.013988367,66.55000305,-0.016837129,32.79999924,24.65999985,24.22999954,24.87000084,15.81000042,8.13999939,25.40800018,23.97600021,20.63800011,23.45148121,103.8300018,0.002121108,4.2,4.27,0.07,1.7,-0.00896867,2984.300049,0.015261785,3,0.0065,0.015,0.9775,0.0025,-0.6375,5.175104188,0.0215,0.0025,0.191810472,0.365,0.239137599,-0.03,0.035,0.07,0.27,0.455,0.1025,2.572,0.287940341,1.632330818
14/03/2025,5638.939941,0.021042906,67.18000031,0.009421998,33.52000046,21.77000046,24.65999985,23.37000084,16.02000046,11.75,25.08800011,24.19000034,20.97150011,33.0123129,103.7200012,-0.001059992,4.2,4.31,0.11,1.65,-0.00896867,2994.5,0.003412043,4,0.0025,0.0135,0.9845,0.0015,-0.425,3.929979167,0.016,0.0015,0.141715547,0.405,0.303360563,0.04,0.095,0.06,0.21,0.445,0.1205,2.402,0.438230695,1.604045231
17/03/2025,5675.120117,0.006395635,67.58000183,0.00593652,30.89999962,20.51000023,21.77000046,27.86000061,15.89000034,10.38999939,23.61800003,23.9630003,21.2585001,36.28952623,103.3700027,-0.003380161,4.2,4.31,0.11,1.63,0.01342302,3000,0.001835016,0,0.0015,0.0085,0.9915,0.0005,-0.275,3.049512461,0.01,0.0005,0.090230499,0.405,0.303360563,-0.005,0.01,0.0355,0.14,0.4,0.2145,2.29135,0.545939891,1.573244606
18/03/2025,5614.660156,-0.010710667,66.90000153,-0.010113118,36.11999893,21.70000076,20.51000023,26.92000008,15.10000038,14.41999817,22.57400017,23.78200035,21.57600012,34.21258582,103.2399979,-0.001258457,4.2,4.29,0.09,1.63,0.01342302,3035.100098,0.011632116,1,0.0015,0.009,0.9915,0.0005,-0.2875,3.099201573,0.0105,0.0005,0.092927501,0.4,0.294786238,-0.005,0.035,0.032,0.195,0.415,0.188,2.3999,0.453422086,1.598667318
19/03/2025,5675.290039,0.010740608,67.16000366,0.003878897,33.86999893,19.89999962,21.70000076,24.22999954,14.77000046,13.96999931,21.70800018,23.57900028,21.80750008,41.1073479,103.4300003,0.001838704,4.2,4.25,0.05,1.64,0.01342302,3035.899902,0.000263484,2,0.0025,0.006,0.992,0.0005,-0.2625,3.200572239,0.0085,0.0005,0.082872734,0.4,0.294786238,0,-0.005,0.034,0.155,0.435,0.2045,2.4008,0.457788915,1.573426905
20/03/2025,5662.890137,-0.002187284,68.26000214,0.016246088,29.71999931,19.79999924,19.89999962,24.65999985,15.35000038,9.920000076,20.73600006,23.07200012,22.01450005,34.91959281,103.8499985,0.004052477,4.2,4.24,0.04,1.64,0.01342302,3040,0.001349627,3,0.0025,0.006,0.992,0.0005,-0.2625,3.200572239,0.0085,0.0005,0.082872734,0.335,0.197172208,-0.065,-0.09,0.0345,0.24,0.425,0.1235,2.36815,0.466991204,1.559008688
21/03/2025,5667.560059,0.000824314,68.27999878,0.000292905,28.43000031,19.28000069,19.79999924,21.77000046,15.27000046,9.149999619,20.23800011,22.66300011,22.06800013,39.49165223,104.0899963,0.002308339,4.2,4.25,0.05,1.68,0.01342302,3018.199951,-0.007196904,4,0.014,0.155,0.835,0.0055,-4.4375,10.76142008,0.169,0.0055,0.761627066,0.345,0.21059945,0.01,-0.065,0.0325,0.215,0.425,0.154,2.38425,0.460261337,1.577736579
24/03/2025,5767.569824,0.017492117,69.11000061,0.012082567,29.67000008,17.47999954,19.28000069,20.51000023,15.65999985,12.19000053,19.63199997,21.625,21.99300013,49.40905283,104.2600021,0.001631925,4.2,4.34,0.14,1.64,-0.00445435,3013.100098,-0.00169113,0,0.0125,0.145,0.845,0.0055,-4.1125,10.41802021,0.1575,0.0055,0.729576301,0.355,0.224583272,0.005,-0.045,0.035,0.225,0.425,0.137,2.368,0.469951623,1.571008025
25/03/2025,5776.649902,0.001573095,69,-0.001592942,28.27000046,17.14999962,17.47999954,21.70000076,18.20999908,11.12000084,18.72199974,20.64799995,21.87900009,46.07159034,104.1800003,-0.000767625,4.2,4.31,0.11,1.66,-0.00445435,3023.699951,0.003511749,1,0.0125,0.115,0.875,0.0055,-3.3625,9.764555545,0.1275,0.0055,0.647707321,0.345,0.21059945,-0.01,0.01,0.036,0.205,0.425,0.126,2.2817,0.537452224,1.542542574
26/03/2025,5712.200195,-0.01121964,69.65000153,0.009376218,28.84000015,18.32999992,17.14999962,19.89999962,18.97999954,10.51000023,18.4079998,20.05799999,21.84050007,48.35525693,104.5500031,0.00354528,4.2,4.35,0.15,1.66,-0.00445435,3020.899902,-0.000926463,2,0.013,0.105,0.885,0.0045,-3.1625,9.53997402,0.118,0.0045,0.613924233,0.335,0.197172208,-0.01,-0.01,0.0355,0.195,0.425,0.114,2.21635,0.585981134,1.512665523
27/03/2025,5693.310059,-0.003312461,69.91999817,0.003868983,28.48999977,18.69000053,18.32999992,19.79999924,19.43000031,9.799999237,18.18600006,19.46100006,21.71850014,45.11702991,104.0699997,-0.004601708,4.2,4.38,0.18,1.68,-0.00445435,3060.199951,0.012925489,3,0.021,0.125,0.855,0.0045,-4.0625,10.81778005,0.146,0.0045,0.720357313,0.36,0.231788228,0.025,0.02,0.044,0.195,0.435,0.131,2.3193,0.508746277,1.564714392
28/03/2025,5580.939941,-0.019934601,69.36000061,-0.008041364,28.70000076,21.64999962,18.69000053,19.28000069,19.10000038,7.050001144,18.65999985,19.44899998,21.81950016,47.74076441,104.0400009,-0.000288297,4.2,4.27,0.07,1.73,-0.00445435,3086.5,0.008557506,4,0.0165,0.135,0.855,0.0045,-4.0875,10.57892376,0.1515,0.0045,0.716028219,0.375,0.254276964,0.015,0.025,0.041,0.19,0.43,0.1295,2.2782,0.541062711,1.549620681
01/04/2025,5633.069824,0.003774105,71.19999695,-0.003924962,30.56999969,21.77000046,22.28000069,17.14999962,19.62999916,8.799999237,20.54400024,19.63299999,21.70750017,52.32425668,104.2600021,0.000479715,4.21,4.17,-0.04,1.73,-0.018018506,3118.899902,-0.001249707,1,0.02,0.135,0.835,0.0045,-4.2625,10.90498348,0.155,0.0045,0.755196098,0.385,0.270016549,0.01,0.025,0.0435,0.215,0.44,0.127,2.37645,0.461637411,1.572764193
02/04/2025,5670.970215,0.006705661,71.70999908,0.00713742,29.97999954,21.51000023,21.77000046,18.32999992,22.78000069,8.469999313,21.18000031,19.79400005,21.68650017,60.8835134,103.8099976,-0.004325518,4.21,4.2,-0.01,1.73,-0.018018506,3139.899902,0.006710577,2,0.0175,0.14,0.84,0.0045,-4.2625,10.76707628,0.1575,0.0045,0.745622881,0.415,0.32099896,0.03,0.04,0.0415,0.21,0.44,0.1295,2.36455,0.472156741,1.566378255
03/04/2025,5396.52002,-0.049605912,66.94999695,-0.068684169,35.45000076,30.02000046,21.51000023,18.69000053,23.51000023,5.430000305,23.44600029,20.81600018,21.94400015,35.63216328,102.0699997,-0.016903432,4.21,4.06,-0.15,1.89,-0.018018506,3097,-0.01375702,3,0.0245,0.215,0.765,0.0035,-6.5125,12.47954907,0.2395,0.0035,0.932086271,0.49,0.476001115,0.075,0.12,0.046,0.215,0.445,0.1165,2.3662,0.468169176,1.562275197
04/04/2025,5074.080078,-0.061609062,61.99000168,-0.076972918,44.72000122,45.31000137,30.02000046,21.64999962,21.93000031,-0.590000153,28.17800064,23.41900024,23.04100018,23.40248073,103.0199966,0.009264262,4.21,4.01,-0.2,1.94,-0.018018506,3012,-0.027829591,4,0.0215,0.225,0.755,0.0035,-6.6125,12.3715791,0.2465,0.0035,0.937970714,0.52,0.550624718,0.03,0.145,0.0475,0.235,0.44,0.107,2.38325,0.451414224,1.565933199
07/04/2025,5062.25,-0.002334195,60.70000076,-0.021029398,52.81000137,46.97999954,45.31000137,22.28000069,24.87000084,5.830001831,33.11800041,26.36900024,23.99700012,24.45502168,103.2600021,0.002326989,4.21,4.15,-0.06,2.02,0.013544225,2951.300049,-0.020358542,0,0.043,0.355,0.595,0.0035,-10.9375,14.54355158,0.398,0.0035,1.199840426,0.655,1.005642285,0.035,0.24,0.026,0.26,0.45,0.068,2.3072,0.507864627,1.424314492
08/04/2025,4982.77002,-0.015825083,59.58000183,-0.018623733,55.25999832,52.33000183,46.97999954,21.77000046,23.37000084,2.92999649,39.23000069,29.88700047,25.26750021,18.52468148,102.9599991,-0.002909546,4.21,4.26,0.05,2,0.013544225,2968.399902,0.005777286,1,0.0395,0.235,0.725,0.0045,-7.7375,13.74074486,0.2745,0.0045,1.046569978,0.615,0.846897834,-0.04,0.125,0.0275,0.26,0.445,0.0515,2.24725,0.551238428,1.3880577
09/04/2025,5456.899902,0.09089488,62.34999847,0.04544367,42.90000153,33.61999893,52.33000183,21.51000023,27.86000061,9.280002594,41.65200043,31.41600037,25.73700018,43.4054851,102.9000015,-0.000582897,4.21,4.34,0.13,2.02,0.013544225,3056.5,0.029247416,2,0.0455,0.285,0.675,0.0045,-9.2875,14.46694233,0.3305,0.0045,1.136797656,0.615,0.846897834,0,0.095,0.027,0.165,0.53,0.0465,2.2114,0.586376939,1.260889479
10/04/2025,5268.049805,-0.035220607,60.06999969,-0.037253104,49,40.72000122,33.61999893,30.02000046,26.92000008,8.279998779,43.79200058,33.61900043,26.54000025,38.55933827,100.8700027,-0.019925071,4.21,4.4,0.19,1.97,0.013544225,3155.199951,0.031781399,3,0.0295,0.115,0.855,0.007,-4.175,11.51879655,0.1445,0.007,0.752128651,0.49,0.476001115,-0.125,-0.105,0.02,0.175,0.565,0.0435,2.313,0.509619556,1.215048637
11/04/2025,5363.359863,0.017930381,61.5,0.023526631,50.88000107,37.56000137,40.72000122,45.31000137,24.22999954,13.31999969,42.24200058,35.21000061,27.32950029,38.3935131,99.77999878,-0.010864836,4.21,4.48,0.27,1.9,0.013544225,3222.199951,0.021012471,4,0.0465,0.195,0.725,0.0075,-7.0125,13.86934713,0.2415,0.0075,1.055039959,0.62,0.865475779,0.13,0,0.24,0.38,0.33,0.08,2.909,0.125249471,1.843918361
14/04/2025,5405.970215,0.007913319,61.52999878,0.000487666,47.75999832,30.88999939,37.56000137,46.97999954,24.65999985,16.86999893,39.02400055,36.07100048,27.84850025,39.55738218,99.63999939,-0.001404066,4.21,4.38,0.17,1.9,-0.027274418,3204.800049,-0.00541464,0,0.033,0.165,0.79,0.0055,-5.6375,12.53293719,0.198,0.0055,0.901261656,0.485,0.464317496,0.045,-0.13,0.35,0.28,0.22,0.0695,2.5755,0.235004532,1.792249974
15/04/2025,5396.629883,-0.001729275,61.33000183,-0.003255691,42.31000137,30.12000084,30.88999939,52.33000183,21.77000046,12.19000053,34.58200035,36.90600052,28.26950026,40.82501185,100.2200012,0.005804097,4.21,4.35,0.14,1.9,-0.027274418,3218.699951,0.004327835,1,0.0295,0.145,0.815,0.0055,-4.9625,11.96089302,0.1745,0.0055,0.835718858,0.51,0.524864636,0.025,0.02,0.49,0.275,0.14,0.0315,2.5935,0.188789213,1.570716305
16/04/2025,5275.700195,-0.022663254,62.47000122,0.018417312,43.56000137,32.63999939,30.12000084,33.61999893,20.51000023,10.92000198,34.38600044,38.01900043,28.90650024,38.5383546,99.37999725,-0.008416923,4.21,4.29,0.08,1.92,-0.027274418,3326.600098,0.032973255,2,0.0245,0.135,0.83,0.0055,-4.4625,11.35997466,0.1595,0.0055,0.785514946,0.535,0.591013098,0.025,-0.085,0.56,0.28,0.115,0.012,2.6655,0.115751336,1.418064763
17/04/2025,5282.700195,0.001325959,64.68000031,0.034765578,41.27000046,29.64999962,32.63999939,40.72000122,21.70000076,11.62000084,32.17200012,37.98200035,29.39900026,41.31206032,99.37999725,0,4.21,4.34,0.13,1.92,-0.027274418,3308.699951,-0.005395442,3,0.0195,0.095,0.875,0.0055,-3.2125,10.05936096,0.1145,0.0055,0.643230057,0.545,0.619153545,0.01,-0.065,0.585,0.275,0.105,0.024,2.726,0.082958809,1.435230334
21/04/2025,5158.200195,-0.023849648,63.08000183,-0.025048248,41.20999908,33.81999969,29.64999962,37.56000137,19.89999962,7.38999939,31.42399979,36.83300018,30.12600021,37.46817051,98.27999878,-0.011130323,4.21,4.42,0.21,1.96,0.031748698,3406.199951,0.029041938,0,0.015,0.075,0.905,0.0065,-2.4625,9.076491041,0.09,0.0065,0.548709889,0.56,0.66327776,-0.015,0.025,0.435,0.31,0.16,0.05,2.6565,0.150310009,1.68530498
22/04/2025,5287.759766,0.024806952,64.30999756,0.019311311,43.15000153,30.56999969,33.81999969,30.88999939,19.79999924,12.58000183,31.35999985,35.1920002,30.78050022,40.99972485,98.91999817,0.006490889,4.21,4.41,0.2,1.93,0.031748698,3400.800049,-0.001586574,1,0.014,0.085,0.905,0.0065,-2.6625,9.228923408,0.099,0.0065,0.566065509,0.575,0.709817521,0.015,0.03,0.5,0.285,0.145,0.0185,2.624,0.159302028,1.526569385
23/04/2025,5375.859863,0.016523864,62.27000046,-0.032235326,43.56000137,28.45000076,30.56999969,30.12000084,19.28000069,15.11000061,31.02599983,32.80400009,31.34550028,42.50429735,99.83999634,0.009257444,4.21,4.4,0.19,1.86,0.031748698,3276.300049,-0.037295961,2,0.0135,0.07,0.905,0.0055,-2.2875,8.699048673,0.0835,0.0055,0.524016459,0.535,0.591013098,-0.04,-0.03,0.505,0.285,0.17,0.0235,2.725,0.094351404,1.575625899
24/04/2025,5484.77002,0.020056628,62.79000092,0.008316063,44.36999893,26.46999931,28.45000076,32.63999939,17.47999954,17.89999962,29.79199982,32.08900013,31.75250025,52.44732329,99.29000092,-0.005523998,4.21,4.32,0.11,1.86,0.031748698,3332,0.016857973,3,0.0115,0.075,0.905,0.0055,-2.3125,8.584800567,0.0865,0.0055,0.52597224,0.52,0.550624718,-0.015,-0.045,0.505,0.29,0.155,0.0375,2.7375,0.092303423,1.610187875
25/04/2025,5525.209961,0.007346085,63.02000046,0.003656304,43.52999878,24.84000015,26.46999931,29.64999962,17.14999962,18.68999863,28.82999992,30.50100002,32.06000023,64.83013739,99.47000122,0.001811233,4.21,4.29,0.08,1.84,0.031748698,3282.399902,-0.014997892,4,0.011,0.075,0.915,0.0055,-2.2875,8.521376416,0.086,0.0055,0.5103903,0.535,0.591013098,0.015,-0.04,0.515,0.275,0.14,0.0355,2.673,0.125781356,1.573304194
28/04/2025,5528.75,0.000640502,62.04999924,-0.015511644,43.54999924,25.14999962,24.84000015,33.81999969,18.32999992,18.39999962,27.09599991,29.25999985,32.23500023,65.41944668,99.01000214,-0.004635227,4.21,4.23,0.02,1.87,0.0648175,3332.5,0.015147941,0,0.0115,0.095,0.895,0.0055,-2.8125,9.149192032,0.1065,0.0055,0.58121989,0.545,0.619153545,0.005,0.01,0.465,0.335,0.15,0.035,2.7335,0.092991485,1.622058609
29/04/2025,5560.830078,0.005785642,60.41999817,-0.026620354,48.40999985,24.17000008,25.14999962,30.56999969,18.69000053,24.23999977,25.81599998,28.58799992,32.3295002,69.72496905,99.23999786,0.002320261,4.21,4.19,-0.02,1.88,0.0648175,3318.800049,-0.004119487,1,0.011,0.085,0.895,0.0065,-2.5125,8.852065415,0.096,0.0065,0.564324223,0.575,0.709817521,0.03,0.055,0.46,0.335,0.15,0.0275,2.6975,0.110407555,1.597003807
30/04/2025,5569.060059,0.001478897,58.20999908,-0.037263,54.45999908,24.70000076,24.17000008,28.45000076,21.64999962,29.75999832,25.06599998,28.04599991,32.47600021,55.61137244,99.47000122,0.002314966,4.21,4.17,-0.04,1.96,0.0648175,3305,-0.004166813,2,0.009,0.095,0.895,0.0035,-2.7375,8.751418657,0.104,0.0035,0.55556663,0.645,0.96370035,0.07,0.11,0.465,0.36,0.095,0.0445,2.6725,0.126070033,1.566719996
01/05/2025,5604.140137,0.006279346,59.24000168,0.017539872,51.95999908,24.60000038,24.70000076,26.46999931,22.28000069,27.3599987,24.6920002,27.24200001,32.63050022,69.87217723,100.25,0.007810963,4.25,4.25,0,1.95,0.0648175,3210,-0.029165536,3,0.007,0.065,0.925,0.0025,-1.9125,7.485186365,0.072,0.0025,0.432079841,0.635,0.923310086,-0.01,0.08,0.455,0.295,0.14,0.0575,2.633,0.167316549,1.670492977
02/05/2025,5686.669922,0.014619191,58.29000092,-0.01616645,50.59000015,22.68000031,24.60000038,24.84000015,21.77000046,27.90999985,24.26000023,26.54500008,32.26350021,69.40985896,100,-0.00249688,4.25,4.33,0.08,1.9,0.0648175,3231.899902,0.006799232,4,0.0045,0.0445,0.955,0.0015,-1.3,6.190258072,0.049,0.0015,0.312397993,0.655,1.005642285,0.02,0.115,0.455,0.335,0.12,0.0535,2.675,0.131319029,1.638528168
05/05/2025,5650.379883,-0.006402047,57.13000107,-0.020101176,42.58000183,23.63999939,22.68000031,25.14999962,21.51000023,18.94000244,23.95800018,25.52700005,31.18000011,64.78529101,99.83000183,-0.001701428,4.25,4.36,0.11,1.91,-0.047117923,3311.300049,0.024270707,0,0.0005,0.0215,0.9785,0.0005,-0.55,3.833771316,0.022,0.0005,0.160747539,0.575,0.709817521,-0.005,-0.07,0.43,0.37,0.16,0.036,2.769,0.084080652,1.649961287
06/05/2025,5606.910156,-0.007722985,59.09000015,0.033732317,42.13999939,24.76000023,23.63999939,24.17000008,30.02000046,17.37999916,24.07600021,24.9460001,30.06900015,62.2162337,99.23999786,-0.00592762,4.25,4.3,0.05,1.95,-0.047117923,3411.399902,0.029781859,1,0.0015,0.0195,0.9795,0.0005,-0.55,3.993469982,0.021,0.0005,0.159591584,0.575,0.709817521,0,-0.06,0.375,0.365,0.175,0.0425,2.6695,0.143195546,1.69505763
07/05/2025,5631.279785,0.004336938,58.06999969,-0.017412534,42.65999985,23.54999924,24.76000023,24.70000076,45.31000137,19.11000061,23.84599991,24.45599995,28.63000002,73.2678968,99.61000061,0.00372143,4.25,4.26,0.01,1.95,-0.047117923,3381.399902,-0.00883294,2,0.002,0.021,0.9785,0.0005,-0.6125,4.250069889,0.023,0.0005,0.17113935,0.53,0.577311689,-0.045,-0.125,0.405,0.375,0.16,0.0425,2.735,0.097062158,1.675425276
08/05/2025,5663.939941,0.005783021,59.90999985,0.031194259,40.59999847,22.47999954,23.54999924,24.60000038,46.97999954,18.11999893,23.42199974,24.05699997,28.07300005,74.13645253,100.6399994,0.01028722,4.25,4.37,0.12,1.89,-0.047117923,3296.600098,-0.025398132,3,0.0195,0.155,0.825,0.0075,-4.6625,11.34573779,0.1745,0.0075,0.809571964,0.505,0.512322283,-0.025,-0.12,0.4,0.37,0.17,0.0485,2.7545,0.092065966,1.705831917
09/05/2025,5659.910156,-0.000711734,61.02000046,0.018358253,39.81999969,21.89999962,22.47999954,22.68000031,52.33000183,17.92000008,23.2659996,23.76299992,27.13199997,87.48081278,100.3399963,-0.002985404,4.25,4.37,0.12,1.89,-0.047117923,3335.399902,0.011700919,4,0.019,0.145,0.835,0.0085,-4.3625,11.16014468,0.164,0.0085,0.788283748,0.515,0.537630824,0.01,-0.065,0.46,0.32,0.16,0.041,2.725,0.100439659,1.653323842
12/05/2025,5844.189941,0.032039977,61.95000076,0.015125934,37.5,18.38999939,21.89999962,23.63999939,33.61999893,19.11000061,22.2159996,23.08699989,26.17349987,88.42700592,101.7900009,0.014347494,4.25,4.45,0.2,1.82,-0.00881063,3220,-0.035211223,0,0.014,0.125,0.855,0.0075,-3.6375,10.22746014,0.139,0.0075,0.707392856,0.495,0.48789413,-0.02,-0.035,0.455,0.325,0.165,0.0095,2.6455,0.144880135,1.536622608
13/05/2025,5886.549805,0.007222059,63.66999817,0.027385845,36.70999908,18.21999931,18.38999939,24.76000023,40.72000122,18.48999977,20.90799942,22.49199982,25.53999987,87.64656125,101,-0.00779136,4.25,4.49,0.24,1.82,-0.00881063,3240.300049,0.006284574,1,0.0085,0.095,0.895,0.0045,-2.6875,8.731352227,0.1035,0.0045,0.559396492,0.395,0.286372216,-0.1,-0.11,0.495,0.365,0.12,0.0125,2.744,0.076436117,1.478990176
14/05/2025,5892.580078,0.001023891,63.15000153,-0.008200592,36.72000122,18.62000084,18.21999931,23.54999924,37.56000137,18.10000038,19.92199974,21.88399982,24.96499987,85.43775994,101.0400009,0.00039597,4.25,4.53,0.28,1.8,-0.00881063,3181.399902,-0.018344612,2,0.009,0.105,0.875,0.0045,-2.9625,9.061128357,0.114,0.0045,0.606220114,0.395,0.286372216,0,-0.12,0.18,0.125,0.205,0.3,2.3305,0.503076537,1.81008965
15/05/2025,5916.930176,0.004123817,61.61999893,-0.024526397,37.40000153,17.82999992,18.62000084,22.47999954,30.88999939,19.5700016,18.99199982,21.20699978,24.22449989,85.01883547,100.8799973,-0.001584823,4.25,4.45,0.2,1.83,-0.00881063,3220.699951,0.012277391,3,0.0095,0.105,0.885,0.0045,-2.9875,9.126776231,0.1145,0.0045,0.596294393,0.395,0.286372216,0,-0.11,0.105,0.1535,0.255,0.29,2.3228,0.51753656,1.777046572
16/05/2025,5958.379883,0.006980849,62.49000168,0.014020095,37.88000107,17.23999977,17.82999992,21.89999962,30.12000084,20.6400013,18.05999985,20.66299973,23.6039999,85.96981074,101.0899963,0.002079509,4.25,4.43,0.18,1.82,-0.00881063,3182,-0.012088782,4,0.0115,0.105,0.875,0.0045,-3.0875,9.360379967,0.1165,0.0045,0.619142937,0.365,0.239137599,-0.03,-0.15,0.095,0.1645,0.275,0.265,2.3096,0.525557116,1.770854489
19/05/2025,5963.600098,0.00087573,62.68999863,0.003195353,38,18.13999939,17.23999977,18.38999939,32.63999939,19.86000061,18.00999985,20.11299973,22.81999989,85.3090769,100.4300003,-0.006550202,4.25,4.46,0.21,1.84,-0.004434597,3228.899902,0.014631562,0,0.0115,0.095,0.895,0.0035,-2.8625,9.064191265,0.1065,0.0035,0.568489453,0.37,0.246633219,0,-0.025,0.075,0.1565,0.285,0.245,2.2022,0.607639141,1.712295925
20/05/2025,5940.459961,-0.003887777,62.56000137,-0.002075805,34.61999893,18.09000015,18.13999939,18.21999931,29.64999962,16.52999878,17.98400002,19.44599972,22.19599991,81.72951858,100.1200027,-0.003091476,4.25,4.48,0.23,1.82,-0.004434597,3280.300049,0.015793405,1,0.0135,0.105,0.885,0.0035,-3.2125,9.555866515,0.1185,0.0035,0.609794996,0.375,0.254276964,0.005,-0.02,0.041,0.1295,0.255,0.285,2.0678,0.714198834,1.589670141
21/05/2025,5844.609863,-0.016266719,61.56999969,-0.015951384,39.11999893,20.87000084,18.09000015,18.62000084,33.81999969,18.24999809,18.43400002,19.17799988,21.81699991,68.61136389,99.55999756,-0.005609041,4.25,4.58,0.33,1.85,-0.004434597,3309.300049,0.008801805,2,0.0135,0.085,0.905,0.0045,-2.6875,9.084196442,0.0985,0.0045,0.551551232,0.395,0.286372216,0.02,0.03,0.0425,0.1145,0.255,0.27,1.98485,0.767869318,1.564376596
22/05/2025,5842.009766,-0.00044497,61.20000076,-0.006027532,41.43999863,20.28000069,20.87000084,17.82999992,30.56999969,21.15999794,18.92400017,18.95799999,21.50749998,63.72018645,99.95999908,0.004009644,4.25,4.54,0.29,1.87,-0.004434597,3292.300049,-0.005150278,3,0.0095,0.065,0.915,0.0045,-1.9875,7.950700775,0.0745,0.0045,0.472486138,0.39,0.278116352,-0.005,0.025,0.0665,0.115,0.255,0.265,2.03605,0.730071069,1.629320046
23/05/2025,5802.819824,-0.0067309,61.52999878,0.005377639,43.13000107,22.29000092,20.28000069,17.23999977,28.45000076,20.84000015,19.9340004,18.99700012,21.38000002,63.39543693,99.11000061,-0.008539746,4.25,4.51,0.26,1.88,-0.004434597,3363.600098,0.021425435,4,0.0105,0.065,0.915,0.0045,-2.0375,8.094154478,0.0755,0.0045,0.477687901,0.395,0.286372216,0.005,0.025,0.055,0.105,0.25,0.245,1.9025,0.81450236,1.568695777
27/05/2025,5921.540039,0.020252581,60.88999939,-0.010455893,41.93999863,18.95999908,22.29000092,18.13999939,26.46999931,22.97999954,20.09800034,19.05400009,21.07049999,74.41830678,99.51999664,0.004128245,4.25,4.43,0.18,1.84,0.047731403,3299.100098,-0.019362124,1,0.009,0.055,0.935,0.0045,-1.7125,7.534262276,0.064,0.0045,0.417046669,0.385,0.270016549,0,-0.005,0.046,0.099,0.255,0.24,1.8609,0.840499624,1.531497917
28/05/2025,5888.549805,-0.005586803,61.84000015,0.015481459,40.41999817,19.30999947,18.95999908,18.09000015,24.84000015,21.1099987,20.3420002,19.16300011,20.82749996,69.70298688,99.87999725,0.003610843,4.25,4.47,0.22,1.83,0.047731403,3293.600098,-0.001668512,2,0.0075,0.045,0.94,0.0035,-1.4125,6.859982735,0.0525,0.0035,0.366734407,0.375,0.254276964,-0.01,-0.02,0.056,0.1005,0.27,0.24,1.9356,0.794253798,1.570158701
29/05/2025,5912.169922,0.004003171,60.93999863,-0.014660656,40.25999832,19.18000031,19.30999947,20.87000084,25.14999962,21.07999802,20.00400009,19.21900005,20.55149994,69.27758586,99.27999878,-0.006025309,4.25,4.43,0.18,1.81,0.047731403,3317.100098,0.007109716,3,0.0065,0.045,0.955,0.0035,-1.3625,6.687649648,0.0515,0.0035,0.340544276,0.385,0.270016549,0.01,-0.02,0.0545,0.097,0.31,0.215,1.96275,0.77540316,1.555835449
30/05/2025,5911.689941,-8.12E-05,60.79000092,-0.002464434,40.70999908,18.56999969,19.18000031,20.28000069,24.17000008,22.13999939,19.66199989,19.29300003,20.2499999,69.66167033,99.33000183,0.00050353,4.25,4.41,0.16,1.84,0.047731403,3288.899902,-0.008537804,4,0.0055,0.0415,0.955,0.0035,-1.225,6.354732759,0.047,0.0035,0.323793484,0.37,0.246633219,-0.015,-0.015,0.0495,0.117,0.335,0.2,2.03275,0.728003281,1.569754822
02/06/2025,5935.939941,0.004093651,62.52000046,0.028061196,38.70000076,18.36000061,18.56999969,22.29000092,24.70000076,20.34000015,18.87599983,19.40500011,20.03399992,59.55229708,98.69999695,-0.006362743,4.23,4.46,0.23,1.84,0.03333642,3370.600098,0.024537666,0,0.0045,0.0315,0.959,0.0025,-0.95,5.620964664,0.036,0.0025,0.271749886,0.325,0.184288193,-0.01,-0.05,0.046,0.1485,0.33,0.19,2.067,0.701851402,1.595983736
03/06/2025,5970.370117,0.005783534,63.40999985,0.014135062,37.75,17.69000053,18.36000061,18.95999908,24.60000038,20.05999947,18.62200012,19.36000023,19.73649998,58.87323041,99.25,0.005557004,4.23,4.46,0.23,1.81,0.03333642,3350.199951,-0.006070768,1,0.0045,0.0375,0.9575,0.0025,-1.1,5.919663842,0.042,0.0025,0.294319962,0.295,0.148769927,-0.03,-0.09,0.073,0.141,0.315,0.175,2.0304,0.720394814,1.639165733
04/06/2025,5970.810059,7.37E-05,62.84999847,-0.008870665,37.70000076,17.61000061,17.69000053,19.30999947,22.68000031,20.09000015,18.28200035,19.31200027,19.379,58.38062906,98.79000092,-0.004645525,4.23,4.37,0.14,1.8,0.03333642,3373.5,0.00693075,2,0.0045,0.0235,0.971,0.0025,-0.75,5.190216156,0.028,0.0025,0.225079652,0.285,0.137935683,-0.01,-0.085,0.058,0.0975,0.34,0.185,1.9706,0.766585075,1.545240114
05/06/2025,5939.299805,-0.005291358,63.36999893,0.008239636,34.88999939,18.47999954,17.61000061,19.18000031,23.63999939,16.40999985,18.1420002,19.07300014,19.12550001,52.36020768,98.73999786,-0.000506283,4.23,4.4,0.17,1.77,0.03333642,3350.699951,-0.006781516,3,0.0045,0.0305,0.9635,0.0025,-0.925,5.56958083,0.035,0.0025,0.261945382,0.275,0.127585452,-0.01,-0.055,0.075,0.1245,0.345,0.175,2.0766,0.690956865,1.624232076
06/06/2025,6000.359863,0.010228196,64.58000183,0.018914247,35.72000122,16.77000046,18.47999954,18.56999969,24.76000023,18.95000076,17.78200035,18.72200012,18.84000006,54.2532782,99.19000244,0.004547116,4.23,4.51,0.28,1.73,0.03333642,3322.699951,-0.008391574,4,0.0045,0.03,0.966,0.0015,-0.9375,5.482732126,0.0345,0.0015,0.249127549,0.295,0.148769927,0.02,-0.04,0.084,0.132,0.36,0.15,2.0904,0.676572441,1.626954785
09/06/2025,6005.879883,0.000919525,65.29000092,0.010934106,34.41999817,17.15999985,16.77000046,18.36000061,23.54999924,17.25999832,17.5420002,18.20900002,18.60300007,54.2810527,98.94000244,-0.002523597,4.23,4.49,0.26,1.72,0.008163311,3332.100098,0.002825074,0,0.0035,0.0205,0.9765,0.0015,-0.65,4.698759943,0.024,0.0015,0.191096309,0.26,0.112944734,-0.005,-0.025,0.0545,0.175,0.395,0.065,1.97765,0.742131441,1.454471373
10/06/2025,6038.810059,0.005468013,64.98000336,-0.004759317,35.04999924,16.95000076,17.15999985,17.69000053,22.47999954,18.09999847,17.39400024,18.00800018,18.53100014,59.76487243,99.05000305,0.001111173,4.23,4.47,0.24,1.71,0.008163311,3320.899902,-0.003366964,1,0.0035,0.0275,0.971,0.0015,-0.825,5.118276779,0.031,0.0015,0.226422963,0.255,0.108295356,-0.005,-0.02,0.033,0.1525,0.46,0.065,2.0451,0.704642707,1.347813919
11/06/2025,6022.240234,-0.00274766,68.15000153,0.047631599,43.24000168,17.26000023,16.95000076,17.61000061,21.89999962,25.98000145,17.32400017,17.80300026,18.48300018,70.93162284,98.62999725,-0.004249357,4.23,4.41,0.18,1.74,0.008163311,3321.300049,0.000120486,2,0.0035,0.0215,0.9755,0.0015,-0.675,4.761332403,0.025,0.0015,0.196634865,0.245,0.099335605,-0.01,-0.05,0.0525,0.14,0.52,0.087,2.30275,0.520273578,1.417379677
12/06/2025,6045.259766,0.003815133,68.04000092,-0.0016154,45.36999893,18.02000046,17.26000023,18.47999954,18.38999939,27.34999847,17.23200035,17.68700027,18.45300016,72.85091918,97.91999817,-0.007224647,4.23,4.36,0.13,1.73,0.008163311,3380.899902,0.01778563,3,0.0035,0.0215,0.9745,0.0015,-0.675,4.761284556,0.025,0.0015,0.198041034,0.225,0.082739652,-0.02,-0.04,0.0085,0.0355,0.18,0.45,1.99435,0.793731863,1.193144058
13/06/2025,5976.970215,-0.011360669,72.98000336,0.070089696,57.22999954,20.81999969,18.02000046,16.77000046,18.21999931,36.40999985,18.0420002,17.91200027,18.60250015,68.37688221,98.18000031,0.002651732,4.23,4.41,0.18,1.75,0.008163311,3431.199951,0.014768123,4,0.0035,0.0235,0.9715,0.0015,-0.725,4.883582189,0.027,0.0015,0.210314075,0.235,0.090820062,0.01,-0.03,0.0025,0.0065,0.0165,0.595,1.8578,0.895385365,0.612215182
16/06/2025,6033.109863,0.009348823,71.76999664,-0.016718962,56.59999847,19.11000061,20.81999969,17.15999985,18.62000084,37.48999786,18.43200035,17.98700027,18.69600019,63.56473638,98,-0.001835053,4.23,4.46,0.23,1.74,-0.012270093,3396.399902,-0.010194022,0,0.0045,0.0215,0.9755,0.0005,-0.75,4.943543769,0.026,0.0005,0.194573388,0.305,0.160099111,0.03,0.06,0.0095,0.0155,0.017,0.715,2.26335,0.633374095,0.602979887
17/06/2025,5982.720215,-0.00838726,74.83999634,0.041885938,71.55999756,21.60000038,19.11000061,16.95000076,17.82999992,49.95999718,19.36200027,18.37800026,18.86900024,60.98456155,98.81999969,0.008332532,4.23,4.39,0.16,1.74,-0.012270093,3386.600098,-0.002889521,1,0.0035,0.0205,0.9775,0.0005,-0.675,4.628205511,0.024,0.0005,0.181098843,0.245,0.099335605,-0.06,0.02,0.0135,0.0175,0.021,0.675,2.17135,0.69665951,0.685781083
18/06/2025,5980.870117,-0.000309288,75.13999939,0.00400058,66.86000061,20.13999939,21.60000038,17.26000023,17.23999977,46.72000122,19.93800011,18.63100014,18.97150021,58.44233926,98.91000366,0.000910372,4.23,4.38,0.15,1.77,-0.012270093,3389.800049,0.00094444,2,0.003,0.015,0.9835,0.0005,-0.5125,4.11404534,0.018,0.0005,0.145115755,0.285,0.137935683,0.04,0.05,0.0095,0.02,0.0255,0.65,2.1056,0.740986497,0.715644861
20/06/2025,5967.839844,-0.002181035,74.93000031,-0.002798684,64.66999817,20.62000084,20.13999939,18.02000046,18.13999939,44.04999733,20.45800018,18.84500027,18.95900021,56.69360913,98.70999908,-0.002024134,4.23,4.38,0.15,1.76,-0.012270093,3368.100098,-0.006422121,4,0.011,0.055,0.925,0.0065,-1.7625,7.926116813,0.066,0.0065,0.452977095,0.275,0.127585452,0,0,0.0185,0.0215,0.017,0.735,2.36445,0.554906701,0.651998382
23/06/2025,6025.169922,0.009560655,68.51000214,-0.089574597,53.65000153,19.82999992,20.62000084,20.81999969,18.09000015,33.8200016,20.26000023,19.15100021,18.93650017,59.85946421,98.41999817,-0.002942232,4.23,4.34,0.11,1.77,-0.029229638,3377.699951,0.002846174,0,0.015,0.125,0.865,0.0055,-3.7375,10.25866791,0.14,0.0055,0.688150532,0.315,0.171934594,0.03,0.03,0.0115,0.0395,0.04,0.77,2.56765,0.38818242,0.734332574
24/06/2025,6092.180176,0.011060329,64.37000275,-0.062332022,48.79999924,17.47999954,19.82999992,19.11000061,20.87000084,31.31999969,19.93400002,19.18300018,18.6960001,62.55542481,97.86000061,-0.005706125,4.23,4.3,0.07,1.78,-0.029229638,3317.399902,-0.018013676,1,0.0135,0.205,0.77,0.0065,-5.6375,11.57571539,0.2185,0.0065,0.890107834,0.27,0.12258854,-0.045,-0.005,0.0125,0.042,0.0665,0.715,2.4892,0.449878018,0.877207252
25/06/2025,6092.160156,-3.29E-06,64.91999817,0.008507986,42.75,16.76000023,17.47999954,21.60000038,20.28000069,25.98999977,18.96599998,19.16400013,18.58600016,62.51885195,97.68000031,-0.001841059,4.23,4.29,0.06,1.79,-0.029229638,3327.100098,0.002919769,2,0.0205,0.165,0.805,0.0045,-5.0375,11.47537414,0.1855,0.0045,0.830877516,0.26,0.112944734,-0.01,-0.015,0.008,0.0225,0.0235,0.69,2.22275,0.661013874,0.675431714
26/06/2025,6141.02002,0.007988131,65.23999786,0.004917031,41.86000061,16.59000015,16.76000023,20.13999939,22.29000092,25.27000046,18.25600014,19.09700012,18.45000019,70.09089273,97.15000153,-0.005440641,4.23,4.26,0.03,1.8,-0.029229638,3333.5,0.00192172,3,0.0175,0.235,0.745,0.0055,-6.6125,12.26656102,0.2525,0.0055,0.95079385,0.265,0.117708719,0.005,-0.02,0.0135,0.026,0.028,0.715,2.33545,0.576274448,0.711231257
27/06/2025,6173.069824,0.005205399,65.51999664,0.004282643,41.22999954,16.31999969,16.59000015,20.62000084,18.95999908,24.90999985,17.39599991,18.92700005,18.30700016,68.25652767,97.40000153,0.002570035,4.23,4.29,0.06,1.79,-0.029229638,3273.699951,-0.018101974,4,0.0175,0.21,0.765,0.0055,-5.9875,11.9379916,0.2275,0.0055,0.911895138,0.295,0.148769927,0.03,0.01,0.0055,0.006,0.0205,0.725,2.2661,0.633620511,0.536900279
30/06/2025,6204.950195,0.005151138,65.11000061,-0.006277232,38.88999939,16.72999954,16.31999969,19.82999992,19.30999947,22.15999985,16.77599983,18.51800003,18.21500015,69.93218006,96.87999725,-0.005353155,4.23,4.24,0.01,1.75,-0.021414095,3294.399902,0.006303199,0,0.0175,0.165,0.815,0.0065,-4.8375,11.29733152,0.1825,0.0065,0.818804102,0.265,0.117708719,0,0.005,0.0075,0.0235,0.049,0.755,2.49315,0.452329067,0.699423288
01/07/2025,6198.009766,-0.001119157,65.44999695,0.005208289,38,16.82999992,16.72999954,17.47999954,19.18000031,21.17000008,16.64599991,18.28999996,18.13850012,66.81523413,96.81999969,-0.00061949,4.25,4.26,0.01,1.72,-0.021414095,3336.699951,0.012758252,1,0.0165,0.175,0.805,0.0065,-5.0375,11.37485046,0.1915,0.0065,0.836894129,0.265,0.117708719,0,0,0.0105,0.0105,0.07,0.705,2.37575,0.544942724,0.762132803
02/07/2025,6227.419922,0.004733874,67.44999695,0.030100092,40.24000168,16.63999939,16.82999992,16.76000023,18.56999969,23.60000229,16.62199974,17.79399986,18.08600006,71.09948201,96.77999878,-0.000413233,4.25,4.3,0.05,1.7,-0.021414095,3348,0.003380873,2,0.0115,0.165,0.825,0.0045,-4.5875,10.66623714,0.1765,0.0045,0.767043695,0.24,0.095022882,-0.025,-0.055,0.0015,0.0055,0.0265,0.73,2.2863,0.61929569,0.525602654
03/07/2025,6279.350098,0.008304378,67,-0.006693918,37.75,16.37999916,16.63999939,16.59000015,18.36000061,21.37000084,16.57999954,17.41799984,18.02449999,72.72146481,97.18000031,0.004124583,4.25,4.35,0.1,1.67,-0.021414095,3331.600098,-0.004910454,3,0.018,0.195,0.775,0.0055,-5.6375,11.76114427,0.213,0.0055,0.890501064,0.26,0.112944734,0.02,-0.04,0.004,0.008,0.023,0.73,2.2899,0.61596438,0.544203616
07/07/2025,6229.97998,-0.007893368,67.93000031,0.013785148,41.22999954,17.79000092,16.37999916,16.31999969,17.69000053,23.43999863,16.87399979,17.13499985,17.99000006,75.4941746,97.48000336,0.003082331,4.25,4.4,0.15,1.71,-0.013072082,3332.199951,0.000180033,0,0.008,0.055,0.935,0.0025,-1.7125,7.280543254,0.063,0.0025,0.398138484,0.215,0.07508562,-0.01,-0.025,0.024,0.007,0.0545,0.72,2.40245,0.523269061,0.749248382
08/07/2025,6225.52002,-0.000716143,68.33000183,0.005871168,35.70999908,16.80999947,17.79000092,16.72999954,17.61000061,18.89999962,16.88999977,16.8329998,17.99200001,71.64191564,97.51000214,0.000307696,4.25,4.42,0.17,1.71,-0.013072082,3307,-0.007591298,1,0.0085,0.045,0.935,0.0035,-1.4625,7.028974498,0.0535,0.0035,0.379006356,0.225,0.082739652,0.01,-0.035,0.01,0.0075,0.051,0.7,2.2959,0.607602163,0.698542792
09/07/2025,6263.259766,0.006043803,68.37999725,0.000731408,34.16999817,15.93999958,16.80999947,16.82999992,18.47999954,18.22999859,16.7119997,16.67899981,17.93099999,82.47877598,97.47000122,-0.000410308,4.25,4.34,0.09,1.73,-0.013072082,3311.600098,0.001390052,2,0.0085,0.045,0.935,0.0035,-1.4625,7.028974498,0.0535,0.0035,0.379006356,0.195,0.061023166,-0.03,-0.02,0.0075,0.0085,0.0535,0.725,2.3742,0.548686332,0.673770058
10/07/2025,6280.459961,0.002742441,66.56999969,-0.026826323,32.79999924,15.77999973,15.93999958,16.63999939,16.77000046,17.0199995,16.53999977,16.58099976,17.87249994,83.49382595,97.65000153,0.001845022,4.25,4.35,0.1,1.7,-0.013072082,3317.399902,0.001749828,3,0.0115,0.0435,0.945,0.0025,-1.6,7.412583895,0.055,0.0025,0.36956378,0.195,0.061023166,0,-0.02,0.008,0.0085,0.0495,0.695,2.27395,0.624158298,0.693661182
11/07/2025,6259.75,-0.003302972,68.44999695,0.027849486,37.06000137,16.39999962,15.77999973,16.37999916,17.15999985,20.66000175,16.54399986,16.5619997,17.82949991,82.08430561,97.84999847,0.002046005,4.25,4.43,0.18,1.72,-0.013072082,3356,0.011568474,4,0.0105,0.0475,0.945,0.0035,-1.625,7.449935507,0.058,0.0035,0.383507525,0.185,0.054598687,-0.01,-0.04,0.0035,0.0045,0.0455,0.715,2.299,0.60784757,0.612523568
14/07/2025,6268.560059,0.001406424,66.98000336,-0.02170939,33.52999878,17.20000076,16.39999962,17.79000092,16.95000076,16.32999802,16.42599983,16.64999981,17.78849993,79.94530746,98.08000183,0.002347813,4.25,4.43,0.18,1.73,-0.031182927,3351.5,-0.001341782,0,0.0195,0.046,0.935,0.0035,-2.0375,8.692105578,0.0655,0.0035,0.434323398,0.2,0.064385619,0.005,0.005,0.002,0.0025,0.035,0.71,2.2439,0.649733364,0.559636193
15/07/2025,6243.759766,-0.003964145,66.51999664,-0.006891514,34.38000107,17.37999916,17.20000076,16.80999947,17.26000023,17.00000191,16.53999977,16.71499977,17.6164999,70.81101519,98.62000275,0.005490618,4.25,4.5,0.25,1.7,-0.031182927,3329.800049,-0.00649575,1,0.015,0.053,0.935,0.0035,-1.9875,8.299880708,0.068,0.0035,0.434703909,0.205,0.067849513,0.005,0.01,0.005,0.007,0.035,0.675,2.1596,0.707284511,0.640358231
16/07/2025,6263.700195,0.003188569,66.37999725,-0.002106839,33.15999985,17.15999985,17.37999916,15.93999958,18.02000046,16,16.78399982,16.74799976,17.51899986,72.33003661,98.38999939,-0.002334942,4.25,4.46,0.21,1.73,-0.031182927,3352.5,0.006794079,2,0.009,0.0285,0.961,0.0035,-1.075,6.430138898,0.0375,0.0035,0.291158112,0.215,0.07508562,0.01,0.03,0.255,0.355,0.36,0.1,3.0265,0.22633362,1.895931623
17/07/2025,6297.359863,0.00535938,67.54000092,0.017324264,32.84000015,16.52000046,17.15999985,15.77999973,20.81999969,16.31999969,16.93199997,16.73599987,17.26499987,71.18992469,98.73000336,0.003449719,4.25,4.47,0.22,1.71,-0.031182927,3340.100098,-0.00370556,3,0.0115,0.0275,0.961,0.0025,-1.2,6.787017018,0.039,0.0025,0.293420262,0.205,0.067849513,-0.01,0.01,0.07,0.365,0.34,0.075,2.422,0.40037907,1.608722792
18/07/2025,6296.790039,-9.05E-05,67.33999634,-0.002965669,32.16999817,16.40999985,16.52000046,16.39999962,19.11000061,15.75999832,16.93400002,16.73899994,17.07849989,68.33319104,98.48000336,-0.00253537,4.25,4.44,0.19,1.73,-0.031182927,3353,0.003854692,4,0.0085,0.038,0.9495,0.0025,-1.3125,6.696063005,0.0465,0.0025,0.33033864,0.195,0.061023166,-0.01,0,0.115,0.355,0.35,0.065,2.5145,0.316588173,1.675665238
21/07/2025,6305.600098,0.001398157,67.19999695,-0.002081157,31.37999916,16.64999962,16.40999985,17.20000076,21.60000038,14.72999954,16.82399979,16.62499981,16.87999983,66.00915515,97.84999847,-0.006417838,4.25,4.38,0.13,1.73,-0.013667639,3401.899902,0.014478603,0,0.0075,0.035,0.956,0.0015,-1.2125,6.331851526,0.0425,0.0015,0.298351587,0.175,0.048568446,0,-0.04,0.105,0.335,0.365,0.07,2.49,0.341156123,1.669240149
22/07/2025,6309.620117,0.000637328,66.20999908,-0.014841707,32.25999832,16.5,16.64999962,17.37999916,20.13999939,15.75999832,16.64799995,16.59399986,16.71349983,67.91897273,97.38999939,-0.004712149,4.25,4.35,0.1,1.73,-0.013667639,3439.199951,0.010904802,1,0.0065,0.0395,0.9535,0.0015,-1.275,6.34436763,0.046,0.0015,0.310945944,0.175,0.048568446,0,-0.03,0.125,0.33,0.365,0.07,2.53,0.305124565,1.702099117
23/07/2025,6358.910156,0.007781532,65.25,-0.014605449,32.38999939,15.36999989,16.5,17.15999985,20.62000084,17.0199995,16.28999996,16.53699989,16.60799985,69.84395541,97.20999908,-0.001849952,4.25,4.4,0.15,1.71,-0.013667639,3394.100098,-0.013200213,2,0.0065,0.0385,0.9555,0.0015,-1.25,6.300049603,0.045,0.0015,0.304957193,0.195,0.061023166,0.02,0,0.11,0.335,0.355,0.065,2.4595,0.364795581,1.665569438
24/07/2025,6363.350098,0.00069798,66.02999878,0.01188312,32.36999893,15.39000034,15.36999989,16.52000046,19.82999992,16.97999859,16.06399994,16.49799995,16.53949986,64.79809519,97.37999725,0.001747245,4.25,4.43,0.18,1.68,-0.013667639,3371,-0.006829223,3,0.0065,0.0305,0.962,0.0015,-1.05,5.928579193,0.037,0.0015,0.26863224,0.185,0.054598687,-0.01,0.01,0.105,0.335,0.355,0.065,2.446,0.376663988,1.656694306
25/07/2025,6388.640137,0.003966451,65.16000366,-0.013263326,32.88000107,14.93000031,15.39000034,16.40999985,17.47999954,17.95000076,15.76800003,16.35100002,16.45649986,80.54208306,97.65000153,0.00276885,4.25,4.4,0.15,1.69,-0.013667639,3334,-0.011036652,4,0.01,0.0285,0.9635,0.0005,-1.2,6.456670969,0.0385,0.0005,0.269894384,0.175,0.048568446,-0.01,0,0.11,0.33,0.36,0.07,2.475,0.353190812,1.677279503
28/07/2025,6389.77002,0.000176842,66.70999908,0.023509013,35.36999893,15.02999973,14.93000031,16.64999962,16.76000023,20.3399992,15.44400005,16.13399992,16.39199986,82.02876251,98.66000366,0.01028996,4.25,4.42,0.17,1.69,0.004576667,3309.100098,-0.007496506,0,0.009,0.042,0.9505,0.0005,-1.4875,6.845017828,0.051,0.0005,0.328347249,0.17,0.045698849,0.005,-0.025,0.1,0.325,0.38,0.05,2.432,0.388014845,1.605725834
29/07/2025,6370.859863,-0.00296383,69.20999908,0.036790495,38.04000092,15.97999954,15.02999973,16.5,16.59000015,22.06000137,15.33999996,15.99399996,16.35449986,72.64497035,98.91000366,0.00253075,4.25,4.34,0.09,1.7,0.004576667,3323.399902,0.004312047,1,0.0045,0.0325,0.9635,0.0005,-1.025,5.552064987,0.037,0.0005,0.252910737,0.165,0.042925063,-0.005,-0.02,0.1,0.325,0.38,0.045,2.417,0.399534291,1.590956332
30/07/2025,6362.899902,-0.001250214,70,0.011349894,37.75,15.47999954,15.97999954,15.36999989,16.31999969,22.27000046,15.36199989,15.82599993,16.28699985,68.0519886,99.94000244,0.010359648,4.25,4.38,0.13,1.69,0.004576667,3295.800049,-0.00833938,2,0.0025,0.0175,0.9815,0.0005,-0.55,4.147059802,0.02,0.0005,0.155672745,0.165,0.042925063,0,-0.01,0.11,0.32,0.39,0.06,2.504,0.328910444,1.649651354
31/07/2025,6339.390137,-0.003701662,69.26000214,-0.010627672,36.77999878,16.71999931,15.47999954,15.39000034,16.72999954,20.05999947,15.62799969,15.84599981,16.29099984,67.22767362,100.0299988,0.000900098,4.25,4.37,0.12,1.67,0.004576667,3293.199951,-0.000789224,3,0.016,0.425,0.555,0.0065,-11.2625,13.53368773,0.441,0.0065,1.138764401,0.125,0.024080635,-0.04,-0.05,0.065,0.335,0.435,0.025,2.45,0.37516663,1.44031924
01/08/2025,6238.009766,-0.016121387,67.33000183,-0.02826164,39.36999893,20.37999916,16.71999931,14.93000031,16.82999992,18.98999977,16.71799946,16.24299974,16.49099984,45.28123157,98.69000244,-0.01348648,4.12,4.23,0.11,1.75,0.004576667,3347.699951,0.016413807,4,0.0205,0.345,0.625,0.0075,-9.4625,13.48497371,0.3655,0.0075,1.121394853,0.115,0.020268824,-0.01,-0.05,0.085,0.33,0.41,0.042,2.4685,0.359198108,1.549586242
04/08/2025,6329.939941,0.014629564,66.29000092,-0.01556686,38.79000092,17.52000046,20.37999916,15.02999973,16.63999939,21.27000046,17.2159996,16.32999983,16.47749982,61.02498498,98.77999878,0.000911494,4.12,4.22,0.1,1.74,0.031463269,3374.399902,0.007943974,0,0.0775,0.705,0.205,0.0055,-21.3625,13.3514643,0.7825,0.0055,1.151460849,0.15,0.035169788,0.005,-0.015,0.11,0.32,0.4,0.04,2.473,0.352031575,1.590846169
05/08/2025,6299.189941,-0.004869704,65.16000366,-0.01719323,35.29999924,17.85000038,17.52000046,15.97999954,16.37999916,17.44999886,17.58999977,16.46499987,16.52949986,54.41799511,98.77999878,0,4.12,4.22,0.1,1.72,0.031463269,3381.899902,0.002220151,1,0.079,0.735,0.165,0.0055,-22.1875,12.66479071,0.814,0.0055,1.085969587,0.145,0.032770533,-0.005,0.02,0.085,0.31,0.41,0.0325,2.384,0.428523512,1.514133748
06/08/2025,6345.060059,0.007255522,64.34999847,-0.01250893,36.66999817,16.77000046,17.85000038,15.47999954,17.79000092,19.89999771,17.84799995,16.60499992,16.57099991,55.76283705,98.18000031,-0.006092611,4.12,4.22,0.1,1.75,0.031463269,3380,-0.000561943,2,0.0695,0.745,0.185,0.0055,-21.9625,12.76216482,0.8145,0.0055,1.075397379,0.145,0.032770533,0,0.03,0.085,0.285,0.465,0.022,2.442,0.382851078,1.453242834
07/08/2025,6340,-0.000797798,63.88000107,-0.00733057,35.00999832,16.56999969,16.77000046,16.71999931,16.80999947,18.43999863,17.81800003,16.72299986,16.61049991,55.16432418,98.40000153,0.002238288,4.12,4.23,0.11,1.74,0.031463269,3400.300049,0.005987968,3,0.066,0.785,0.145,0.0055,-22.7875,11.85627467,0.851,0.0055,0.978198415,0.145,0.032770533,0,-0.02,0.09,0.335,0.43,0.0375,2.5405,0.297219907,1.542406279
08/08/2025,6389.450195,0.007769455,63.88000107,0,34.06000137,15.14999962,16.56999969,20.37999916,15.93999958,18.91000175,16.77200012,16.74499979,16.54799991,59.13418219,98.18000031,-0.002238288,4.12,4.27,0.15,1.74,0.031463269,3439.100098,0.01134616,4,0.0675,0.755,0.175,0.0055,-22.1125,12.51266285,0.8225,0.0055,1.049956476,0.135,0.028245775,-0.01,-0.01,0.1,0.355,0.455,0.0355,2.69,0.166680983,1.550478854
11/08/2025,6373.450195,-0.002507268,63.95999908,0.001251534,31.39999962,16.25,15.14999962,17.52000046,15.77999973,15.14999962,16.51800003,16.86699982,16.50049987,56.77643829,98.51999664,0.003457007,4.12,4.27,0.15,1.72,-0.008888947,3353.100098,-0.025324517,0,0.0665,0.755,0.175,0.0055,-22.0625,12.48127003,0.8215,0.0055,1.047499463,0.125,0.024080635,0,-0.02,0.0835,0.345,0.415,0.0075,2.41745,0.395392067,1.408293785
12/08/2025,6445.759766,0.011281559,63.16999817,-0.012428398,30.30999947,14.72999954,16.25,17.85000038,16.39999962,15.57999992,15.89399986,16.74199982,16.36799989,58.79062007,98.09999847,-0.004272188,4.12,4.29,0.17,1.73,-0.008888947,3348.899902,-0.001253416,1,0.0635,0.73,0.21,0.0055,-21.2875,13.01377204,0.7935,0.0055,1.098096996,0.12,0.022130949,-0.005,-0.025,0.0175,0.285,0.545,0.0235,2.49625,0.349038499,1.222668391
13/08/2025,6466.580078,0.003224873,62.65000153,-0.00826577,33.81999969,14.48999977,14.72999954,16.77000046,17.20000076,19.32999992,15.43799973,16.64299984,16.23449988,60.11323726,97.83999634,-0.002653897,4.12,4.24,0.12,1.71,-0.008888947,3358.699951,0.002922075,2,0.0575,0.805,0.125,0.0055,-22.8625,11.13372069,0.8625,0.0055,0.905118004,0.12,0.022130949,0,-0.015,0.05,0.15,0.37,0.26,2.408,0.456067013,1.662658571
14/08/2025,6468.540039,0.000303045,63.95999908,0.020694168,35.95999908,14.82999992,14.48999977,16.56999969,17.37999916,21.12999916,15.08999977,16.4539999,16.14999986,58.20259279,98.25,0.004181797,4.12,4.29,0.17,1.71,-0.008888947,3335.199951,-0.007021347,3,0.085,0.795,0.125,0.0045,-24.0125,11.87708067,0.88,0.0045,0.975498523,0.115,0.020268824,-0.005,-0.01,0.0385,0.0385,0.395,0.155,1.82225,0.860394084,1.308049907
15/08/2025,6449.799805,-0.00290134,62.79999924,-0.018302812,37.22000122,15.09000015,14.82999992,15.14999962,17.15999985,22.13000107,15.07799988,15.925,16.08399987,55.94765487,97.84999847,-0.004079573,4.12,4.33,0.21,1.69,-0.008888947,3336,0.000239852,4,0.0375,0.72,0.235,0.0045,-19.7625,12.44324815,0.7575,0.0045,1.044925857,0.115,0.020268824,0,-0.01,0.05,0.041,0.4,0.15,1.8598,0.836274262,1.344350005
18/08/2025,6449.149902,-0.000100768,63.41999817,0.009824179,32.15000153,14.98999977,15.09000015,16.25,16.52000046,17.16000175,14.82599983,15.67199993,16.00099988,58.0480621,98.16999817,0.003264973,4.12,4.34,0.22,1.7,0.039392402,3331.699951,-0.001289815,0,0.035,0.715,0.245,0.0055,-19.4875,12.57933723,0.75,0.0055,1.053752509,0.135,0.028245775,0.01,0.015,0.0475,0.053,0.395,0.14,1.84215,0.844565905,1.359853372
19/08/2025,6411.370117,-0.005875329,62.34999847,-0.017015593,33.04000092,15.56999969,14.98999977,14.72999954,16.40999985,17.47000122,14.99399986,15.44399986,15.95449986,54.69481148,98.26999664,0.001018107,4.12,4.3,0.18,1.71,0.039392402,3313.399902,-0.005507847,1,0.03,0.705,0.265,0.0055,-18.9875,12.66965793,0.735,0.0055,1.056309631,0.13,0.02611865,-0.005,0.015,0.048,0.0695,0.375,0.14,1.8317,0.848773652,1.405384289
20/08/2025,6395.779785,-0.002434631,63.20999908,0.013698854,32.50999832,15.68999958,15.56999969,14.48999977,16.64999962,16.81999874,15.23399982,15.33599977,15.97049985,55.54698457,98.22000122,-0.000508885,4.12,4.29,0.17,1.73,0.039392402,3343.399902,0.009013401,2,0.0265,0.695,0.285,0.0045,-18.5875,12.7178139,0.7215,0.0045,1.054826125,0.125,0.024080635,-0.005,0.01,0.0365,0.059,0.405,0.12,1.79825,0.868217499,1.310417611
21/08/2025,6370.169922,-0.00401222,63.52000046,0.004892322,31.54000092,16.60000038,15.68999958,14.82999992,16.5,14.94000053,15.58799992,15.33899984,16.03099985,65.27790635,98.62000275,0.004064236,4.12,4.33,0.21,1.72,0.039392402,3336.899902,-0.001946021,3,0.0245,0.685,0.295,0.0045,-18.2375,12.7504726,0.7095,0.0045,1.05963008,0.125,0.024080635,0,0,0.0255,0.047,0.4,0.12,1.72045,0.912276222,1.238145319
22/08/2025,6466.910156,0.015072285,63.65999985,0.002201595,30.35000038,14.22000027,16.60000038,15.09000015,15.36999989,16.13000011,15.41399994,15.24599991,15.99549985,65.65980352,97.72000122,-0.00916785,4.12,4.26,0.14,1.73,0.039392402,3374.399902,0.011175299,4,0.0225,0.605,0.365,0.0105,-15.9875,13.64199927,0.6275,0.0105,1.161527135,0.11,0.018493503,-0.015,-0.015,0.024,0.0385,0.39,0.15,1.7536,0.89957192,1.250393024
25/08/2025,6439.319824,-0.004275513,64.80000305,0.017749231,31.23999977,14.78999996,14.22000027,14.98999977,15.39000034,16.44999981,15.37399998,15.0999999,15.98349986,66.13764111,98.43000031,0.00723938,4.12,4.28,0.16,1.7,-0.01731645,3373.800049,-0.000177782,0,0.042,0.805,0.145,0.0035,-22.1375,10.8645425,0.847,0.0035,0.87650816,0.115,0.020268824,0.005,-0.01,0.0285,0.0415,0.345,0.175,1.71865,0.919117223,1.306543151
26/08/2025,6465.939941,0.004125474,63.25,-0.024210523,33.72999954,14.61999989,14.78999996,15.56999969,14.93000031,19.10999966,15.18400002,15.08899994,15.91549988,64.56661779,98.23000336,-0.002033937,4.12,4.26,0.14,1.75,-0.01731645,3388.600098,0.004377166,1,0.0385,0.755,0.205,0.0055,-20.6625,12.09674954,0.7935,0.0055,0.997004556,0.11,0.018493503,-0.005,-0.015,0.0315,0.044,0.35,0.17,1.73325,0.910361748,1.320104884
27/08/2025,6481.399902,0.00238813,64.15000153,0.014128987,31.94000053,14.85000038,14.61999989,15.68999958,15.02999973,17.09000015,15.01600018,15.125,15.88399992,66.62273537,98.23000336,0,4.12,4.24,0.12,1.77,-0.01731645,3404.600098,0.004710602,2,0.045,0.775,0.175,0.0045,-21.5125,11.69052821,0.82,0.0045,0.961450708,0.105,0.016804243,-0.005,-0.005,0.0225,0.0345,0.36,0.175,1.72635,0.916986736,1.261404449
28/08/2025,6501.859863,0.003151747,64.59999847,0.006990272,33.97999954,14.43000031,14.85000038,16.60000038,15.97999954,19.54999924,14.58200016,15.08500004,15.76949997,64.18130186,97.80999756,-0.004284906,4.12,4.22,0.1,1.75,-0.01731645,3431.800049,0.007957432,3,0.0465,0.775,0.165,0.0065,-21.5375,11.7293029,0.8215,0.0065,0.966966199,0.1,0.015200309,-0.005,0,0.023,0.0245,0.335,0.21,1.7322,0.918625358,1.257647523
29/08/2025,6460.259766,-0.00641874,64.01000214,-0.009175033,32.63000107,15.35999966,14.43000031,14.22000027,15.47999954,17.27000141,14.81000004,15.11199999,15.51849999,60.28718433,97.76999664,-0.000409049,4.12,4.23,0.11,1.8,-0.01731645,3473.699951,0.012135375,4,0.0395,0.775,0.175,0.0055,-21.2125,11.59062091,0.8145,0.0055,0.950476518,0.105,0.016804243,0.005,-0.005,0.033,0.034,0.305,0.21,1.6988,0.932707563,1.323593196
02/09/2025,6415.540039,-0.00694635,65.58999634,0.024383835,34.27999878,17.17000008,15.35999966,14.78999996,16.71999931,17.1099987,15.28600006,15.33000002,15.50099998,46.16832382,98.40000153,0.006423072,3.92,4.28,0.36,1.81,0.030109801,3549.399902,0.021558253,1,0.046,0.815,0.135,0.0045,-22.5625,10.88005639,0.861,0.0045,0.869963716,0.08,0.009623539,0,-0.02,0.024,0.02,0.345,0.2,1.7213,0.923360831,1.236091913
03/09/2025,6448.259766,0.005087112,63.97000122,-0.025008947,35.22000122,16.35000038,17.17000008,14.61999989,20.37999916,18.87000084,15.63200016,15.40800009,15.42599998,47.7451381,98.13999939,-0.002645795,3.92,4.22,0.3,1.78,0.030109801,3593.199951,0.012264609,2,0.046,0.825,0.125,0.0035,-22.8375,10.53566885,0.871,0.0035,0.83686226,0.085,0.01089329,0.005,-0.02,0.018,0.0265,0.31,0.24,1.7418,0.917594461,1.261057907
04/09/2025,6502.080078,0.008311847,63.47999954,-0.007689354,35.02999878,15.30000019,16.35000038,14.85000038,17.52000046,19.72999859,15.72200012,15.36900015,15.35249996,53.66077234,98.34999847,0.002137505,3.92,4.17,0.25,1.8,0.030109801,3565.800049,-0.00765471,3,0.055,0.855,0.085,0.0035,-24.0375,9.767005254,0.91,0.0035,0.754224431,0.085,0.01089329,0,-0.02,0.0165,0.03,0.33,0.22,1.74555,0.913453868,1.257865637
05/09/2025,6481.5,-0.003170173,61.86999893,-0.025689496,33.33000183,15.18000031,15.30000019,14.43000031,17.85000038,18.15000153,15.87200012,15.22700014,15.28299999,53.44611968,97.76999664,-0.005914782,3.92,4.1,0.18,1.78,0.030109801,3613.199951,0.013205346,4,0.0565,0.875,0.065,0.0035,-24.6125,9.194419163,0.9315,0.0035,0.687667717,0.075,0.008435605,-0.01,-0.015,0.02,0.031,0.29,0.25,1.7318,0.923019005,1.286140157
08/09/2025,6495.149902,0.002103764,62.25999832,0.006283746,35.02999878,15.10999966,15.18000031,15.35999966,16.77000046,19.91999912,15.82200012,15.31600008,15.28099999,54.86319176,97.44999695,-0.003278353,3.92,4.05,0.13,1.76,0.092996257,3638.100098,0.006867801,0,0.093,0.865,0.037,0.0025,-26.2125,9.26685523,0.958,0.0025,0.697252241,0.08,0.009623539,-0.005,-0.005,0.02,0.045,0.34,0.17,1.676,0.940855568,1.277964635
09/09/2025,6512.609863,0.002684547,62.63000107,0.005925276,33.43999863,15.03999996,15.10999966,17.17000008,16.56999969,18.39999866,15.3960001,15.34100008,15.22049999,61.18373146,97.79000092,0.003482937,3.92,4.08,0.16,1.75,0.092996257,3643.300049,0.001428284,1,0.175,0.795,0.0315,0.0025,-28.5625,11.10785125,0.97,0.0025,0.881921555,0.09,0.012245539,0.01,0.005,0.0155,0.035,0.305,0.225,1.69935,0.937137394,1.269159104
10/09/2025,6532.040039,0.002979028,63.66999817,0.016469052,33.34999847,15.35000038,15.03999996,16.35000038,15.14999962,17.99999809,15.1960001,15.41400013,15.25150003,64.92574594,97.77999878,-0.000102287,3.92,4.04,0.12,1.75,0.092996257,3643.600098,8.24E-05,2,0.1455,0.815,0.0395,0.0025,-27.5875,10.74802396,0.9605,0.0025,0.85091038,0.09,0.012245539,0,0.015,0.011,0.028,0.305,0.195,1.5776,0.99176177,1.198405676
11/09/2025,6587.470215,0.008450088,62.36999893,-0.020629092,33.95999908,14.71000004,15.35000038,15.30000019,16.25,19.24999905,15.07800007,15.4000001,15.26250005,72.34308964,97.54000092,-0.002457485,3.92,4.01,0.09,1.74,0.092996257,3636.899902,-0.001840587,3,0.149,0.825,0.0265,0.0015,-28.0375,10.22415261,0.974,0.0015,0.791085903,0.085,0.01089329,-0.005,0.01,0.011,0.045,0.395,0.17,1.8112,0.872471053,1.236813451
12/09/2025,6584.290039,-0.000482878,62.68999863,0.00511755,31.77000046,14.76000023,14.71000004,15.18000031,14.72999954,17.01000023,14.99400005,15.43300009,15.25900006,64.94444804,97.55000305,0.000102539,3.92,4.06,0.14,1.7,0.092996257,3649.399902,0.0034311,4,0.113,0.865,0.0245,0.0015,-27.2375,9.227600954,0.978,0.0015,0.681608145,0.125,0.024080635,0.04,0.04,0.085,0.2,0.37,0.085,2.1175,0.644014072,1.599701533
15/09/2025,6615.279785,0.004695578,63.29999924,0.009683394,30.97999954,15.68999958,14.76000023,15.10999966,14.48999977,15.28999996,15.11000004,15.46600008,15.28900003,72.21042978,97.30000305,-0.002566078,3.92,4.05,0.13,1.68,-0.105789608,3682.199951,0.008947643,0,0.0685,0.905,0.0275,0.0015,-26.0125,7.928049517,0.9735,0.0015,0.551913258,0.095,0.013680979,0,0.005,0.05,0.31,0.395,0.031,2.2415,0.544355388,1.424579994
16/09/2025,6606.759766,-0.00128876,64.51999664,0.019089884,33.16999817,16.36000061,15.68999958,15.03999996,14.82999992,16.80999756,15.37400017,15.38500013,15.35750008,68.62597441,96.62999725,-0.006909797,3.92,4.04,0.12,1.69,-0.105789608,3688.899902,0.001817898,1,0.068,0.905,0.024,0.0015,-25.9875,7.75882198,0.973,0.0015,0.537266138,0.095,0.013680979,0,0.01,0.055,0.315,0.415,0.033,2.333,0.473503117,1.444079705
17/09/2025,6600.350098,-0.000970639,64.05000305,-0.007311125,31.04999924,15.72000027,16.36000061,15.35000038,15.09000015,15.32999897,15.44800014,15.32200012,15.3650001,66.1192351,96.87000275,0.002480678,3.92,4.06,0.14,1.7,-0.105789608,3681.800049,-0.001926508,2,0.0445,0.945,0.0155,0.0005,-25.8375,6.187306683,0.9895,0.0005,0.375594777,0.08,0.009623539,-0.015,-0.045,0.055,0.335,0.405,0.03,2.351,0.457098266,1.438584613
18/09/2025,6631.959961,0.004777688,63.56999969,-0.00752242,31.87999916,15.69999981,15.72000027,14.71000004,14.98999977,16.17999935,15.6460001,15.36200008,15.36550012,67.11304649,97.34999847,0.004942814,3.92,4.11,0.19,1.68,-0.105789608,3643.699951,-0.010402141,3,0.0735,0.785,0.145,0.0075,-23.1125,12.27806613,0.8585,0.0075,1.007852655,0.055,0.004488757,-0.025,-0.05,0.06,0.345,0.41,0.0355,2.4235,0.397971844,1.471577105
19/09/2025,6664.359863,0.004873524,62.68000031,-0.014099234,30.53000069,15.44999981,15.69999981,14.76000023,15.56999969,15.08000088,15.78400002,15.38900003,15.30800009,77.51272637,97.63999939,0.002974523,3.92,4.14,0.22,1.68,-0.105789608,3671.5,0.007600662,4,0.044,0.835,0.115,0.0065,-22.9125,10.54596298,0.879,0.0065,0.821564928,0.065,0.006302512,0.01,-0.03,0.045,0.345,0.415,0.0425,2.4185,0.405417756,1.451222023
22/09/2025,6693.75,0.004400351,62.63999939,-0.00063838,30.87999916,16.10000038,15.44999981,15.68999958,15.68999958,14.77999878,15.86600018,15.48800011,15.40200009,89.11950325,97.33000183,-0.003179954,3.92,4.15,0.23,1.67,-0.061966724,3740.699951,0.018672449,0,0.041,0.855,0.105,0.0055,-23.2875,10.07620184,0.896,0.0055,0.764867176,0.06,0.00535604,0.005,-0.02,0.06,0.325,0.425,0.04,2.4245,0.399649487,1.480919324
23/09/2025,6656.919922,-0.005517352,63.40999985,0.012217533,32.58000183,16.63999939,16.10000038,16.36000061,16.60000038,15.94000244,15.92199993,15.64800005,15.49450006,79.00473213,97.26000214,-0.000719458,3.92,4.12,0.2,1.69,-0.061966724,3780.600098,0.010610006,1,0.041,0.835,0.125,0.0055,-22.7875,10.57911148,0.876,0.0055,0.822449297,0.06,0.00535604,0,0.005,0.055,0.32,0.43,0.041,2.4145,0.409205293,1.468679173
24/09/2025,6637.970215,-0.002850677,64.98999786,0.024611804,34.08000183,16.18000031,16.63999939,15.72000027,14.22000027,17.90000153,16.01399994,15.73100004,15.57250009,70.91714255,97.87000275,0.006252269,3.92,4.16,0.24,1.68,-0.061966724,3732.100098,-0.012911649,2,0.0395,0.825,0.125,0.0055,-22.4625,10.52263153,0.8645,0.0055,0.829399609,0.055,0.004488757,-0.005,-0.01,0.06,0.325,0.43,0.035,2.424,0.399446617,1.463359205
25/09/2025,6604.720215,-0.005021649,64.98000336,-0.000153797,36.84999847,16.73999977,16.18000031,15.69999981,14.78999996,20.1099987,16.22199993,15.93400002,15.66700006,68.25487305,98.55000305,0.006923969,3.92,4.18,0.26,1.67,-0.061966724,3736.899902,0.001285261,3,0.0415,0.825,0.135,0.0055,-22.5625,10.83095373,0.8665,0.0055,0.850777154,0.065,0.006302512,0.01,-0.005,0.055,0.335,0.44,0.026,2.4405,0.384759605,1.416741066
26/09/2025,6643.700195,0.005884489,65.72000122,0.01132373,35.84999847,15.28999996,16.73999977,15.44999981,14.61999989,20.55999851,16.18999996,15.98699999,15.71000004,70.471083,98.15000153,-0.004067128,3.92,4.2,0.28,1.65,-0.061966724,3775.300049,0.010223498,4,0.036,0.795,0.165,0.0055,-21.5375,11.2758321,0.831,0.0055,0.905970837,0.065,0.006302512,0,0.01,0.09,0.325,0.46,0.022,2.553,0.28558129,1.476112636
29/09/2025,6661.209961,0.002632077,63.45000076,-0.035151106,35.54000092,16.12000084,15.28999996,16.10000038,14.85000038,19.42000008,16.19400005,16.03000011,15.7480001,70.4751358,97.91000366,-0.00244821,3.92,4.15,0.23,1.64,0.027028672,3820.899902,0.012006109,0,0.035,0.805,0.155,0.0055,-21.7375,11.03539094,0.84,0.0055,0.879375911,0.065,0.006302512,0,0.01,0.085,0.325,0.46,0.0185,2.529,0.306223331,1.451104627
30/09/2025,6688.459961,0.004082504,62.36999893,-0.017167833,35.58000183,16.28000069,16.12000084,16.63999939,14.43000031,19.30000114,16.12200031,16.02200012,15.70350013,71.09795678,97.76999664,-0.00143098,3.92,4.16,0.24,1.67,0.027028672,3840.800049,0.00519472,1,0.0325,0.805,0.155,0.0055,-21.6125,10.94432015,0.8375,0.0055,0.870759402,0.065,0.006302512,0,0,0.07,0.38,0.445,0.0075,2.566,0.270405788,1.371764316
01/10/2025,6711.200195,0.003394154,61.77999878,-0.009504706,36.38999939,16.29000092,16.28000069,16.18000031,15.35999966,20.09999847,16.14400043,16.07900019,15.70050015,68.30274918,97.70999908,-0.000613849,3.82,4.12,0.3,1.69,0.027028672,3867.5,0.006927613,2,0.036,0.855,0.105,0.0055,-23.0375,9.893542508,0.891,0.0055,0.748580586,0.065,0.006302512,0,0,0.09,0.375,0.415,0.021,2.5595,0.275057749,1.486894628
02/10/2025,6715.350098,0.000618164,60.47999954,-0.021266943,37.61999893,16.62999916,16.29000092,16.73999977,17.17000008,20.98999977,16.12200031,16.17200012,15.7670001,69.33158943,97.84999847,0.00143178,3.82,4.1,0.28,1.68,0.027028672,3839.699951,-0.007214078,3,0.037,0.905,0.055,0.0055,-24.3375,8.410076011,0.942,0.0055,0.577741859,0.055,0.004488757,-0.01,-0.01,0.085,0.375,0.405,0.016,2.502,0.32365958,1.456507551
03/10/2025,6715.790039,6.55E-05,60.88000107,0.006592007,36.5,16.64999962,16.62999916,15.28999996,16.35000038,19.85000038,16.39400024,16.2920001,15.84050007,66.29389405,97.72000122,-0.001329419,3.82,4.13,0.31,1.66,0.027028672,3880.800049,0.010647105,4,0.038,0.895,0.065,0.0055,-24.1375,8.788217107,0.933,0.0055,0.620121737,0.06,0.00535604,0.005,-0.005,0.085,0.375,0.365,0.0275,2.4205,0.392178229,1.506225718
06/10/2025,6740.279785,0.003639959,61.68999863,0.01321709,32.43999863,16.37000084,16.64999962,16.12000084,15.30000019,16.06999779,16.44400024,16.31900015,15.90350013,70.5796026,98.11000061,0.003983046,3.82,4.18,0.36,1.65,0.034938051,3948.5,0.017294429,0,0.0325,0.895,0.075,0.0045,-23.8875,8.764652437,0.9275,0.0045,0.619250991,0.055,0.004488757,0,-0.01,0.125,0.39,0.315,0.0265,2.4225,0.381920284,1.568571964
07/10/2025,6714.589844,-0.003818688,61.72999954,0.000648208,31.81999969,17.23999977,16.37000084,16.28000069,15.18000031,14.57999992,16.63600006,16.37900019,16.01350012,66.62011352,98.58000183,0.004779115,3.82,4.14,0.32,1.67,0.034938051,3976.600098,0.007091447,1,0.0285,0.895,0.075,0.0045,-23.6875,8.603669956,0.9235,0.0045,0.604877442,0.06,0.00535604,0.005,0.005,0.13,0.38,0.285,0.0295,2.33,0.455607342,1.579175065
08/10/2025,6753.720215,0.005810748,62.54999924,0.013196196,31.53000069,16.29999924,17.23999977,16.29000092,15.10999966,15.23000145,16.63799973,16.39100008,16.06100006,67.33490255,98.84999847,0.002735114,3.82,4.13,0.31,1.68,0.034938051,4043.300049,0.016633995,2,0.0285,0.885,0.085,0.0035,-23.4625,8.784905894,0.9135,0.0035,0.63311724,0.055,0.004488757,-0.005,-0.005,0.145,0.375,0.285,0.016,2.316,0.462508136,1.546168874
09/10/2025,6735.109863,-0.002759374,61.50999832,-0.016766489,32.47999954,16.43000031,16.29999924,16.62999916,15.03999996,16.04999924,16.59799995,16.36000013,16.14700007,60.48427243,99.54000092,0.006956048,3.82,4.14,0.32,1.69,0.034938051,3946.300049,-0.024282759,3,0.0235,0.895,0.085,0.0035,-23.4625,8.58353168,0.9185,0.0035,0.601247199,0.06,0.00535604,0.005,0,0.135,0.37,0.295,0.0245,2.3295,0.455485094,1.571399018
10/10/2025,6552.509766,-0.027485975,58.90000153,-0.043358619,37.72999954,21.65999985,16.43000031,16.64999962,15.35000038,16.06999969,17.6,16.99700012,16.49200006,35.60594751,98.98000336,-0.005641739,3.82,4.05,0.23,1.72,0.034938051,3975.899902,0.00747267,4,0.022,0.905,0.075,0.0025,-23.6625,8.049422733,0.927,0.0025,0.553351143,0.06,0.00535604,0,0.005,0.145,0.37,0.265,0.0205,2.2575,0.507917959,1.55737268
14/10/2025,6644.310059,-0.001565551,58.70000076,-0.01336852,37.90000153,20.80999947,19.03000069,17.23999977,14.76000023,17.09000206,18.84599991,17.74099998,16.88150005,50.57902248,99.05000305,-0.002218573,3.82,4.03,0.21,1.71,-0.048361072,4138.700195,0.040130663,1,0.0295,0.915,0.055,0.0025,-24.2875,7.647523067,0.9445,0.0025,0.51896872,0.055,0.004488757,0,-0.005,0.115,0.36,0.385,0.0115,2.4695,0.346441139,1.493706436
15/10/2025,6671.060059,0.004017919,58.27000046,-0.007352351,36.61999893,20.63999939,20.80999947,16.29999924,15.68999958,15.97999954,19.71399994,18.17599983,17.12750001,56.13166674,98.79000092,-0.00262841,3.82,4.05,0.23,1.68,-0.048361072,4176.899902,0.009187545,2,0.024,0.935,0.045,0.0025,-24.5125,6.998603505,0.959,0.0025,0.442735484,0.055,0.004488757,0,-0.005,0.12,0.35,0.395,0.0035,2.46,0.353361854,1.455052155
16/10/2025,6629.069824,-0.00631428,57.45999908,-0.013998351,38.25999832,25.30999947,20.63999939,16.43000031,16.36000061,12.94999886,21.48999977,19.04399986,17.60799999,48.65522556,98.38999939,-0.004057228,3.82,3.99,0.17,1.71,-0.048361072,4280.200195,0.024430462,3,0.02,0.945,0.0315,0.0025,-24.5625,6.186095485,0.965,0.0025,0.36874966,0.055,0.004488757,0,-0.01,0.12,0.365,0.39,0.0155,2.5235,0.300742462,1.52076545
17/10/2025,6664.009766,0.005256874,57.54000092,0.001391336,37.24000168,20.78000069,25.30999947,21.65999985,15.72000027,16.46000099,21.31399994,19.45699997,17.87450004,50.24935856,98.43000031,0.000406472,3.82,4.02,0.2,1.7,-0.048361072,4189.899902,-0.021322939,4,0.038,0.935,0.0275,0.0025,-25.2125,6.868358917,0.973,0.0025,0.434119091,0.06,0.00535604,0.005,-0.005,0.135,0.35,0.415,0.0065,2.5675,0.261508108,1.493895078
20/10/2025,6735.129883,0.010615724,57.52000046,-0.000347653,36.77000046,18.22999954,20.78000069,19.03000069,15.69999981,18.54000092,21.15399971,19.64299984,17.98099999,53.85528834,98.58999634,0.001624161,3.82,4,0.18,1.68,0.039740329,4336.399902,0.034367644,0,0.0255,0.945,0.026,0.0025,-24.8375,6.198321736,0.9705,0.0025,0.370614261,0.055,0.004488757,0,0,0.135,0.385,0.41,0.0035,2.642,0.194435321,1.476121806
21/10/2025,6735.350098,3.27E-05,57.81999969,0.00520201,35.86999893,17.87000084,18.22999954,20.80999947,15.44999981,17.99999809,20.56599998,19.70599995,18.04250007,52.07205848,98.93000031,0.003442733,3.82,3.98,0.16,1.67,0.039740329,4087.699951,-0.059062036,1,0.019,0.955,0.0235,0.0025,-24.7625,5.72329396,0.974,0.0025,0.320850142,0.055,0.004488757,0,0,0.16,0.385,0.375,0.011,2.6305,0.201425328,1.555397747
22/10/2025,6699.399902,-0.005351835,58.5,0.011692023,38.09000015,18.60000038,17.87000084,20.63999939,16.10000038,19.48999977,20.15800018,19.93600006,18.16350007,48.70229032,98.90000153,-0.000303278,3.82,3.97,0.15,1.69,0.039740329,4044.399902,-0.010649269,2,0.017,0.96,0.0225,0.0015,-24.8125,5.328508601,0.977,0.0015,0.29370409,0.05,0.003700029,-0.005,-0.01,0.13,0.425,0.385,0.0115,2.692,0.150708646,1.511549246
23/10/2025,6738.439941,0.00581048,61.79000092,0.0547148,40.45999908,17.29999924,18.60000038,25.30999947,16.63999939,23.15999985,18.55600014,20.02299995,18.19150004,51.73389252,98.94000244,0.000404376,3.82,4.01,0.19,1.66,0.039740329,4125.5,0.01985404,3,0.0145,0.9605,0.0235,0.0015,-24.7,5.235456045,0.975,0.0015,0.285643326,0.06,0.00535604,0.01,0.005,0.13,0.445,0.395,0.008,2.7665,0.092467619,1.487514843
24/10/2025,6791.689941,0.007871362,61.5,-0.004704379,38.70000076,16.37000084,17.29999924,20.78000069,16.18000031,22.32999992,17.67400017,19.49400005,18.24550009,53.76955883,98.94999695,0.000101011,3.82,4.02,0.2,1.65,0.039740329,4118.399902,-0.00172251,4,0.015,0.962,0.0225,0.0015,-24.7625,5.207617032,0.977,0.0015,0.281885425,0.055,0.004488757,-0.005,0,0.125,0.435,0.39,0.0055,2.703,0.140409044,1.46847901
30/10/2025,6822.339844,-0.009954191,60.56999969,0.001486992,34.74000168,16.90999985,16.92000008,17.29999924,16.28000069,17.83000183,16.48200016,17.51900015,18.28150001,73.11646328,99.52999878,0.003119475,3.82,4.11,0.29,1.64,-0.044255009,4001.300049,0.004408297,3,0.009,0.9795,0.0115,0.0005,-24.925,3.749000242,0.9885,0.0005,0.170001192,0.045,0.002989231,0,-0.005,0.41,0.425,0.42,0.425,4.79,2.517138852,2.102326464
31/10/2025,6840.200195,0.002614501,60.97999954,0.006746218,36.20000076,17.44000053,16.90999985,16.37000084,16.29000092,18.76000023,16.6960001,17.18500013,18.32100005,68.57468101,99.80000305,0.00270912,3.82,4.11,0.29,1.69,-0.044255009,3982.199951,-0.004784902,4,0.009,0.9795,0.0115,0.0005,-24.925,3.749000242,0.9885,0.0005,0.170001192,0.04,0.002355748,-0.005,-0.005,0.065,0.2,0.34,0.31,2.6515,0.251414615,1.773675991
03/11/2025,6851.970215,0.001719234,61.04999924,0.001147254,34.31000137,17.17000008,17.44000053,15.78999996,16.62999916,17.1400013,16.97200012,17.07900019,18.36100001,70.73940276,99.87000275,0.000701154,3.78,4.13,0.35,1.71,0.031182927,4000.300049,0.004534952,0,0.027,0.675,0.295,0.0115,-17.9375,13.32454509,0.702,0.0115,1.117090046,0.036,0.001904218,-0.001,-0.009,0.0735,0.135,0.525,0.22,2.75895,0.153983636,1.635439009
04/11/2025,6771.549805,-0.01180625,60.56000137,-0.008058556,34.27000046,19,17.17000008,16.42000008,16.64999962,15.27000046,17.48800011,17.1920001,18.44900002,59.06436664,100.2200012,0.003498414,3.78,4.1,0.32,1.72,0.031182927,3947.699951,-0.013236252,1,0.025,0.665,0.305,0.0115,-17.5875,13.34177367,0.69,0.0115,1.121036556,0.0325,0.001549159,-0.0035,-0.0125,0.057,0.135,0.53,0.23,2.7589,0.156036495,1.59869936
05/11/2025,6796.290039,0.003646898,59.59999847,-0.015979083,33.68999863,18.01000023,19,16.92000008,16.37000084,15.6799984,17.70600014,17.13300009,18.53450007,65.56805464,100.1999969,-0.000199624,3.78,4.17,0.39,1.7,0.031182927,3980.300049,0.008224087,2,0.029,0.685,0.275,0.0115,-18.2875,13.17372613,0.714,0.0115,1.108287896,0.0445,0.002922414,0.012,0.0045,0.0355,0.145,0.52,0.225,2.68485,0.219882294,1.549698484
06/11/2025,6720.319824,-0.011241135,59.43000031,-0.002856394,33.75999832,19.5,18.01000023,16.90999985,17.23999977,14.25999832,18.22400017,17.35300016,18.68800006,54.87033472,99.73000336,-0.00470159,3.78,4.11,0.33,1.72,0.031182927,3979.899902,-0.000100537,3,0.0185,0.645,0.325,0.0115,-16.7625,13.25070163,0.6635,0.0115,1.115607064,0.046,0.003125186,0.0015,0.01,0.0355,0.155,0.52,0.22,2.69785,0.207248525,1.559016572
07/11/2025,6728.799805,0.001261046,59.75,0.005370036,33.33000183,19.07999992,19.5,17.44000053,16.29999924,14.25000191,18.55200005,17.62400007,18.55900006,49.3859684,99.59999847,-0.001304419,3.78,4.11,0.33,1.75,0.031182927,3999.399902,0.004887657,4,0.0205,0.735,0.235,0.0125,-19.0875,12.45784258,0.7555,0.0125,1.011445813,0.0395,0.002296628,-0.0065,0.0025,0.0305,0.15,0.52,0.215,2.65535,0.244666531,1.531472495
10/11/2025,6832.430176,0.015283627,60.13000107,0.006339712,32.11999893,17.60000038,19.07999992,17.17000008,16.43000031,14.51999855,18.63800011,17.80500011,18.48750005,57.8434312,99.62000275,0.000200826,3.78,4.13,0.35,1.73,0,4111.799805,0.027716516,0,0.0225,0.725,0.245,0.0045,-19.1375,12.0351511,0.7475,0.0045,0.991747321,0.0355,0.001851213,-0.005,-0.009,0.0215,0.16,0.555,0.205,2.73055,0.177795822,1.482248398
12/11/2025,6850.919922,0.000629319,58.49000168,-0.042673574,33,17.51000023,17.28000069,18.01000023,19.03000069,15.48999977,18.19400024,17.95000019,18.15450015,60.00067725,99.48000336,0.000201109,3.78,4.08,0.3,1.75,0,4204.399902,0.022270731,2,0.0245,0.715,0.255,0.0055,-18.9625,12.32826402,0.7395,0.0055,1.0211503,0.036,0.001904218,-0.0065,-0.0035,0.044,0.14,0.46,0.185,2.3998,0.456206218,1.561089565
13/11/2025,6737.490234,-0.016695452,58.68999863,0.003413503,32.63000107,20,17.51000023,19.5,20.80999947,12.63000107,18.29400024,18.25900021,17.88900018,45.64690011,99.18000031,-0.003020269,3.78,4.11,0.33,1.77,0,4186.899902,-0.004170993,3,0.0205,0.635,0.33,0.0055,-16.7625,12.96349726,0.6555,0.0055,1.100110089,0.039,0.002238275,0.003,-0.007,0.004,0.0795,0.86,0.025,2.8024,0.095972384,0.642445629
14/11/2025,6734.109863,-0.000501851,60.09000015,0.02357411,33.11999893,19.82999992,20,19.07999992,20.63999939,13.28999901,18.44400024,18.49800014,17.84150014,36.99881452,99.26999664,0.000906993,3.78,4.14,0.36,1.77,0,4087.600098,-0.024002555,4,0.0165,0.525,0.445,0.0055,-13.8125,13.43506838,0.5415,0.0055,1.146848108,0.0435,0.002791096,0.0045,0.003,0.016,0.085,0.665,0.1155,2.5562,0.32670137,1.1488186
17/11/2025,6672.410156,-0.009204498,59.90999985,-0.003000007,32.38000107,22.37999916,19.82999992,17.60000038,25.30999947,10.00000191,19.4,19.01900005,18.04900012,31.43507481,99.58999634,0.003218344,3.78,4.13,0.35,1.77,-0.026668247,4068.300049,-0.004732791,0,0.0215,0.455,0.515,0.0055,-12.3125,13.76626495,0.4765,0.0055,1.170330781,0.0395,0.002296628,-0.0005,0.0035,0.0135,0.11,0.705,0.1665,2.88845,0.059210476,1.220305305
18/11/2025,6617.319824,-0.00829071,60.74000168,0.013759054,33.33000183,24.69000053,22.37999916,17.28000069,20.78000069,8.640001297,20.88199997,19.58800011,18.3900001,28.7573721,99.55000305,-0.00040166,3.78,4.12,0.34,1.79,-0.026668247,4061.300049,-0.001722102,1,0.0195,0.435,0.535,0.0055,-11.7125,13.64528968,0.4545,0.0055,1.157227636,0.0415,0.002537711,0.002,0.0025,0.011,0.118,0.715,0.169,2.9406,0.068878942,1.214898634
19/11/2025,6642.160156,0.003746808,59.43999863,-0.02163511,34.11999893,23.65999985,24.69000053,17.51000023,18.22999954,10.45999908,22.11199989,20.15300007,18.64300008,34.9800634,100.2300034,0.006807517,3.78,4.13,0.35,1.79,-0.026668247,4077.699951,0.004029961,2,0.0215,0.515,0.46,0.0055,-13.8125,13.73531631,0.5365,0.0055,1.168758123,0.0405,0.002415634,-0.001,-0.003,0.0075,0.1205,0.71,0.1405,2.83815,0.081945262,1.169438778
20/11/2025,6538.759766,-0.015689726,59.13999939,-0.005059873,36.38000107,26.42000008,23.65999985,20,17.87000084,9.960000992,23.39599991,20.84500008,19.09900012,28.00802234,100.1600037,-0.000698635,3.78,4.1,0.32,1.8,-0.026668247,4056.5,-0.005212559,3,0.0175,0.305,0.665,0.0055,-8.3625,12.93798956,0.3225,0.0055,1.057326508,0.0415,0.002537711,0.001,0.002,0.0065,0.1195,0.72,0.142,2.86615,0.063807426,1.154590111
21/11/2025,6602.990234,0.009775103,58.06000137,-0.018430522,35.97000122,23.43000031,26.42000008,19.82999992,18.60000038,12.54000092,24.11599998,21.28000011,19.45200009,33.12691634,100.1800003,0.000199627,3.78,4.06,0.28,1.82,-0.026668247,4076.699951,0.004967293,4,0.0135,0.335,0.645,0.0055,-8.9125,12.9247983,0.3485,0.0055,1.061729654,0.0385,0.002180688,-0.003,-0.0015,0.007,0.1195,0.825,0.0575,2.9185,0.051735194,0.882249092
24/11/2025,6705.120117,0.015348819,58.84000015,0.013344916,36.29999924,20.52000046,23.43000031,22.37999916,17.29999924,15.77999878,23.74400024,21.57200012,19.68850012,45.62681616,100.1399994,-0.00039937,3.78,4.04,0.26,1.8,-0.018182319,4091.899902,0.00372156,0,0.0185,0.695,0.285,0.0045,-18.1875,12.3953499,0.7135,0.0045,1.022514855,0.0385,0.002180688,-0.003,-0.002,0.03,0.07,0.445,0.375,2.6925,0.235434173,1.470775589
25/11/2025,6765.879883,0.009020886,57.95000076,-0.015241315,37.56999969,18.55999947,20.52000046,24.69000053,16.37000084,19.01000023,22.51800003,21.7,19.79550009,48.08868877,99.66000366,-0.004804771,3.78,4.01,0.23,1.79,-0.018182319,4139.200195,0.011493194,1,0.0165,0.805,0.175,0.0035,-20.8625,10.55076271,0.8215,0.0035,0.818223892,0.032,0.001501474,-0.0065,-0.0095,0.022,0.075,0.47,0.365,2.7274,0.203806056,1.444089372
26/11/2025,6812.609863,0.006882969,58.65000153,0.012007018,35.70000076,17.19000053,18.55999947,23.65999985,15.78999996,18.51000023,21.22400017,21.66800003,19.80900011,56.02186618,99.59999847,-0.00060228,3.78,4,0.22,1.78,-0.018182319,4165.200195,0.006261761,2,0.0115,0.845,0.145,0.0035,-21.6125,9.710707726,0.8565,0.0035,0.711907319,0.03,0.0013183,-0.002,-0.0085,0.014,0.065,0.475,0.39,2.7673,0.17209169,1.382487407
28/11/2025,6849.089844,0.005340487,58.54999924,-0.001706524,35.95000076,16.35000038,17.19000053,26.42000008,16.42000008,19.60000038,19.21000023,21.30300007,19.78100014,57.57216415,99.45999908,-0.001406605,3.78,4.02,0.24,1.78,-0.018182319,4218.299805,0.012667816,4,0.0105,0.855,0.135,0.0035,-21.8125,9.430296092,0.8655,0.0035,0.68081982,0.0225,0.000738706,-0.0125,-0.019,0.0085,0.085,0.455,0.375,2.70545,0.224759049,1.408306234
01/12/2025,6812.629883,-0.005337549,59.31999969,0.013065435,35.81999969,17.23999977,16.35000038,23.43000031,16.92000008,18.57999992,17.97200012,21.04400005,19.7710001,48.63844507,99.41000366,-0.000502795,3.59,4.09,0.5,1.78,-0.009216655,4239.299805,0.004965958,0,0.0105,0.885,0.105,0.0025,-22.5875,8.501348671,0.8955,0.0025,0.588024429,0.023,0.000772099,0.0025,-0.007,0.0035,0.06,0.45,0.42,2.74245,0.198076675,1.316135798
02/12/2025,6829.370117,0.002454221,58.63999939,-0.011529465,35.88999939,16.59000015,17.23999977,20.52000046,16.90999985,19.29999924,17.18600006,20.46500015,19.7420001,48.8186795,99.36000061,-0.000503125,3.59,4.09,0.5,1.76,-0.009216655,4186.600098,-0.012509143,1,0.0095,0.885,0.105,0.0025,-22.5375,8.456622941,0.8945,0.0025,0.582822666,0.0155,0.000349322,-0.0075,-0.0195,0.0045,0.06,0.47,0.4,2.74315,0.195330404,1.319341875
03/12/2025,6849.720215,0.002975361,58.95000076,0.005272593,33.72000122,16.07999992,16.59000015,18.55999947,17.44000053,17.6400013,16.69000015,19.60400009,19.5960001,49.91956062,98.84999847,-0.00514609,3.59,4.06,0.47,1.77,-0.009216655,4199.299805,0.003028826,2,0.0075,0.915,0.075,0.0025,-23.1875,7.38426325,0.9225,0.0025,0.472086824,0.022,0.00070606,0.0065,-0.0005,0.018,0.105,0.425,0.385,2.7301,0.202096777,1.500556585
04/12/2025,6857.120117,0.001079739,59.66999817,0.012139711,33.29999924,15.77999973,16.07999992,17.19000053,17.17000008,17.5199995,16.40799999,18.81600008,19.48450007,59.35059324,98.98999786,0.001415279,3.59,4.11,0.52,1.76,-0.009216655,4211.799805,0.002972265,3,0.0065,0.935,0.055,0.0015,-23.6625,6.366220695,0.9415,0.0015,0.382098541,0.015,0.000327066,-0.007,-0.0085,0.0035,0.165,0.42,0.385,2.84445,0.104930733,1.513283841
05/12/2025,6870.399902,0.001934769,60.08000183,0.006847687,32.06000137,15.40999985,15.77999973,16.35000038,19,16.65000153,16.21999989,17.71500006,19.28000007,60.49045297,98.98999786,0,3.59,4.14,0.55,1.74,-0.009216655,4212.899902,0.00026116,4,0.0045,0.925,0.075,0.0015,-23.3125,7.078183361,0.9295,0.0015,0.433464144,0.0195,0.000554004,0.0045,-0.001,0.006,0.12,0.445,0.37,2.7527,0.180467808,1.461895846
08/12/2025,6846.509766,-0.003483315,58.88000107,-0.020175545,33.02999878,16.65999985,15.40999985,17.23999977,18.01000023,16.36999893,16.1039999,17.03800001,19.15900006,64.2289102,99.08999634,0.001009678,3.59,4.17,0.58,1.73,0.084307106,4187.200195,-0.006118924,0,0.0065,0.925,0.065,0.0005,-23.4375,6.612347883,0.9315,0.0005,0.413068827,0.0145,0.000305547,-0.0075,-0.0075,0.016,0.145,0.455,0.345,2.8037,0.132995098,1.546001905
09/12/2025,6840.509766,-0.000876743,58.25,-0.0107574,30.81999969,16.93000031,16.65999985,16.59000015,19.5,13.88999939,16.17199993,16.679,19.12550006,69.8323746,99.22000122,0.001311128,3.59,4.18,0.59,1.73,0.084307106,4206.700195,0.004646239,1,0.008,0.935,0.055,0.0005,-23.7625,6.259721171,0.943,0.0005,0.382011735,0.0185,0.000498387,0.004,0.0035,0.0155,0.115,0.455,0.395,2.86835,0.090985487,1.498251255
10/12/2025,6886.680176,0.006726881,58.45999908,0.003598652,30.78000069,15.77000046,16.93000031,16.07999992,19.07999992,15.01000023,16.11000004,16.4000001,19.05000005,70.93418055,98.79000092,-0.004343225,3.59,4.13,0.54,1.76,0.084307106,4196.399902,-0.002451547,2,0.0045,0.9685,0.028,0.0005,-24.425,4.603177809,0.973,0.0005,0.229721782,0.0185,0.000498387,0,-0.001,0.027,0.125,0.435,0.4,2.8844,0.085203969,1.566862473
11/12/2025,6901,0.002077192,57.59999847,-0.014820203,31.87999916,14.85000038,15.77000046,15.77999973,17.60000038,17.02999878,15.92400017,16.16600008,18.91700006,86.59432657,98.34999847,-0.004463865,3.59,4.14,0.55,1.73,0.084307106,4285.5,0.02101024,3,0.013,0.195,0.785,0.0105,-5.2625,11.54731668,0.208,0.0105,0.884519227,0.015,0.000327066,-0.0035,-0.003,0.034,0.15,0.44,0.365,2.8828,0.085488395,1.628276125
12/12/2025,6827.410156,-0.010720913,57.43999863,-0.00278164,29.93000031,15.73999977,14.85000038,15.40999985,17.28000069,14.19000053,15.99000015,16.10500002,18.70400004,72.25064533,98.40000153,0.00050829,3.59,4.19,0.6,1.76,0.084307106,4300.100098,0.00340107,4,0.0105,0.175,0.805,0.0105,-4.6375,10.98647351,0.1855,0.0105,0.830009255,0.0105,0.000159898,-0.0045,-0.0115,0.017,0.135,0.455,0.36,2.8234,0.119289775,1.53746547
15/12/2025,6816.509766,-0.001597839,56.81999969,-0.01085253,32.84999847,16.5,15.73999977,16.65999985,17.51000023,16.34999847,15.95800018,16.03100004,18.53750005,63.48313411,98.15000153,-0.002543883,3.59,4.18,0.59,1.77,-0.047939462,4306.700195,0.001533694,0,0.0135,0.205,0.775,0.0135,-5.4625,11.86096396,0.2185,0.0135,0.921378704,0.011,0.000175533,0.0005,-0.0075,0.0035,0.135,0.41,0.4,2.77645,0.162307287,1.474721229
16/12/2025,6800.259766,-0.002386764,55.27000046,-0.027658097,36.22999954,16.47999954,16.5,16.93000031,20,19.75,15.86800003,16.01999998,18.24250007,54.66407529,98.15000153,0,3.59,4.15,0.56,1.78,-0.047939462,4304.5,-0.000511008,1,0.0165,0.205,0.775,0.0135,-5.6125,12.10897788,0.2215,0.0135,0.935234535,0.0065,6.12E-05,-0.0045,-0.0085,0.025,0.145,0.415,0.405,2.892,0.083062386,1.591681566
17/12/2025,6721.430176,-0.011659857,55.93999863,0.012049389,36.74000168,17.62000084,16.47999954,15.77000046,19.82999992,19.12000084,16.23800011,16.17400007,17.88900008,38.62131833,98.37000275,0.002238971,3.59,4.16,0.57,1.78,-0.047939462,4347.5,0.00993998,2,0.0165,0.205,0.765,0.0125,-5.6375,12.05712704,0.2215,0.0125,0.941067682,0.007,7.09E-05,0.0005,-0.0035,0.0215,0.235,0.37,0.37,2.89905,0.083236887,1.671535584
18/12/2025,6774.759766,0.007902952,56.15000153,0.003747045,33.59999847,16.87000084,17.62000084,14.85000038,22.37999916,16.72999763,16.6420002,16.28300018,17.54950013,41.09840245,98.43000031,0.000609731,3.59,4.12,0.53,1.78,-0.047939462,4339.5,-0.001841833,3,0.0155,0.215,0.765,0.0125,-5.8375,12.1298683,0.2305,0.0125,0.944634159,0.0085,0.00010468,0.0015,-0.001,0.0035,0.185,0.425,0.345,2.79495,0.1386797,1.533256206
19/12/2025,6834.5,0.008779407,56.65999985,0.009041783,33.61999893,14.90999985,16.87000084,15.73999977,24.69000053,18.70999908,16.47600021,16.23300018,16.97400012,52.48078623,98.59999847,0.001725607,3.59,4.16,0.57,1.76,-0.047939462,4361.399902,0.00503395,4,0.0145,0.245,0.725,0.0075,-6.6625,12.2195942,0.2595,0.0075,0.975007352,0.0085,0.00010468,0,-0.002,0.855,0.08,0.0495,0.0035,2.68655,0.061510053,0.727949309
22/12/2025,6878.490234,0.006415871,58.00999832,0.023546889,33.02999878,14.07999992,14.90999985,16.5,23.65999985,18.94999886,15.9920002,15.97500019,16.5065001,55.24742683,98.29000092,-0.003148944,3.59,4.17,0.58,1.76,-0.041008024,4444.600098,0.018896814,0,0.0135,0.185,0.795,0.0075,-5.1125,11.31154196,0.1985,0.0075,0.850277053,0.0035,1.77E-05,-0.002,-0.0035,0.811,0.125,0.045,0.0255,2.7467,0.069407894,0.956412989
23/12/2025,6909.790039,0.004540067,58.38000107,0.006358003,33.02000046,14,14.07999992,16.47999954,26.42000008,19.02000046,15.49600029,15.68200016,16.18050008,56.27047079,97.94000244,-0.003567231,3.59,4.18,0.59,1.74,-0.041008024,4482.799805,0.008557909,1,0.0145,0.175,0.795,0.0065,-4.9375,11.18432759,0.1895,0.0065,0.838961914,0.0065,6.12E-05,0.003,-0.002,0.799,0.115,0.0495,0.0255,2.69935,0.073913347,0.96713
24/12/2025,6932.049805,0.003216304,58.34999847,-0.000514051,31.70999908,13.47000027,14,17.62000084,23.43000031,18.23999882,14.66600018,15.45200014,15.92600012,57.58628599,97.98000336,0.000408339,3.59,4.15,0.56,1.73,-0.041008024,4480.600098,-0.00049082,2,0.0155,0.125,0.855,0.0065,-3.7375,10.34391278,0.1405,0.0065,0.708637495,0.0055,4.38E-05,-0.001,-0.003,0.832,0.1,0.051,0.0115,2.7088,0.061120979,0.846006352
26/12/2025,6929.939941,-0.00030441,56.74000168,-0.027979874,32.22000122,13.60000038,13.47000027,16.87000084,20.52000046,18.62000084,14.01200008,15.32700014,15.74650011,56.16765534,98.01999664,0.000408095,3.59,4.14,0.55,1.75,-0.041008024,4529.100098,0.010766278,4,0.0125,0.115,0.865,0.0035,-3.4125,9.6757823,0.1275,0.0035,0.647394628,0.006,5.21E-05,-0.0005,0.0005,0.8495,0.085,0.034,0.008,2.65425,0.081199911,0.723782006
29/12/2025,6905.740234,-0.003498163,58.08000183,0.023341943,32.15999985,14.19999981,13.60000038,14.90999985,18.55999947,17.96000004,13.87000008,15.17300014,15.63900008,56.13165488,98.04000092,0.000204063,3.59,4.12,0.53,1.76,-0.057432049,4325.100098,-0.046087982,0,0.0125,0.125,0.865,0.0035,-3.6625,9.911058328,0.1375,0.0035,0.663560791,0.003,1.30E-05,-0.0005,-0.0025,0.8695,0.09,0.0195,0.009,2.6832,0.057384781,0.659998718
30/12/2025,6896.240234,-0.001376614,57.95000076,-0.002240819,30.76000023,14.32999992,14.19999981,14.07999992,17.19000053,16.43000031,13.92000008,14.95600014,15.49350009,55.7278211,98.23999786,0.002037875,3.59,4.14,0.55,1.75,-0.057432049,4370.100098,0.01035063,1,0.0125,0.125,0.865,0.0025,-3.6875,9.869540619,0.1375,0.0025,0.656615929,0.0025,9.03E-06,-0.0005,-0.004,0.869,0.09,0.015,0.009,2.6688,0.064685172,0.640734942
31/12/2025,6845.5,-0.007384867,57.41999817,-0.00918794,30.17000008,14.94999981,14.32999992,14,16.35000038,15.22000027,14.11000004,14.80300016,15.41150007,45.80700395,98.27999878,0.000407093,3.59,4.18,0.59,1.72,-0.057432049,4325.600098,-0.010235033,2,0.0115,0.125,0.865,0.0025,-3.6375,9.760072714,0.1365,0.0025,0.651677385,0.0025,9.03E-06,0,-0.0035,0.872,0.095,0.016,0.01,2.6968,0.050996552,0.6568115
02/01/2026,6858.470215,0.001892914,57.31999969,-0.001743045,28.39999962,14.51000023,14.94999981,13.47000027,17.23999977,13.88999939,14.31800003,14.4920001,15.33300009,45.65765137,98.41999817,0.001423482,3.57,4.19,0.62,1.74,-0.057432049,4314.399902,-0.002592639,4,0.0075,0.105,0.885,0.0035,-2.9125,8.83675995,0.1125,0.0035,0.578889592,0.255,0.108295356,-0.015,0.2515,0.923,0.045,0.009,0.01,2.6742,0.053356037,0.435624643
05/01/2026,6902.049805,0.006334025,58.31999969,0.017295485,29.40999985,14.89999962,14.51000023,13.60000038,16.59000015,14.51000023,14.57799988,14.29499998,15.28900008,58.11831361,98.26999664,-0.001525259,3.57,4.17,0.6,1.75,0.019512814,4436.899902,0.02799767,0,0.0075,0.095,0.895,0.0035,-2.6625,8.557492779,0.1025,0.0035,0.547345599,0.24,0.095022882,0.005,0.2375,0.893,0.075,0.014,0.0075,2.6842,0.051269862,0.565230385
06/01/2026,6944.819824,0.006177592,57.13000107,-0.020615691,30.05999947,14.75,14.89999962,14.19999981,16.07999992,15.30999947,14.68799992,14.279,15.25600009,63.0510771,98.58000183,0.003149662,3.57,4.18,0.61,1.74,0.019512814,4482.200195,0.010158129,1,0.0065,0.105,0.895,0.0035,-2.8625,8.714960287,0.1115,0.0035,0.560426982,0.24,0.095022882,0,-0.03,0.8895,0.065,0.016,0.027,2.71105,0.058723226,0.642735171
07/01/2026,6920.930176,-0.003445854,55.99000168,-0.020156258,32.97999954,15.38000011,14.75,14.32999992,15.77999973,17.59999943,14.89799995,14.40900002,15.1920001,62.08617352,98.68000031,0.001013875,3.57,4.15,0.58,1.73,0.019512814,4449.299805,-0.007367304,2,0.0055,0.105,0.895,0.0035,-2.8125,8.586241038,0.1105,0.0035,0.554487182,0.25,0.103759375,0.01,-0.005,0.884,0.07,0.0125,0.017,2.67005,0.066983147,0.6047581
08/01/2026,6921.459961,7.65E-05,57.75999832,0.031123332,35.79999924,15.44999981,15.38000011,14.94999981,15.40999985,20.34999943,14.99799995,14.554,15.11800008,73.7616601,98.93000031,0.002530238,3.57,4.19,0.62,1.73,0.019512814,4449.700195,9.00E-05,3,0.0055,0.075,0.915,0.0035,-2.0625,7.652080753,0.0805,0.0035,0.467374924,0.255,0.108295356,0.005,0.025,0.851,0.075,0.018,0.018,2.6139,0.114292642,0.687009741
09/01/2026,6966.279785,0.006454611,59.11999893,0.023272793,36.79999924,14.48999977,15.44999981,14.51000023,16.65999985,22.30999947,14.99399986,14.65599995,15.05400004,73.22023744,99.12999725,0.00201956,3.57,4.18,0.61,1.7,0.019512814,4490.299805,0.009082749,4,0.0065,0.075,0.925,0.0035,-2.1125,7.803490906,0.0815,0.0035,0.460090787,0.235,0.090820062,-0.02,0,0.87,0.075,0.0185,0.027,2.69365,0.064846353,0.702252798
12/01/2026,6977.27002,0.00157639,59.5,0.006407054,38.84999847,15.11999989,14.48999977,14.89999962,16.93000031,23.72999859,15.03799992,14.8079999,15.06750002,69.63019954,98.86000061,-0.002727378,3.57,4.19,0.62,1.7,-0.029413885,4604.299805,0.025071136,0,0.0025,0.0405,0.9575,0.0005,-1.125,5.532688372,0.043,0.0005,0.274435616,0.225,0.082739652,-0.01,-0.025,0.896,0.075,0.0155,0.02,2.73415,0.056657064,0.628281866
13/01/2026,6963.740234,-0.001941006,61.15000153,0.027353575,40.43000031,15.97999954,15.11999989,14.75,15.77000046,24.45000076,15.28399982,14.98599987,15.07950001,62.79305948,99.12999725,0.002727378,3.57,4.18,0.61,1.69,-0.029413885,4589.200195,-0.003284848,1,0.0025,0.0655,0.9315,0.0005,-1.75,6.666145813,0.068,0.0005,0.380022018,0.23,0.086726019,0.005,-0.025,0.916,0.065,0.006,0.004,2.6846,0.041942169,0.448417873
14/01/2026,6926.600098,-0.005347634,62.02000046,0.014127034,44.18999863,16.75,15.97999954,15.38000011,14.85000038,27.43999863,15.5579998,15.22799988,15.09200001,52.47914899,99.12999725,0,3.57,4.15,0.58,1.68,-0.029413885,4626.299805,0.008051611,2,0.0025,0.041,0.9545,0.0005,-1.1375,5.558025989,0.0435,0.0005,0.280156132,0.22,0.078859874,-0.01,-0.015,0.96,0.0275,0.01,0.007,2.719,0.037514324,0.315657185
15/01/2026,6944.470215,0.002576604,59.18999863,-0.046704336,42.06000137,15.84000015,16.75,15.44999981,15.73999977,26.22000122,15.63599987,15.31699991,15.06000004,51.8557915,99.31999969,0.001914865,3.57,4.17,0.6,1.65,-0.029413885,4616.299805,-0.002163894,3,0.0035,0.056,0.9415,0.0005,-1.5625,6.45172503,0.0595,0.0005,0.34878887,0.215,0.07508562,-0.005,-0.02,0.9515,0.025,0.0175,0.007,2.7108,0.039010212,0.353541783
16/01/2026,6940.009766,-0.000642509,59.43999863,0.004214792,43.18999863,15.85999966,15.84000015,14.48999977,16.5,27.32999897,15.90999985,15.45199986,14.97199998,51.49408466,99.38999939,0.000704541,3.57,4.24,0.67,1.63,-0.029413885,4588.399902,-0.006062118,4,0.0035,0.049,0.9475,0.0015,-1.3625,6.201522261,0.0525,0.0015,0.329545922,0.215,0.07508562,0,-0.02,0.9605,0.023,0.014,0.0065,2.71785,0.03798963,0.314459717
20/01/2026,6796.859863,-0.020842461,60.34000015,0.015027859,42.77999878,20.09000015,15.85999966,15.11999989,16.47999954,22.68999863,16.9039999,15.97099991,15.13299994,38.0597902,98.63999939,-0.007574646,3.57,4.3,0.73,1.65,0.043802623,4759.600098,0.036632293,1,0.0015,0.0315,0.9645,0.0005,-0.85,4.798547176,0.033,0.0005,0.226987655,0.21,0.071415843,0,-0.005,0.9555,0.0195,0.0215,0.008,2.7208,0.043008684,0.348343202
21/01/2026,6875.620117,0.011521118,60.61999893,0.004629618,45.45000076,16.89999962,20.09000015,15.97999954,17.62000084,28.55000114,17.08799992,16.18599987,15.23249993,48.03692788,98.76000214,0.001215833,3.57,4.26,0.69,1.62,0.043802623,4831.799805,0.015055377,2,0.0015,0.0245,0.9715,0.0005,-0.675,4.349536038,0.026,0.0005,0.191180696,0.225,0.082739652,0.015,0.01,0.9575,0.017,0.0195,0.007,2.7104,0.039091024,0.320800665
22/01/2026,6913.350098,0.005472501,59.36000061,-0.021004245,44.70000076,15.64000034,16.89999962,16.75,16.87000084,29.06000042,16.86599998,16.21199989,15.31049995,56.62352891,98.36000061,-0.004058463,3.57,4.26,0.69,1.59,0.043802623,4908.799805,0.015810444,3,0.0015,0.0185,0.9795,0.0005,-0.525,3.917827842,0.02,0.0005,0.155316256,0.23,0.086726019,0.005,0.015,0.958,0.02,0.018,0.0075,2.7173,0.040295502,0.32944683
23/01/2026,6915.609863,0.000326816,61.06999969,0.028400133,47.63999939,16.09000015,15.64000034,15.84000015,14.90999985,31.54999924,16.91599998,16.27599993,15.41499996,55.69710719,97.59999847,-0.007756746,3.57,4.24,0.67,1.61,0.043802623,4976.200195,0.013637114,4,0.0015,0.0165,0.9805,0.0005,-0.475,3.761535508,0.018,0.0005,0.145113523,0.225,0.082739652,-0.005,0.01,0.9555,0.0175,0.0265,0.0075,2.7282,0.046757745,0.356633674
26/01/2026,6950.22998,0.004993594,60.63000107,-0.007230905,47.77999878,16.14999962,16.09000015,15.85999966,14.07999992,31.62999916,16.97399998,16.44199991,15.54899993,54.89118958,97.04000092,-0.005754204,3.57,4.22,0.65,1.61,0.004750603,5079.700195,0.020585656,0,0.0005,0.0065,0.9905,0.0005,-0.175,2.365230169,0.007,0.0005,0.071830818,0.24,0.095022882,0.005,0.015,0.952,0.018,0.0245,0.009,2.71885,0.044409302,0.364149653
27/01/2026,6978.600098,0.004073588,62.38999939,0.028615159,49.61000061,16.35000038,16.14999962,20.09000015,14,33.26000023,16.22600002,16.56499996,15.68649993,53.53261369,96.22000122,-0.008486025,3.57,4.24,0.67,1.61,0.004750603,5079.899902,3.93E-05,1,0.0005,0.0075,0.988,0.0015,-0.175,2.616161011,0.008,0.0015,0.089703876,0.255,0.108295356,0.015,0.025,0.9535,0.0175,0.021,0.008,2.70835,0.040807812,0.340408682
28/01/2026,6978.029785,-8.17E-05,63.20999908,0.013057506,50.38999939,16.35000038,16.35000038,16.89999962,13.47000027,34.03999901,16.11600018,16.60200005,15.79399996,56.27743088,96.44999695,0.002387459,3.57,4.26,0.69,1.62,0.004750603,5301.600098,0.042717123,2,0.0005,0.0035,0.9925,0.0015,-0.075,2.090302311,0.004,0.0015,0.058888163,0.255,0.108295356,0,0.03,0.9265,0.022,0.04,0.0095,2.70765,0.050336274,0.472755686
29/01/2026,6969.009766,-0.001293467,65.41999817,0.034365492,55.36999893,16.87999916,16.35000038,15.64000034,13.60000038,38.48999977,16.36399994,16.61499996,15.92149992,55.13174259,96.27999878,-0.001764107,3.57,4.24,0.67,1.63,0.004750603,5318.399902,0.003163808,3,0.075,0.905,0.0105,0.0135,-26.0375,9.291011752,0.98,0.0135,0.563470252,0.26,0.112944734,0.005,0.035,0.9285,0.0215,0.037,0.009,2.70145,0.049714878,0.45562046
30/01/2026,6939.029785,-0.004311179,65.20999908,-0.003215177,55.90999985,17.44000053,16.87999916,16.09000015,14.19999981,38.46999931,16.63400002,16.775,16.04599996,46.9617651,96.98999786,0.007347258,3.57,4.26,0.69,1.62,0.004750603,4713.899902,-0.120656918,4,0.075,0.905,0.0075,0.0125,-26.0625,9.03789764,0.98,0.0125,0.542567547,0.27,0.12258854,0.01,0.035,0.926,0.021,0.0385,0.0085,2.69615,0.051233081,0.459128074
02/02/2026,6976.439941,0.005376785,62.13999939,-0.048222923,48.70000076,16.34000015,17.44000053,16.14999962,14.32999992,32.36000061,16.67200012,16.82300005,16.13749995,49.91259964,97.61000061,0.006372095,3.6,4.29,0.69,1.61,0.086221175,4622.5,-0.019579886,0,0.075,0.895,0.0155,0.0145,-25.7625,9.603702086,0.97,0.0145,0.60525135,0.275,0.127585452,0.005,0.02,0.9645,0.0175,0.0145,0.0075,2.7177,0.038733489,0.293939266
03/02/2026,6917.810059,-0.008439496,63.20999908,0.017072608,52.34000015,18,16.34000015,16.35000038,14.94999981,34.34000015,17.00200005,16.61400003,16.29249997,45.58339226,97.44000244,-0.001743124,3.6,4.28,0.68,1.63,0.086221175,4903.700195,0.059054378,1,0.075,0.895,0.0185,0.0125,-25.8125,9.437617756,0.97,0.0125,0.609024812,0.275,0.127585452,0,0.015,0.9605,0.017,0.018,0.008,2.71715,0.040509776,0.315829059
04/02/2026,6882.720215,-0.0050853,65.13999939,0.030076288,55.13000107,18.63999939,18,16.35000038,14.51000023,36.49000168,17.45999985,16.78800001,16.48699994,45.76384319,97.62000275,0.00184559,3.6,4.29,0.69,1.64,0.086221175,4920.399902,0.003399746,2,0.065,0.905,0.0195,0.0095,-25.6375,8.724896122,0.97,0.0095,0.561238484,0.26,0.112944734,-0.015,-0.01,0.962,0.017,0.0175,0.008,2.71975,0.041007533,0.311563846
05/02/2026,6798.399902,-0.012326678,63.29000092,-0.028811437,54.97000122,21.77000046,18.63999939,16.87999916,14.89999962,33.20000076,18.43800011,17.40100002,16.80649996,37.5019218,97.81999969,0.002046633,3.6,4.21,0.61,1.67,0.086221175,4861.399902,-0.012063366,3,0.075,0.905,0.0195,0.0105,-26.1125,9.200188602,0.98,0.0105,0.590390596,0.23,0.086726019,-0.03,-0.035,0.963,0.025,0.005,0.004,2.6966,0.029214471,0.255510402
06/02/2026,6932.299805,0.019504344,63.54999924,0.004099632,53.18000031,20.37000084,21.77000046,17.44000053,14.75,32.80999947,19.02400017,17.82900009,17.05250001,49.45994347,97.62999725,-0.001944257,3.6,4.22,0.62,1.65,0.086221175,4951.200195,0.018303569,4,0.175,0.805,0.0115,0.0135,-28.5375,11.7790296,0.98,0.0135,0.849899114,0.24,0.095022882,0.01,-0.03,0.9615,0.022,0.0195,0.0055,2.7307,0.044380752,0.327652698
09/02/2026,6964.819824,0.004680118,64.36000061,0.012665346,50.79000092,17.36000061,20.37000084,16.34000015,15.38000011,33.43000031,19.22800026,17.95000019,17.19600005,63.92285686,96.81999969,-0.008331214,3.6,4.22,0.62,1.64,0,5050.899902,0.019936415,0,0.135,0.845,0.0095,0.0105,-27.6125,10.47555935,0.98,0.0105,0.728167171,0.265,0.117708719,0.005,0.005,0.9645,0.013,0.012,0.003,2.68435,0.035595865,0.233457449
10/02/2026,6941.810059,-0.003309182,63.95999908,-0.006234458,48.02000046,17.79000092,17.36000061,18,15.44999981,30.22999954,19.18600044,18.09400024,17.3295001,56.04551451,96.80000305,-0.000206556,3.6,4.16,0.56,1.66,0,5003.799805,-0.009368841,1,0.145,0.835,0.0095,0.0095,-27.8875,10.57459839,0.98,0.0095,0.748818016,0.245,0.099335605,-0.02,0.015,0.9775,0.016,0.0065,0.003,2.7119,0.027232239,0.19991244
11/02/2026,6941.470215,-4.90E-05,64.62999725,0.010420783,44.33000183,17.64999962,17.79000092,18.63999939,14.48999977,26.68000221,18.98800049,18.22400017,17.41300011,52.75665781,96.83000183,0.000309857,3.6,4.18,0.58,1.67,0,5071.600098,0.013458784,2,0.155,0.825,0.0095,0.0105,-28.1125,10.92587954,0.98,0.0105,0.778703852,0.25,0.103759375,0.005,0.01,0.9845,0.012,0.003,0.003,2.70945,0.023419986,0.149042359
12/02/2026,6832.759766,-0.015784941,62.84000015,-0.028086841,42,20.81999969,17.64999962,21.77000046,15.11999989,21.18000031,18.79800034,18.61800022,17.61650009,43.28050734,96.93000031,0.001032189,3.6,4.09,0.49,1.68,0,4923.700195,-0.029596049,3,0.075,0.915,0.0065,0.0065,-26.4625,8.079256492,0.99,0.0065,0.491984961,0.23,0.086726019,-0.02,-0.025,0.9505,0.018,0.005,0.003,2.64025,0.067663255,0.237303229
13/02/2026,6836.169922,0.000498965,62.88999939,0.000795343,42.18000031,20.60000038,20.81999969,20.37000084,15.97999954,21.57999992,18.84400024,18.93400021,17.8545001,40.25595355,96.87999725,-0.000516001,3.6,4.04,0.44,1.72,0,5022,0.019767941,4,0.065,0.925,0.0075,0.0065,-26.2125,7.767929221,0.99,0.0065,0.460527638,0.225,0.082739652,-0.005,-0.035,0.946,0.038,0.019,0.003,2.7247,0.040048103,0.388823465
17/02/2026,6843.220215,0.001030791,62.33000183,-0.008944279,42.54000092,20.29000092,20.60000038,17.36000061,16.75,22.25,19.43000031,19.32900028,18.07600017,37.99740604,97.16000366,0.002886071,3.6,4.05,0.45,1.7,-0.100541229,4882.899902,-0.028088975,1,0.065,0.925,0.0055,0.0065,-26.2125,7.678966992,0.99,0.0065,0.448870875,0.22,0.078859874,-0.01,-0.01,0.0395,0.115,0.175,0.325,1.91115,0.819679138,1.510017004
18/02/2026,6881.310059,0.005550637,65.19000244,0.04486324,51.49000168,19.62000084,20.29000092,17.79000092,15.84000015,31.87000084,19.79600029,19.49100037,18.0525002,41.95986141,97.69999695,0.005542386,3.6,4.09,0.49,1.67,-0.100541229,4986.5,0.020994975,2,0.065,0.925,0.0055,0.0075,-26.1875,7.847591938,0.99,0.0075,0.454587838,0.23,0.086726019,0.01,0.005,0.0395,0.105,0.175,0.32,1.86815,0.845447333,1.491644996
19/02/2026,6861.890137,-0.002826115,66.43000031,0.018842646,56.72999954,20.22999954,19.62000084,17.64999962,15.85999966,36.5,20.31200027,19.65000038,18.2190002,41.2466853,97.93000031,0.002351413,3.6,4.08,0.48,1.68,-0.100541229,4975.899902,-0.002128022,3,0.055,0.925,0.0055,0.0075,-25.6875,7.473012121,0.98,0.0075,0.428409118,0.24,0.095022882,0.01,0.015,0.0205,0.07,0.165,0.4,1.92985,0.823738663,1.34120633
20/02/2026,6909.509766,0.006915756,66.38999939,-0.000602333,56.11999893,19.09000015,20.22999954,20.81999969,20.09000015,37.02999878,19.96600037,19.38200035,18.39150019,47.65535498,97.80000305,-0.001328333,3.6,4.08,0.48,1.69,-0.100541229,5059.299805,0.016621856,4,0.0545,0.926,0.0065,0.0075,-25.6875,7.497378318,0.9805,0.0075,0.431643765,0.22,0.078859874,-0.02,-0.01,0.0155,0.04,0.16,0.405,1.83285,0.884865346,1.230073357
23/02/2026,6837.75,-0.010439959,66.30999756,-0.001205755,59.04999924,21.01000023,19.09000015,20.60000038,16.89999962,38.03999901,20.04800034,19.44600029,18.63750019,39.55442941,97.69999695,-0.00102308,3.6,4.03,0.43,1.73,0.014320054,5204.700195,0.028334006,0,0.0295,0.9575,0.0055,0.0075,-25.225,6.369801802,0.987,0.0075,0.304172053,0.225,0.082739652,0.005,-0.005,0.0115,0.0115,0.165,0.375,1.66675,0.971894622,1.107721417
24/02/2026,6890.069824,0.007622489,65.62999725,-0.010307812,58.81999969,19.54999924,21.01000023,20.29000092,15.64000034,39.27000046,19.9,19.66500015,18.80750017,47.89066758,97.87999725,0.001840683,3.6,4.04,0.44,1.73,0.014320054,5155.799805,-0.009439844,1,0.0265,0.9575,0.0065,0.0075,-25.075,6.27390339,0.984,0.0075,0.298962578,0.215,0.07508562,-0.01,-0.025,0.032,0.025,0.165,0.39,1.8049,0.89738083,1.25066159
25/02/2026,6946.129883,0.008103434,65.41999817,-0.003204873,58.97000122,17.93000031,19.54999924,19.62000084,16.09000015,41.04000092,19.56199989,19.67900009,18.88650017,54.67257808,97.69999695,-0.001840683,3.6,4.05,0.45,1.73,0.014320054,5206.399902,0.009766363,2,0.0215,0.962,0.0065,0.0065,-24.9625,5.809918358,0.9835,0.0065,0.267316485,0.225,0.082739652,0.01,0.005,0.0215,0.035,0.155,0.425,1.88055,0.858900733,1.229922228
26/02/2026,6908.859863,-0.005380027,65.20999908,-0.003215177,59.79999924,18.62999916,17.93000031,20.22999954,16.14999962,41.17000008,19.24199982,19.77700005,19.00050011,58.74612417,97.79000092,0.000920804,3.6,4.02,0.42,1.75,0.014320054,5176.5,-0.005759467,3,0.0175,0.9695,0.0055,0.0055,-24.975,5.303477515,0.987,0.0055,0.228032889,0.21,0.071415843,-0.015,-0.025,0.0115,0.0085,0.13,0.43,1.72185,0.950686731,1.038759747
27/02/2026,6878.879883,-0.004348795,67.01999664,0.027378215,64.68000031,19.86000061,18.62999916,19.09000015,16.35000038,44.81999969,19.39599991,19.68100014,19.14950018,44.93707205,97.61000061,-0.001842378,3.6,3.97,0.37,1.8,0.014320054,5230.5,0.010377724,4,0.0175,0.9735,0.0045,0.0055,-25.075,5.243866,0.991,0.0055,0.216225396,0.22,0.078859874,0.01,0,0.0115,0.0225,0.14,0.43,1.79005,0.913488649,1.117923503
02/03/2026,6881.620117,0.000398275,71.23000336,0.060923093,68.90000153,21.44000053,19.86000061,21.01000023,16.35000038,47.46000099,19.48199997,19.76500015,19.34950018,41.64292027,98.37999725,0.00785755,3.61,4.05,0.44,1.78,0.014117882,5294.399902,0.012142764,0,0.027,0.9635,0.0035,0.0055,-25.3,5.719698856,0.9905,0.0055,0.262219099,0.225,0.082739652,0,0.01,0.0185,0.024,0.11,0.38,1.57615,1.011182403,1.116371445
03/03/2026,6816.629883,-0.009488909,74.55999756,0.045690013,73.98999786,23.56999969,21.44000053,19.54999924,16.87999916,50.41999817,20.28600006,20.09300003,19.71100016,38.4040947,99.05000305,0.006787301,3.61,4.06,0.45,1.78,0.014117882,5107.399902,-0.03595919,1,0.019,0.9665,0.0045,0.0055,-24.975,5.333150775,0.9855,0.0055,0.232517142,0.22,0.078859874,-0.005,-0.005,0.0075,0.0085,0.125,0.395,1.59155,1.009557837,1.015737234
04/03/2026,6869.5,0.007726126,74.66000366,0.001340385,75.19999695,21.14999962,23.56999969,17.93000031,17.44000053,54.04999733,20.92999992,20.24599991,19.86850014,43.92441618,98.76999664,-0.002830923,3.61,4.09,0.48,1.74,0.014117882,5120.200195,0.00250309,2,0.0185,0.9715,0.0065,0.0045,-25.1,5.183629038,0.99,0.0045,0.229323476,0.23,0.086726019,0.01,0.02,0.01,0.0145,0.115,0.455,1.7661,0.929958066,1.030743552
05/03/2026,6830.709961,-0.005662708,81.01000214,0.081628108,83.83000183,23.75,21.14999962,18.62999916,16.34000015,60.08000183,21.95400009,20.59799995,20.12400017,49.80379767,99.31999969,0.005553077,3.61,4.13,0.52,1.76,0.014117882,5065.299805,-0.010780212,3,0.0085,0.9845,0.0045,0.0035,-24.95,4.10731086,0.993,0.0035,0.144289169,0.235,0.090820062,0.005,0.015,0.009,0.0155,0.1,0.44,1.6777,0.973478685,1.007681968
06/03/2026,6740.02002,-0.01336572,90.90000153,0.115187388,103.5999985,29.48999977,23.75,19.86000061,18,74.1099987,23.87999992,21.63799992,20.51000013,42.11433464,98.98999786,-0.003328144,3.61,4.15,0.54,1.75,0.014117882,5146.100098,0.015825838,4,0.0065,0.9895,0.0025,0.0025,-25,3.446012188,0.996,0.0025,0.10551251,0.24,0.095022882,0.005,0.015,0.011,0.0165,0.09,0.445,1.6719,0.976359916,1.001741252
09/03/2026,6795.990234,0.008269872,94.76999664,0.04169285,100.5299988,25.5,29.48999977,21.44000053,18.63999939,75.02999878,24.69199982,22.08699989,20.76650009,46.41420099,99.18000031,0.001917571,3.61,4.12,0.51,1.78,-0.004683849,5091.5,-0.010666683,0,0.0125,0.9835,0.0025,0.0025,-25.15,3.9509521,0.996,0.0025,0.145850374,0.365,0.239137599,0.05,0.135,0.013,0.015,0.07,0.415,1.5251,1.037984622,0.967446928
10/03/2026,6781.47998,-0.002137403,83.44999695,-0.127205255,108.1900024,24.93000031,25.5,23.56999969,21.77000046,83.26000214,24.96399994,22.625,21.14500008,42.13924304,98.83000183,-0.003535163,3.61,4.15,0.54,1.77,-0.004683849,5229.700195,0.02678147,1,0.0085,0.9865,0.0035,0.0025,-25.025,3.708183602,0.995,0.0025,0.127974197,0.285,0.137935683,-0.08,0.05,0.0065,0.0125,0.065,0.435,1.54605,1.032978334,0.904967933
11/03/2026,6775.799805,-0.000837952,87.25,0.044529948,120.9100037,24.22999954,24.93000031,21.14999962,20.37000084,96.68000412,25.57999992,23.25499992,21.46700001,43.07120609,99.23000336,0.004039201,3.61,4.21,0.6,1.84,-0.004683849,5167.399902,-0.011984311,2,0.0065,0.9885,0.0025,0.0025,-24.975,3.445921502,0.995,0.0025,0.106939248,0.285,0.137935683,0,0.045,0.0165,0.0115,0.135,0.455,1.83325,0.892278943,1.078707272
12/03/2026,6672.620117,-0.015344808,95.73000336,0.092754203,120.2200012,27.29000092,24.22999954,23.75,17.36000061,92.93000031,26.28800011,24.1210001,21.94900007,32.49955992,99.73999786,0.005126357,3.61,4.27,0.66,1.84,-0.004683849,5115.799805,-0.01003589,3,0.0045,0.9925,0.0015,0.0015,-25,2.738612788,0.997,0.0015,0.074003367,0.295,0.148769927,0.01,-0.025,0.006,0.0065,0.0065,0.0065,0.07275,0.444313893,0.18595915
16/03/2026,6699.379883,0.01007991,93.5,-0.054224813,101.9700012,23.51000023,27.19000053,25.5,17.64999962,78.46000099,25.43000031,25.06100006,22.41300011,35.56147261,99.70999908,-0.006497764,3.61,4.23,0.62,1.85,-0.038282187,4994,-0.011645978,0,0.0035,0.9955,0.0055,0.0005,-25.05,2.623930735,0.999,0.0005,0.081799833,0.315,0.171934594,-0.03,0.03,0.0025,0.0065,0.0025,0.0025,0.0397,0.331028526,0.112053661
17/03/2026,6716.089844,0.002491149,96.20999908,0.028571857,95.91999817,22.37000084,23.51000023,24.93000031,20.81999969,73.54999733,24.91800041,24.94100018,22.5170001,31.47828685,99.58000183,-0.001304604,3.61,4.2,0.59,1.85,-0.038282187,5001,0.001400701,1,0.0035,0.9945,0.0005,0.0005,-25.025,1.936007328,0.998,0.0005,0.047433249,0.305,0.160099111,-0.01,0.02,0.003,0.004,0.0025,0.0025,0.03405,0.307327363,0.100224883
18/03/2026,6624.700195,-0.013700999,96.31999969,0.001142686,97.27999878,25.09000015,22.37000084,24.22999954,20.60000038,72.18999863,25.09000053,25.33500023,22.79050007,28.95489594,100.0899963,0.005108385,3.61,4.26,0.65,1.81,-0.038282187,4889.899902,-0.022466059,2,0.0045,0.9945,0.0005,0.0005,-25.075,2.090305002,0.999,0.0005,0.053960113,0.305,0.160099111,0,0.01,0.0035,0.004,0.0035,0.006,0.0488,0.368222222,0.133257073
19/03/2026,6606.490234,-0.002752583,96.13999939,-0.001870522,92.68000031,24.05999947,25.09000015,27.29000092,20.29000092,68.62000084,24.44400024,25.36600018,22.98200006,29.46865095,99.23000336,-0.008629323,3.61,4.25,0.64,1.81,-0.038282187,4600.700195,-0.060963325,3,0.0345,0.945,0.0115,0.0105,-25.0875,7.41612552,0.9795,0.0105,0.387807431,0.31,0.165952837,0.005,-0.025,0.004,0.003,0.0035,0.004,0.04135,0.338703628,0.117423242
20/03/2026,6506.47998,-0.015253934,98.31999969,0.022422006,91.84999847,26.78000069,24.05999947,27.19000053,19.62000084,65.06999779,24.36200027,25.09500027,23.36650009,25.33986497,99.65000153,0.00422364,3.61,4.39,0.78,1.79,-0.038282187,4570.399902,-0.006607801,4,0.021,0.955,0.02,0.0065,-24.7625,6.464444854,0.976,0.0065,0.340582798,0.335,0.197172208,0.025,-0.01,0.0055,0.0035,0.0035,0.0035,0.0453,0.352701933,0.126948448
23/03/2026,6581,0.011388109,88.12999725,-0.109414496,89.77999878,26.14999962,26.78000069,23.51000023,20.22999954,63.62999916,24.89000015,25.16000023,23.62350006,34.70234608,98.94999695,-0.007049421,3.61,4.34,0.73,1.79,0.028848154,4404.100098,-0.03706476,0,0.0125,0.9425,0.0415,0.0045,-24.075,6.640706335,0.955,0.0045,0.385144316,0.36,0.231788228,0.015,0.055,0.003,0.003,0.0015,0.0025,0.02835,0.280901392,0.085965804
24/03/2026,6556.370117,-0.003749595,92.34999847,0.046772724,89.33999634,26.95000076,26.14999962,22.37000084,19.09000015,62.38999557,25.80600014,25.36200027,23.99350014,28.89704837,99.43000031,0.004839241,3.61,4.39,0.78,1.75,0.028848154,4399.299805,-0.001090554,1,0.0125,0.9485,0.035,0.0045,-24.225,6.349629935,0.961,0.0045,0.355734897,0.335,0.197172208,-0.025,0.025,0.0035,0.0045,0.003,0.0045,0.04425,0.350198836,0.123859702
25/03/2026,6591.899902,0.005404494,90.31999969,-0.022226774,90.16000366,25.32999992,26.95000076,25.09000015,21.01000023,64.83000374,25.85400009,25.47200031,24.36350012,33.83469233,99.59999847,0.001708267,3.61,4.33,0.72,1.76,0.028848154,4549.799805,0.03363784,2,0.0125,0.9485,0.034,0.0045,-24.225,6.303249137,0.961,0.0045,0.352320282,0.345,0.21059945,0.01,0.01,0.003,0.003,0.002,0.003,0.0313,0.2954004,0.093358965
26/03/2026,6477.160156,-0.017559441,94.48000336,0.045029291,92.37000275,27.44000053,25.32999992,24.05999947,19.54999924,64.93000221,26.53000031,25.48700027,24.80400019,32.76780095,99.90000153,0.003007552,3.61,4.42,0.81,1.73,0.028848154,4375.5,-0.039062434,3,0.0125,0.9545,0.03,0.0045,-24.375,6.113557552,0.967,0.0045,0.329998354,0.345,0.21059945,0,0,0.0035,0.003,0.003,0.0025,0.03405,0.307343632,0.100449074
27/03/2026,6368.850098,-0.016863232,99.63999939,0.053175477,96.63999939,31.04999924,27.44000053,26.78000069,17.93000031,65.59000015,27.38400002,25.87300014,25.36350012,23.79635526,100.1500015,0.002499376,3.61,4.44,0.83,1.78,0.028848154,4492,0.026277238,4,0.0105,0.9595,0.0255,0.0045,-24.4,5.778408085,0.97,0.0045,0.296313076,0.355,0.224583272,0.01,0.01,0.0025,0.0025,0.0015,0.0025,0.0256,0.267647489,0.078900154
09/04/2026,6824.660156,0.006151067,97.87000275,0.035993057,81.73999786,19.48999977,21.04000092,24.54000092,25.5,62.24999809,22.87000046,25.32400036,25.39800034,61.31810311,98.81999969,-0.003132082,3.61,4.29,0.68,1.73,0.071289084,4792.200195,0.008950288,3,0.0065,0.9805,0.009,0.0035,-24.75,4.287332358,0.987,0.0035,0.164798436,0.295,0.148769927,0.015,-0.05,0.003,0.0005,0.003,0.0015,0.0227,0.25197925,0.069839056
22/04/2026,7137.899902,0.010405756,92.95999908,0.00896869,76.76999664,18.92000008,19.5,18.17000008,26.78000069,57.84999657,18.5420002,18.70800018,22.30800028,90.05721247,98.58999634,0.001827337,3.61,4.3,0.69,1.69,0.033099948,4732.5,0.0072316,2,0.0025,0.9935,0.0025,0.0015,-24.925,2.620949256,0.996,0.0015,0.066637488,0.265,0.117708719,0.015,-0.09,0.01,0.0275,0.065,0.1675,0.795,1.117697074,0.897108281
23/04/2026,7108.399902,-0.004141432,95.84999847,0.03061517,78.66999817,19.30999947,18.92000008,17.94000053,26.14999962,59.3599987,18.81599998,18.69000015,22.00700026,86.28836444,98.80000305,0.002127836,3.61,4.34,0.73,1.68,0.033099948,4705.100098,-0.005806557,3,0.0035,0.9935,0.0025,0.0015,-24.975,2.738270554,0.997,0.0015,0.073582351,0.26,0.112944734,-0.005,-0.02,0.0155,0.0245,0.0285,0.1995,0.7916,1.120239202,0.834513524
24/04/2026,7165.080078,0.007942068,94.40000153,-0.015243364,75.83000183,18.70999908,19.30999947,17.47999954,26.95000076,57.12000275,19.06199989,18.63800011,21.57050018,86.79059039,98.51000214,-0.002939548,3.61,4.31,0.7,1.7,0.033099948,4722.299805,0.00364888,4,0.0025,0.9945,0.0025,0.0015,-24.95,2.621068961,0.997,0.0015,0.065203475,0.27,0.12258854,0.01,-0.025,0.0165,0.022,0.0465,0.172,0.757,1.11040785,0.86147814
27/04/2026,7173.910156,0.001231618,96.37000275,0.020653889,73.11000061,18.02000046,18.70999908,18.87000084,25.32999992,55.09000015,18.89199982,18.52800007,20.91900024,86.85718901,98.48000336,-0.000304572,3.61,4.35,0.74,1.7,-0.123613956,4675.399902,-0.009981228,0,0.0005,0.9985,0.0005,0.0005,-24.975,1.369078157,0.999,0.0005,0.018611095,0.255,0.108295356,0,-0.01,0.0095,0.018,0.031,0.165,0.66095,1.086283695,0.752415575
28/04/2026,7138.799805,-0.004906188,99.93000031,0.036274966,70.5,17.82999992,18.02000046,19.5,27.44000053,52.67000008,18.5579998,18.475,20.28000021,78.48596736,98.62000275,0.001420593,3.61,4.36,0.75,1.7,-0.123613956,4591.5,-0.018107932,1,0.0005,0.9985,0.0005,0.0005,-24.975,1.369078157,0.999,0.0005,0.018611095,0.255,0.108295356,0,-0.005,0.0075,0.0115,0.0135,0.1085,0.4171,0.954701676,0.558533652
29/04/2026,7135.950195,-0.000399252,106.8799973,0.06723674,75.95999908,18.80999947,17.82999992,18.92000008,31.04999924,57.14999962,18.53599968,18.53899994,19.95800018,76.56735749,98.91999817,0.003037315,3.61,4.42,0.81,1.69,-0.123613956,4545.200195,-0.010134994,2,0.0005,0.9975,0.0015,0.0005,-24.95,1.580348063,0.998,0.0005,0.028639242,0.255,0.108295356,0,-0.015,0.0055,0.0095,0.0135,0.0485,0.2261,0.752531669,0.400696451
30/04/2026,7209.009766,0.010186184,105.0699997,-0.017079892,75.08000183,16.88999939,18.80999947,19.30999947,30.61000061,58.19000244,18.05199966,18.43399982,19.57550011,80.11023333,98.08000183,-0.008527933,3.61,4.4,0.79,1.7,-0.123613956,4614.700195,0.015175129,3,0.0335,0.945,0.0165,0.0075,-25.1125,7.071169485,0.9785,0.0075,0.391909434,0.255,0.108295356,0,-0.005,0.008,0.0115,0.01,0.12,0.4428,0.974550697,0.563317636
01/05/2026,7230.120117,0.00292405,101.9400024,-0.030242363,75.40000153,16.98999977,16.88999939,18.70999908,25.25,58.41000175,17.7079998,18.38499985,19.23150005,78.51879748,98.20999908,0.001324543,3.6,4.39,0.79,1.69,-0.123613956,4629.899902,0.003288346,4,0.0345,0.955,0.0115,0.0055,-25.4625,6.514429878,0.9895,0.0055,0.346384091,0.245,0.099335605,-0.01,-0.01,0.004,0.0125,0.012,0.1015,0.3851,0.929653291,0.522452609
04/05/2026,7200.75,-0.004070462,106.4199982,0.043009083,78.62999725,18.29000092,16.98999977,18.02000046,24.54000092,60.33999634,17.76199989,18.32699986,18.9375001,71.17193342,98.47000122,0.002643912,3.6,4.45,0.85,1.69,0.046280753,4519.5,-0.02413388,0,0.0365,0.955,0.0115,0.0045,-25.5875,6.413091682,0.9915,0.0045,0.346927584,0.24,0.095022882,0.005,-0.015,0.0055,0.013,0.011,0.0805,0.32465,0.871678549,0.486911125
05/05/2026,7259.220215,0.008087227,102.2699966,-0.03977717,74.73000336,17.37999916,18.29000092,17.82999992,23.87000084,57.3500042,17.67199974,18.11499977,18.51750002,71.322825,98.48000336,0.00010157,3.6,4.43,0.83,1.65,0.046280753,4555.799805,0.007999735,1,0.024,0.955,0.0105,0.0045,-24.9625,5.729078051,0.979,0.0045,0.296680622,0.245,0.099335605,0.005,-0.01,0.0055,0.007,0.004,0.074,0.26805,0.810811873,0.40122557
06/05/2026,7365.120117,0.014482944,95.08000183,-0.07289768,72.33999634,17.38999939,17.37999916,18.80999947,24.17000008,54.94999695,17.38799973,17.9619997,18.33499994,75.23689135,98.01999664,-0.004682011,3.6,4.36,0.76,1.66,0.046280753,4681.899902,0.027302886,2,0.0285,0.955,0.0085,0.0055,-25.1625,6.068625481,0.9835,0.0055,0.309476289,0.245,0.099335605,0,0,0.0065,0.006,0.009,0.0665,0.25995,0.799633358,0.412720777
07/05/2026,7337.109863,-0.003810345,94.80999756,-0.002843799,72.25,17.07999992,17.38999939,16.88999939,25.78000069,55.17000008,17.42599983,17.73899975,18.21449995,68.04365577,98.25,0.002343746,3.6,4.41,0.81,1.65,0.046280753,4699.799805,0.003815923,3,0.0325,0.955,0.0095,0.0065,-25.3375,6.51502532,0.9875,0.0065,0.335143545,0.225,0.082739652,-0.02,-0.01,0.005,0.0065,0.0095,0.0475,0.20175,0.718461575,0.358070272
08/05/2026,7398.930176,0.008390405,95.41999817,0.006413318,72.15000153,17.19000053,17.07999992,16.98999977,21.04000092,54.96000099,17.46599998,17.58699989,18.1125,73.00901767,97.83999634,-0.004181797,3.6,4.38,0.78,1.65,0.046280753,4720.399902,0.004373608,4,0.0295,0.955,0.01,0.0075,-25.1625,6.589946628,0.9845,0.0075,0.332771061,0.215,0.07508562,-0.01,-0.02,0.0055,0.006,0.005,0.0405,0.16765,0.662626612,0.31113949
11/05/2026,7412.839844,0.001878192,98.06999969,0.027393325,75.66000366,18.37999916,17.19000053,18.29000092,19.48999977,57.2800045,17.48399963,17.62299976,18.07549992,79.1415052,97.94000244,0.001021617,3.6,4.42,0.82,1.65,0.06328145,4718.700195,-0.000360142,0,0.0205,0.9695,0.0055,0.0045,-25.15,5.241898511,0.99,0.0045,0.234659305,0.225,0.082739652,0,-0.02,0.0015,0.0045,0.0045,0.037,0.1407,0.615148237,0.26021821
12/05/2026,7400.959961,-0.001603894,102.1800003,0.041054461,75.69000244,17.98999977,18.37999916,17.37999916,19.22999954,57.70000267,17.60599976,17.63899975,18.05699987,74.51629256,98.29000092,0.003567231,3.6,4.46,0.86,1.66,0.06328145,4677.600098,-0.008748201,1,0.0215,0.9665,0.0075,0.0045,-25.125,5.4184292,0.988,0.0045,0.254634297,0.22,0.078859874,-0.005,-0.005,0.0015,0.0025,0.0025,0.0245,0.0918,0.505437201,0.188391837
13/05/2026,7444.25,0.005832206,101.0199966,-0.011417483,70.94000244,17.87000084,17.98999977,17.38999939,19.12000084,53.0700016,17.70200005,17.54499989,18.04199991,80.5157077,98.48000336,0.001931214,3.6,4.46,0.86,1.66,0.06328145,4697.700195,0.00428789,2,0.0145,0.9755,0.0065,0.0045,-25,4.937104415,0.99,0.0045,0.205778714,0.225,0.082739652,0.005,0.01,0.025,0.0255,0.155,0.15,1.0384,1.123609134,1.095470976
14/05/2026,7501.240234,0.007626449,101.1699982,0.001483768,68.91999817,17.26000023,17.87000084,17.07999992,18.36000061,51.65999794,17.73800011,17.58199997,18.0079999,80.52667985,98.87999725,0.00405345,3.6,4.47,0.87,1.62,0.06328145,4678.100098,-0.004181003,3,0.0135,0.9755,0.0085,0.0045,-24.95,4.999250444,0.989,0.0045,0.212303665,0.225,0.082739652,0,0,0.007,0.009,0.02,0.012,0.1381,0.600468332,0.300718724
15/05/2026,7408.5,-0.012440382,105.4199982,0.041150102,72.34999847,18.43000031,17.26000023,17.19000053,18.17000008,53.91999817,17.98600006,17.72600002,18.05549994,68.48588433,99.26999664,0.003936411,3.6,4.59,0.99,1.62,0.06328145,4555.799805,-0.026490962,4,0.0145,0.9755,0.0075,0.0045,-25,5,0.99,0.0045,0.211495677,0.23,0.086726019,0.005,0.005,0.02,0.0085,0.0165,0.0045,0.13915,0.594926894,0.304127161
18/05/2026,7403.049805,-0.000735939,108.6600037,0.030271421,72.06999969,17.81999969,18.43000031,18.37999916,17.94000053,54.25,17.87400017,17.6789999,18.00299988,71.84423775,98.97000122,-0.003026591,3.6,4.61,1.01,1.59,-0.009478744,4552.5,-0.000724571,0,0.0105,0.9795,0.0065,0.0055,-24.875,4.93425843,0.99,0.0055,0.18680109,0.245,0.099335605,0.01,0.02,0.004,0.0035,0.0035,0.004,0.04275,0.344103601,0.12083528
19/05/2026,7353.609863,-0.006700721,107.7699966,-0.008224479,72.88999939,18.05999947,17.81999969,17.98999977,17.47999954,54.82999992,17.88800011,17.74699993,17.93099985,66.70601753,99.30000305,0.003328816,3.6,4.67,1.07,1.57,-0.009478744,4506.299805,-0.010200158,1,0.0075,0.9795,0.0075,0.0045,-24.75,4.535960483,0.987,0.0045,0.170234781,0.245,0.099335605,0,0.02,0.004,0.0025,0.0035,0.0025,0.03545,0.31336449,0.103636921
20/05/2026,7432.970215,0.010734208,98.26000214,-0.092382247,72.76999664,17.44000053,18.05999947,17.87000084,18.87000084,55.32999611,17.80200005,17.75200005,17.85699987,67.02495444,99.11000061,-0.001915251,3.6,4.57,0.97,1.59,-0.009478744,4531.299805,0.005532457,2,0.0085,0.9795,0.0075,0.0055,-24.775,4.867049992,0.988,0.0055,0.181962384,0.245,0.099335605,0,0.015,0.0025,0.0025,0.003,0.003,0.03145,0.296795679,0.093504212
21/05/2026,7445.720215,0.001713861,96.34999847,-0.019629669,73.54000092,16.76000023,17.44000053,17.26000023,19.5,56.78000069,17.70200005,17.72000008,17.72949991,66.60042273,99.19000244,0.000806877,3.6,4.57,0.97,1.59,-0.009478744,4539.799805,0.001874084,3,0.0105,0.9775,0.0085,0.0045,-24.85,4.805728093,0.988,0.0045,0.194661187,0.225,0.082739652,-0.02,-0.01,0.0025,0.0015,0.009,0.0035,0.04755,0.3642668,0.125398109
22/05/2026,7473.470215,0.003720045,96.59999847,0.002591346,75.97000122,16.70000076,16.76000023,18.43000031,18.92000008,59.27000046,17.35600014,17.6710001,17.629,71.05098314,99.31999969,0.00130973,3.6,4.56,0.96,1.57,-0.009478744,4521,-0.004149707,4,0.0085,0.9775,0.0105,0.0045,-24.75,4.801048063,0.986,0.0045,0.194661187,0.205,0.067849513,-0.02,-0.03,0.002,0.0015,0.0085,0.003,0.04325,0.348011398,0.115610999
26/05/2026,7519.120117,0.006089681,93.88999939,-0.028454848,65.05999756,17.01000023,16.70000076,17.81999969,19.30999947,48.04999733,17.19400024,17.53400021,17.57849998,70.46646349,99.16999817,-0.001511427,3.6,4.5,0.9,1.56,0.009478744,4500.399902,-0.004566948,1,0.0135,0.9745,0.0065,0.0045,-24.925,4.873204221,0.988,0.0045,0.202468842,0.225,0.082739652,0.01,0,0.0005,0.0005,0.006,0.0015,0.02465,0.265169606,0.069321948
27/05/2026,7520.359863,0.000164866,88.68000031,-0.05708949,59.97000122,16.29000092,17.01000023,18.05999947,18.70999908,43.68000031,16.84000053,17.36400032,17.50150003,64.63750501,99.20999908,0.000403276,3.6,4.48,0.88,1.57,0.009478744,4447.5,-0.011824119,2,0.0165,0.9725,0.0065,0.0055,-25,5.303300859,0.989,0.0055,0.225336141,0.215,0.07508562,-0.01,0.01,0.0005,0.0005,0.006,0.0015,0.02465,0.265169606,0.069321948
28/05/2026,7563.629883,0.005737227,88.90000153,0.002477771,58.29999924,15.73999977,16.29000092,17.44000053,18.02000046,42.55999947,16.50000038,17.15100021,17.34800005,70.76106249,99.01999664,-0.00191699,3.6,4.45,0.85,1.57,0.009478744,4499.299805,0.011579645,3,0.0135,0.9745,0.0065,0.0055,-24.9,5.12249939,0.988,0.0055,0.208672415,0.185,0.054598687,-0.03,-0.03,0.0005,0.0005,0.007,0.0015,0.02755,0.280043221,0.075146022
29/05/2026,7580.060059,0.002169905,87.36000061,-0.017474641,57.84000015,15.31999969,15.73999977,16.76000023,17.82999992,42.52000046,16.21200027,16.95700016,17.26950006,68.10754187,98.91000366,-0.001111433,3.6,4.45,0.85,1.57,0.009478744,4560.5,0.013510481,4,0.0105,0.9755,0.0055,0.0055,-24.775,4.871649939,0.986,0.0055,0.186500741,0.215,0.07508562,0.03,-0.03,0.0005,0.0005,0.006,0.0015,0.02465,0.265169606,0.069321948
01/06/2026,7599.959961,0.002621856,92.16000366,0.053488718,61.24000168,16.04999924,15.31999969,16.70000076,18.80999947,45.19000244,16.08199997,16.71900005,17.22250004,68.4849929,99.19999695,0.002927601,3.66,4.47,0.81,1.54,0.059514128,4475.200195,-0.01888118,0,0.0095,0.9815,0.0055,0.0055,-24.875,4.805924079,0.991,0.0055,0.172830959,0.21,0.071415843,0.02,-0.005,0.0005,0.0005,0.007,0.0015,0.02755,0.280043221,0.075146022
02/06/2026,7609.779785,0.001291255,93.76000214,0.017212112,59.52999878,15.77000046,16.04999924,17.01000023,16.88999939,43.75999832,15.83400002,16.51400013,17.09650002,70.71294136,99.22000122,0.000201636,3.66,4.46,0.8,1.54,0.059514128,4489.100098,0.003101171,1,0.0085,0.9825,0.0055,0.0045,-24.875,4.469691334,0.991,0.0045,0.159856989,0.215,0.07508562,0.005,0.03,0.0005,0.0005,0.0055,0.0015,0.0232,0.25738653,0.066321957
03/06/2026,7553.680176,-0.007399349,96.01999664,0.02381812,60.52000046,16.05999947,15.77000046,16.29000092,16.98999977,44.46000099,15.78799973,16.31400013,17.03050003,60.58543857,99.52999878,0.003119475,3.66,4.49,0.83,1.54,0.059514128,4436.700195,-0.011741357,2,0.0095,0.9815,0.0055,0.0055,-24.875,4.805924079,0.991,0.0055,0.172830959,0.21,0.071415843,-0.005,-0.005,0.0005,0.0005,0.0035,0.0015,0.0174,0.223374789,0.05359152
04/06/2026,7584.310059,0.004046762,93.04000092,-0.03152695,59.79000092,15.39999962,16.05999947,15.73999977,18.29000092,44.3900013,15.71999969,16.11000004,16.93100004,58.46735782,99.41000366,-0.001206345,3.66,4.47,0.81,1.54,0.059514128,4475.799805,0.008774162,3,0.0075,0.9825,0.0055,0.0045,-24.825,4.398224073,0.99,0.0045,0.15433296,0.205,0.067849513,-0.005,0.02,0.0005,0.0005,0.002,0.0015,0.01305,0.193765738,0.042968586
05/06/2026,7383.740234,-0.02680133,90.54000092,-0.027237766,57.75,21.51000023,15.39999962,15.31999969,17.37999916,36.23999977,16.9579998,16.58500004,17.15250006,47.93102885,100.0699997,0.006617189,3.66,4.55,0.89,1.51,0.059514128,4337.100098,-0.031479119,4,0.0085,0.9825,0.0035,0.0045,-24.875,4.329042547,0.991,0.0045,0.147126552,0.175,0.048568446,-0.03,-0.015,0.0005,0.0005,0.001,0.0015,0.01015,0.171082774,0.035002801
08/06/2026,7405.72998,0.002973705,91.30000305,0.008359069,58.36000061,18.92000008,21.51000023,16.04999924,17.38999939,39.44000053,17.53199997,16.80699997,17.23900003,50.21793629,100.0500031,-0.000199847,3.66,4.56,0.9,1.52,0.021978907,4335.899902,-0.000276766,0,0.0055,0.9915,0.0025,0.0015,-25.025,2.95814564,0.997,0.0015,0.089176455,0.185,0.054598687,-0.01,-0.025,0.0015,0.0005,0.0015,0.0015,0.0143,0.201400205,0.04769659
09/06/2026,7386.649902,-0.002579719,88.19999695,-0.034543893,57.63000107,19.87000084,18.92000008,15.77000046,17.07999992,37.76000023,18.35200005,17.09300003,17.31350012,52.82616177,99.91000366,-0.001400274,3.66,4.53,0.87,1.53,0.021978907,4260,-0.017660018,1,0.0045,0.9905,0.0025,0.0015,-24.95,2.850438124,0.995,0.0015,0.084402534,0.175,0.048568446,-0.01,-0.03,0.0005,0.0005,0.0015,0.0015,0.0116,0.182787905,0.03910825
10/06/2026,7266.990234,-0.016332096,90.02999878,0.020536006,60.27999878,22.21999931,19.87000084,16.05999947,17.19000053,38.05999947,19.58400002,17.68599987,17.5250001,36.71816696,99.94999695,0.000400213,3.66,4.55,0.89,1.53,0.021978907,4108.200195,-0.036284136,2,0.0035,0.9905,0.0055,0.0015,-24.9,3.059413342,0.994,0.0015,0.097550969,0.175,0.048568446,0,0,0.0005,0.0005,0.0015,0.0015,0.0116,0.182787905,0.03910825
11/06/2026,7394.299805,0.017367199,87.70999908,-0.026107027,56.29999924,19.44000053,22.21999931,15.39999962,18.37999916,36.8599987,20.3920002,18.05599995,17.60350008,46.52281899,99.86000061,-0.000900819,3.66,4.45,0.79,1.55,0.021978907,4090.300049,-0.004366695,3,0.0025,0.9935,0.0035,0.0015,-24.925,2.736901647,0.996,0.0015,0.073582351,0.195,0.061023166,0.02,0.01,0.05,0.07,0.08,0.15,1.013,1.114863736,1.186704828
12/06/2026,7431.459961,0.005012928,84.87999725,-0.032797446,54.09999847,17.68000031,19.44000053,21.51000023,17.98999977,36.41999817,19.62600021,18.29200001,17.62450008,47.1948585,99.75,-0.001102155,3.66,4.48,0.82,1.53,0.021978907,4215,0.030031263,4,0.0025,0.9925,0.0035,0.0005,-24.925,2.235647417,0.995,0.0005,0.066426571,0.175,0.048568446,-0.02,-0.02,0.0005,0.0005,0.1545,0.365,1.5458,1.027933968,0.957959964
15/06/2026,7554.290039,0.016393284,80.75,-0.0498805,47.75,16.20000076,17.68000031,18.92000008,17.87000084,31.54999924,19.08200035,18.30700016,17.51300011,52.1289601,99.62999725,-0.001203759,3.66,4.47,0.81,1.53,-0.013129291,4328,0.02645595,0,0.0025,0.9955,0.0015,0.0015,-24.975,2.499625097,0.998,0.0015,0.056229604,0.155,0.037661397,-0.02,-0.02,0.006,0.137,0.3025,0.35,2.32705,0.537850099,1.489077961
16/06/2026,7511.350098,-0.005700396,76.05000305,-0.059966903,53.09999847,16.40999985,16.20000076,19.87000084,17.26000023,36.68999863,18.39000015,18.3710001,17.44250011,49.48081795,99.54000092,-0.000903714,3.66,4.43,0.77,1.55,-0.013129291,4330.899902,0.000669809,1,0.0045,0.9945,0.0015,0.0015,-25.05,2.739070098,0.999,0.0015,0.071136794,0.155,0.037661397,0,-0.04,0.0125,0.2805,0.3845,0.235,2.6392,0.253066995,1.614622699
17/06/2026,7420.100098,-0.012222676,76.79000092,0.009683376,53.65000153,18.44000053,16.40999985,22.21999931,18.43000031,35.21000099,17.6340004,18.60900021,17.46150017,42.16256801,100.0899963,0.005510162,3.66,4.49,0.83,1.5,-0.013129291,4358.899902,0.006444359,2,0.0025,0.9955,0.0015,0.0005,-25,1.936491673,0.998,0.0005,0.047641264,0.145,0.032770533,-0.01,-0.03,0.011,0.3655,0.4025,0.145,2.65535,0.221323795,1.534706575
