Date,Close,VIX_log
02/01/2014,14.22999954,2.65535238
03/01/2014,13.76000023,2.621765849
06/01/2014,13.55000019,2.606386561
07/01/2014,12.92000008,2.558776504
08/01/2014,12.86999989,2.554899013
09/01/2014,12.89000034,2.556451844
10/01/2014,12.14000034,2.496505814
13/01/2014,13.27999973,2.586259124
14/01/2014,12.27999973,2.507971901
15/01/2014,12.27999973,2.507971901
16/01/2014,12.52999973,2.528125748
17/01/2014,12.43999958,2.520917054
21/01/2014,12.86999989,2.554899013
22/01/2014,12.84000015,2.55256531
23/01/2014,13.77000046,2.622492346
24/01/2014,18.13999939,2.898119411
27/01/2014,17.42000008,2.857618976
28/01/2014,15.80000019,2.760009952
29/01/2014,17.35000038,2.853592528
30/01/2014,17.29000092,2.850128353
31/01/2014,18.40999985,2.912893987
03/02/2014,21.44000053,3.065258361
04/02/2014,19.11000061,2.95021179
05/02/2014,19.95000076,2.993229182
06/02/2014,17.22999954,2.846652024
07/02/2014,15.28999996,2.727199017
10/02/2014,15.26000023,2.725235041
11/02/2014,14.51000023,2.674838083
12/02/2014,14.30000019,2.660259551
13/02/2014,14.14000034,2.649007685
14/02/2014,13.56999969,2.607861451
18/02/2014,13.86999989,2.629728226
19/02/2014,15.5,2.740840024
20/02/2014,14.78999996,2.693951274
21/02/2014,14.68000031,2.686486044
24/02/2014,14.22999954,2.65535238
25/02/2014,13.67000008,2.615203656
26/02/2014,14.35000038,2.663749969
27/02/2014,14.03999996,2.641910396
28/02/2014,14,2.63905733
03/03/2014,16,2.772588722
04/03/2014,14.10000038,2.646174824
05/03/2014,13.89000034,2.631169181
06/03/2014,14.21000004,2.653945945
07/03/2014,14.10999966,2.646883742
10/03/2014,14.19999981,2.653241951
11/03/2014,14.80000019,2.694627194
12/03/2014,14.47000027,2.672077559
13/03/2014,16.21999931,2.786245006
14/03/2014,17.81999969,2.880321405
17/03/2014,15.64000034,2.749831757
18/03/2014,14.52000046,2.675527041
19/03/2014,15.11999989,2.716018363
20/03/2014,14.52000046,2.675527041
21/03/2014,15,2.708050201
24/03/2014,15.09000015,2.714032283
25/03/2014,14.02000046,2.640484914
26/03/2014,14.93000031,2.703372632
27/03/2014,14.61999989,2.682390446
28/03/2014,14.40999985,2.667922399
31/03/2014,13.88000011,2.630448963
01/04/2014,13.10000038,2.572612259
02/04/2014,13.09000015,2.571848592
03/04/2014,13.36999989,2.593013383
04/04/2014,13.96000004,2.6361961
07/04/2014,15.56999969,2.745345966
08/04/2014,14.89000034,2.70068987
09/04/2014,13.81999969,2.626116796
10/04/2014,15.89000034,2.765690002
11/04/2014,17.03000069,2.834976535
14/04/2014,16.11000061,2.779440235
15/04/2014,15.60999966,2.747911713
16/04/2014,14.18000031,2.651832543
17/04/2014,13.35999966,2.592265142
21/04/2014,13.25,2.583997552
22/04/2014,13.18999958,2.579458935
23/04/2014,13.27000046,2.585505883
24/04/2014,13.31999969,2.589266642
25/04/2014,14.06000042,2.643333916
28/04/2014,13.97000027,2.636912192
29/04/2014,13.71000004,2.618125496
30/04/2014,13.40999985,2.596000686
01/05/2014,13.25,2.583997552
02/05/2014,12.90999985,2.558002193
05/05/2014,13.28999996,2.58701187
06/05/2014,13.80000019,2.624668606
07/05/2014,13.39999962,2.595254678
08/05/2014,13.43000031,2.597491033
09/05/2014,12.92000008,2.558776504
12/05/2014,12.22999954,2.503891912
13/05/2014,12.13000011,2.495681732
14/05/2014,12.17000008,2.498973913
15/05/2014,13.17000008,2.577941522
16/05/2014,12.43999958,2.520917054
19/05/2014,12.42000008,2.519308083
20/05/2014,12.96000004,2.561867694
21/05/2014,11.90999985,2.477378371
22/05/2014,12.02999973,2.487403508
23/05/2014,11.35999966,2.430098383
27/05/2014,11.51000023,2.443216243
28/05/2014,11.68000031,2.457878004
29/05/2014,11.56999969,2.448415515
30/05/2014,11.39999962,2.433613322
02/06/2014,11.57999992,2.449279466
03/06/2014,11.86999989,2.474014199
04/06/2014,12.07999992,2.491551186
05/06/2014,11.68000031,2.457878004
06/06/2014,10.72999954,2.373043514
09/06/2014,11.14999962,2.411439464
10/06/2014,10.98999977,2.396985748
11/06/2014,11.60000038,2.451005131
12/06/2014,12.56000042,2.530517194
13/06/2014,12.18000031,2.499795287
16/06/2014,12.64999962,2.537657185
17/06/2014,12.06000042,2.489894226
18/06/2014,10.60999966,2.36179692
19/06/2014,10.61999989,2.362739005
20/06/2014,10.85000038,2.384165115
23/06/2014,10.97999954,2.396075394
24/06/2014,12.13000011,2.495681732
25/06/2014,11.59000015,2.450142671
26/06/2014,11.63000011,2.453587976
27/06/2014,11.26000023,2.421256643
30/06/2014,11.56999969,2.448415515
01/07/2014,11.14999962,2.411439464
02/07/2014,10.81999969,2.381396245
03/07/2014,10.31999969,2.33408373
07/07/2014,11.32999992,2.427454068
08/07/2014,11.97999954,2.483238554
09/07/2014,11.64999962,2.455306147
10/07/2014,12.59000015,2.53290286
11/07/2014,12.07999992,2.491551186
14/07/2014,11.81999969,2.469792986
15/07/2014,11.96000004,2.481567752
16/07/2014,11,2.397895273
17/07/2014,14.53999996,2.676903469
18/07/2014,12.06000042,2.489894226
21/07/2014,12.81000042,2.550226149
22/07/2014,12.23999977,2.504709258
23/07/2014,11.52000046,2.444084695
24/07/2014,11.84000015,2.471483642
25/07/2014,12.68999958,2.540814249
28/07/2014,12.56000042,2.530517194
29/07/2014,13.27999973,2.586259124
30/07/2014,13.32999992,2.590017128
31/07/2014,16.95000076,2.830267879
01/08/2014,17.03000069,2.834976535
04/08/2014,15.11999989,2.716018363
05/08/2014,16.87000084,2.825536946
06/08/2014,16.37000084,2.795450443
07/08/2014,16.65999985,2.813010628
08/08/2014,15.77000046,2.75810943
11/08/2014,14.22999954,2.65535238
12/08/2014,14.13000011,2.648300205
13/08/2014,12.89999962,2.557227282
14/08/2014,12.42000008,2.519308083
15/08/2014,13.14999962,2.57642173
18/08/2014,12.31999969,2.511223933
19/08/2014,12.21000004,2.502255291
20/08/2014,11.77999973,2.466403156
21/08/2014,11.76000023,2.464703962
22/08/2014,11.47000027,2.439734954
25/08/2014,11.69999981,2.459588826
26/08/2014,11.63000011,2.453587976
27/08/2014,11.77999973,2.466403156
28/08/2014,12.05000019,2.489064676
29/08/2014,12.09000015,2.492378677
02/09/2014,12.25,2.505525937
03/09/2014,12.35999966,2.514465424
04/09/2014,12.64000034,2.536866416
05/09/2014,12.09000015,2.492378677
08/09/2014,12.65999985,2.538447405
09/09/2014,13.5,2.602689685
10/09/2014,12.88000011,2.55567573
11/09/2014,12.80000019,2.549445186
12/09/2014,13.31000042,2.588515664
15/09/2014,14.11999989,2.647592224
16/09/2014,12.72999954,2.543961377
17/09/2014,12.64999962,2.537657185
18/09/2014,12.02999973,2.487403508
19/09/2014,12.10999966,2.494031529
22/09/2014,13.68999958,2.616665609
23/09/2014,14.93000031,2.703372632
24/09/2014,13.27000046,2.585505883
25/09/2014,15.64000034,2.749831757
26/09/2014,14.85000038,2.697999891
29/09/2014,15.97999954,2.771337912
30/09/2014,16.30999947,2.791778384
01/10/2014,16.70999908,2.816007288
02/10/2014,16.15999985,2.782539044
03/10/2014,14.55000019,2.677591007
06/10/2014,15.46000004,2.738256046
07/10/2014,17.20000076,2.844909428
08/10/2014,15.10999966,2.715356754
09/10/2014,18.76000023,2.931726956
10/10/2014,21.23999977,3.055886186
13/10/2014,24.63999939,3.204371114
14/10/2014,22.79000092,3.126321883
15/10/2014,25.27000046,3.22961794
16/10/2014,25.20000076,3.226844025
17/10/2014,21.98999977,3.090587794
20/10/2014,18.56999969,2.921547359
21/10/2014,16.07999992,2.777576259
22/10/2014,17.87000084,2.883123376
23/10/2014,16.53000069,2.805176953
24/10/2014,16.11000061,2.779440235
27/10/2014,16.04000092,2.77508566
28/10/2014,14.39000034,2.666533545
29/10/2014,15.14999962,2.718000507
30/10/2014,14.52000046,2.675527041
31/10/2014,14.02999973,2.641197875
03/11/2014,14.72999954,2.689886199
04/11/2014,14.89000034,2.70068987
05/11/2014,14.17000008,2.651127059
06/11/2014,13.67000008,2.615203656
07/11/2014,13.11999989,2.574137775
10/11/2014,12.67000008,2.539237
11/11/2014,12.92000008,2.558776504
12/11/2014,13.02000046,2.566486672
13/11/2014,13.78999996,2.623943689
14/11/2014,13.31000042,2.588515664
17/11/2014,13.98999977,2.638342772
18/11/2014,13.85999966,2.629006969
19/11/2014,13.96000004,2.6361961
20/11/2014,13.57999992,2.608598117
21/11/2014,12.89999962,2.557227282
24/11/2014,12.61999989,2.535282848
25/11/2014,12.25,2.505525937
26/11/2014,12.06999969,2.49072301
28/11/2014,13.32999992,2.590017128
01/12/2014,14.15999985,2.650421077
02/12/2014,12.85000038,2.553343841
03/12/2014,12.5,2.525728644
04/12/2014,12.38000011,2.516082277
05/12/2014,11.89000034,2.47569774
08/12/2014,14.21000004,2.653945945
09/12/2014,15.35000038,2.731115499
10/12/2014,18.53000069,2.919391077
11/12/2014,20.07999992,2.999724291
12/12/2014,21.07999992,3.04832472
15/12/2014,20.42000008,3.016514816
16/12/2014,23.56999969,3.159974704
17/12/2014,19.44000053,2.967332827
18/12/2014,16.80999947,2.821973916
19/12/2014,16.48999977,2.802754123
22/12/2014,15.25,2.724579503
23/12/2014,14.80000019,2.694627194
24/12/2014,14.36999989,2.665142692
26/12/2014,14.5,2.674148649
29/12/2014,15.06000042,2.71204225
30/12/2014,15.92000008,2.767576185
31/12/2014,19.20000076,2.954910319
02/01/2015,17.79000092,2.878636553
05/01/2015,19.92000008,2.991724256
06/01/2015,21.12000084,3.050220499
07/01/2015,19.30999947,2.960623069
08/01/2015,17.01000023,2.83380142
09/01/2015,17.54999924,2.865053906
12/01/2015,19.60000038,2.975529586
13/01/2015,20.55999947,3.023347415
14/01/2015,21.47999954,3.067122248
15/01/2015,22.38999939,3.108614403
16/01/2015,20.95000076,3.042138683
20/01/2015,19.88999939,2.990217062
21/01/2015,18.85000038,2.936512934
22/01/2015,16.39999962,2.797281312
23/01/2015,16.65999985,2.813010628
26/01/2015,15.52000046,2.742129544
27/01/2015,17.21999931,2.846071459
28/01/2015,20.44000053,3.017493791
29/01/2015,18.76000023,2.931726956
30/01/2015,20.96999931,3.043092812
02/02/2015,19.43000031,2.966818279
03/02/2015,17.32999992,2.852439099
04/02/2015,18.32999992,2.908539058
05/02/2015,16.85000038,2.824350679
06/02/2015,17.29000092,2.850128353
09/02/2015,18.54999924,2.920469748
10/02/2015,17.22999954,2.846652024
11/02/2015,16.95999908,2.830857576
12/02/2015,15.34000015,2.730463806
13/02/2015,14.68999958,2.687166962
17/02/2015,15.80000019,2.760009952
18/02/2015,15.44999981,2.737608991
19/02/2015,15.28999996,2.727199017
20/02/2015,14.30000019,2.660259551
23/02/2015,14.56000042,2.678278072
24/02/2015,13.68999958,2.616665609
25/02/2015,13.84000015,2.627562961
26/02/2015,13.90999985,2.632607995
27/02/2015,13.34000015,2.590767052
02/03/2015,13.03999996,2.568021554
03/03/2015,13.85999966,2.629006969
04/03/2015,14.22999954,2.65535238
05/03/2015,14.03999996,2.641910396
06/03/2015,15.19999981,2.721295415
09/03/2015,15.06000042,2.71204225
10/03/2015,16.69000053,2.81480977
11/03/2015,16.87000084,2.825536946
12/03/2015,15.42000008,2.735665373
13/03/2015,16,2.772588722
16/03/2015,15.60999966,2.747911713
17/03/2015,15.65999985,2.751109681
18/03/2015,13.97000027,2.636912192
19/03/2015,14.06999969,2.644044849
20/03/2015,13.02000046,2.566486672
23/03/2015,13.40999985,2.596000686
24/03/2015,13.61999989,2.611539292
25/03/2015,15.43999958,2.736961517
26/03/2015,15.80000019,2.760009952
27/03/2015,15.06999969,2.712705992
30/03/2015,14.51000023,2.674838083
31/03/2015,15.28999996,2.727199017
01/04/2015,15.10999966,2.715356754
02/04/2015,14.67000008,2.685804597
06/04/2015,14.73999977,2.690564871
07/04/2015,14.77999973,2.693274897
08/04/2015,13.97999954,2.637627704
09/04/2015,13.09000015,2.571848592
10/04/2015,12.57999992,2.532108245
13/04/2015,13.93999958,2.634762375
14/04/2015,13.67000008,2.615203656
15/04/2015,12.84000015,2.55256531
16/04/2015,12.60000038,2.533696844
17/04/2015,13.89000034,2.631169181
20/04/2015,13.30000019,2.58776405
21/04/2015,13.25,2.583997552
22/04/2015,12.71000004,2.542389088
23/04/2015,12.47999954,2.524127326
24/04/2015,12.28999996,2.50878592
27/04/2015,13.11999989,2.574137775
28/04/2015,12.40999985,2.518502587
29/04/2015,13.39000034,2.594508185
30/04/2015,14.55000019,2.677591007
01/05/2015,12.69999981,2.541601978
04/05/2015,12.85000038,2.553343841
05/05/2015,14.31000042,2.660958623
06/05/2015,15.14999962,2.718000507
07/05/2015,15.13000011,2.716679535
08/05/2015,12.85999966,2.554121692
11/05/2015,13.85000038,2.62828526
12/05/2015,13.85999966,2.629006969
13/05/2015,13.76000023,2.621765849
14/05/2015,12.73999977,2.544746632
15/05/2015,12.38000011,2.516082277
18/05/2015,12.72999954,2.543961377
19/05/2015,12.85000038,2.553343841
20/05/2015,12.88000011,2.55567573
21/05/2015,12.10999966,2.494031529
22/05/2015,12.13000011,2.495681732
26/05/2015,14.06000042,2.643333916
27/05/2015,13.27000046,2.585505883
28/05/2015,13.31000042,2.588515664
29/05/2015,13.84000015,2.627562961
01/06/2015,13.97000027,2.636912192
02/06/2015,14.23999977,2.65605489
03/06/2015,13.65999985,2.614471843
04/06/2015,14.71000004,2.688527537
05/06/2015,14.21000004,2.653945945
08/06/2015,15.28999996,2.727199017
09/06/2015,14.47000027,2.672077559
10/06/2015,13.22000027,2.581730855
11/06/2015,12.85000038,2.553343841
12/06/2015,13.77999973,2.623218246
15/06/2015,15.39000034,2.73371797
16/06/2015,14.81000042,2.695302657
17/06/2015,14.5,2.674148649
18/06/2015,13.18999958,2.579458935
19/06/2015,13.96000004,2.6361961
22/06/2015,12.73999977,2.544746632
23/06/2015,12.10999966,2.494031529
24/06/2015,13.26000023,2.584752002
25/06/2015,14.01000023,2.639771377
26/06/2015,14.02000046,2.640484914
29/06/2015,18.85000038,2.936512934
30/06/2015,18.22999954,2.903068564
01/07/2015,16.09000015,2.77819797
02/07/2015,16.79000092,2.820783526
06/07/2015,17.01000023,2.83380142
07/07/2015,16.09000015,2.77819797
08/07/2015,19.65999985,2.978586107
09/07/2015,19.96999931,2.994231113
10/07/2015,16.82999992,2.823163004
13/07/2015,13.89999962,2.631888813
14/07/2015,13.36999989,2.593013383
15/07/2015,13.22999954,2.582486944
16/07/2015,12.10999966,2.494031529
17/07/2015,11.94999981,2.480731262
20/07/2015,12.25,2.505525937
21/07/2015,12.22000027,2.503073976
22/07/2015,12.11999989,2.494856971
23/07/2015,12.64000034,2.536866416
24/07/2015,13.73999977,2.62031127
27/07/2015,15.60000038,2.747270939
28/07/2015,13.43999958,2.598235304
29/07/2015,12.5,2.525728644
30/07/2015,12.13000011,2.495681732
31/07/2015,12.11999989,2.494856971
03/08/2015,12.56000042,2.530517194
04/08/2015,13,2.564949357
05/08/2015,12.51000023,2.526528343
06/08/2015,13.77000046,2.622492346
07/08/2015,13.39000034,2.594508185
10/08/2015,12.22999954,2.503891912
11/08/2015,13.71000004,2.618125496
12/08/2015,13.60999966,2.610804791
13/08/2015,13.48999977,2.601948653
14/08/2015,12.82999992,2.551786173
17/08/2015,13.02000046,2.566486672
18/08/2015,13.78999996,2.623943689
19/08/2015,15.25,2.724579503
20/08/2015,19.13999939,2.951780354
21/08/2015,28.03000069,3.33327539
24/08/2015,40.74000168,3.707210452
25/08/2015,36.02000046,3.584074352
26/08/2015,30.31999969,3.411807551
27/08/2015,26.10000038,3.261935329
28/08/2015,26.04999924,3.260017739
31/08/2015,28.43000031,3.347444936
01/09/2015,31.39999962,3.446807881
02/09/2015,26.09000015,3.261552105
03/09/2015,25.61000061,3.242982924
04/09/2015,27.79999924,3.325035993
08/09/2015,24.89999962,3.214867788
09/09/2015,26.22999954,3.266903776
10/09/2015,24.37000084,3.193352902
11/09/2015,23.20000076,3.144152312
14/09/2015,24.25,3.188416617
15/09/2015,22.54000092,3.115291549
16/09/2015,21.35000038,3.061051758
17/09/2015,21.13999939,3.051166952
18/09/2015,22.28000069,3.103689446
21/09/2015,20.13999939,3.002707857
22/09/2015,22.44000053,3.110845104
23/09/2015,22.12999916,3.096934116
24/09/2015,23.46999931,3.155722981
25/09/2015,23.62000084,3.162093846
28/09/2015,27.62999916,3.318902109
29/09/2015,26.82999992,3.289520662
30/09/2015,24.5,3.198673118
01/10/2015,22.54999924,3.115735032
02/10/2015,20.94000053,3.041661231
05/10/2015,19.54000092,2.972463693
06/10/2015,19.39999962,2.965273046
07/10/2015,18.39999962,2.912350644
08/10/2015,17.42000008,2.857618976
09/10/2015,17.07999992,2.837908184
12/10/2015,16.17000008,2.783157678
13/10/2015,17.67000008,2.871868291
14/10/2015,18.03000069,2.892037075
15/10/2015,16.04999924,2.775708802
16/10/2015,15.05000019,2.711378004
19/10/2015,14.97999954,2.706715948
20/10/2015,15.75,2.756840365
21/10/2015,16.70000076,2.815408765
22/10/2015,14.44999981,2.670694401
23/10/2015,14.46000004,2.671386219
26/10/2015,15.28999996,2.727199017
27/10/2015,15.43000031,2.736313686
28/10/2015,14.32999992,2.662355237
29/10/2015,14.60999966,2.681706202
30/10/2015,15.06999969,2.712705992
02/11/2015,14.14999962,2.649714597
03/11/2015,14.53999996,2.676903469
04/11/2015,15.51000023,2.741484992
05/11/2015,15.05000019,2.711378004
06/11/2015,14.32999992,2.662355237
09/11/2015,16.52000046,2.804571796
10/11/2015,15.28999996,2.727199017
11/11/2015,16.05999947,2.776331675
12/11/2015,18.37000084,2.910718945
13/11/2015,20.07999992,2.999724291
16/11/2015,18.15999985,2.899221365
17/11/2015,18.84000015,2.935982277
18/11/2015,16.85000038,2.824350679
19/11/2015,16.98999977,2.832624922
20/11/2015,15.47000027,2.738902682
23/11/2015,15.61999989,2.748552137
24/11/2015,15.93000031,2.768204143
25/11/2015,15.18999958,2.720637289
27/11/2015,15.11999989,2.716018363
30/11/2015,16.12999916,2.78068084
01/12/2015,14.67000008,2.685804597
02/12/2015,15.90999985,2.766947833
03/12/2015,18.11000061,2.896464306
04/12/2015,14.81000042,2.695302657
07/12/2015,15.84000015,2.762538396
08/12/2015,17.60000038,2.867898924
09/12/2015,19.61000061,2.976039671
10/12/2015,19.34000015,2.962175498
11/12/2015,24.38999939,3.194173187
14/12/2015,22.72999954,3.123685618
15/12/2015,20.95000076,3.042138683
16/12/2015,17.86000061,2.88256361
17/12/2015,18.94000053,2.941276116
18/12/2015,20.70000076,3.030133737
21/12/2015,18.70000076,2.928523565
22/12/2015,16.60000038,2.809402718
23/12/2015,15.56999969,2.745345966
24/12/2015,15.73999977,2.756205228
28/12/2015,16.90999985,2.827905154
29/12/2015,16.07999992,2.777576259
30/12/2015,17.29000092,2.850128353
31/12/2015,18.20999908,2.901970843
04/01/2016,20.70000076,3.030133737
05/01/2016,19.34000015,2.962175498
06/01/2016,20.59000015,3.024805528
07/01/2016,24.98999977,3.218475736
08/01/2016,27.01000023,3.296207176
11/01/2016,24.29999924,3.190476319
12/01/2016,22.46999931,3.112181056
13/01/2016,25.21999931,3.227637303
14/01/2016,23.95000076,3.175968356
15/01/2016,27.02000046,3.296577349
19/01/2016,26.04999924,3.260017739
20/01/2016,27.59000015,3.317453394
21/01/2016,26.69000053,3.284288983
22/01/2016,22.34000015,3.1063788
25/01/2016,24.14999962,3.184284364
26/01/2016,22.5,3.113515309
27/01/2016,23.11000061,3.140265451
28/01/2016,22.42000008,3.109953421
29/01/2016,20.20000076,3.005682642
01/02/2016,19.97999954,2.99473175
02/02/2016,21.97999954,3.090132928
03/02/2016,21.64999962,3.075005437
04/02/2016,21.84000015,3.083743158
05/02/2016,23.37999916,3.15188092
08/02/2016,26,3.258096538
09/02/2016,26.54000092,3.278653063
10/02/2016,26.29000092,3.269188674
11/02/2016,28.13999939,3.33719203
12/02/2016,25.39999962,3.234749159
16/02/2016,24.11000061,3.182626718
17/02/2016,22.30999947,3.105034985
18/02/2016,21.63999939,3.074543426
19/02/2016,20.53000069,3.021887264
22/02/2016,19.37999916,2.964241563
23/02/2016,20.97999954,3.043569581
24/02/2016,20.71999931,3.031099384
25/02/2016,19.11000061,2.95021179
26/02/2016,19.80999947,2.986186834
29/02/2016,20.54999924,3.022860904
01/03/2016,17.70000076,2.873564683
02/03/2016,17.09000015,2.838493506
03/03/2016,16.70000076,2.815408765
04/03/2016,16.86000061,2.824943989
07/03/2016,17.35000038,2.853592528
08/03/2016,18.67000008,2.926917962
09/03/2016,18.34000015,2.909084475
10/03/2016,18.04999924,2.893145643
11/03/2016,16.5,2.803360381
14/03/2016,16.92000008,2.828496359
15/03/2016,16.84000015,2.823757018
16/03/2016,14.98999977,2.707383297
17/03/2016,14.43999958,2.670002104
18/03/2016,14.02000046,2.640484914
21/03/2016,13.78999996,2.623943689
22/03/2016,14.17000008,2.651127059
23/03/2016,14.93999958,2.704042152
24/03/2016,14.73999977,2.690564871
28/03/2016,15.23999977,2.723923535
29/03/2016,13.81999969,2.626116796
30/03/2016,13.56000042,2.607124313
31/03/2016,13.94999981,2.635479495
01/04/2016,13.10000038,2.572612259
04/04/2016,14.11999989,2.647592224
05/04/2016,15.42000008,2.735665373
06/04/2016,14.09000015,2.645465337
07/04/2016,16.15999985,2.782539044
08/04/2016,15.35999966,2.731766705
11/04/2016,16.26000023,2.788708118
12/04/2016,14.85000038,2.697999891
13/04/2016,13.84000015,2.627562961
14/04/2016,13.72000027,2.618854642
15/04/2016,13.61999989,2.611539292
18/04/2016,13.35000038,2.591516413
19/04/2016,13.23999977,2.583242533
20/04/2016,13.27999973,2.586259124
21/04/2016,13.94999981,2.635479495
22/04/2016,13.22000027,2.581730855
25/04/2016,14.07999992,2.644755345
26/04/2016,13.96000004,2.6361961
27/04/2016,13.77000046,2.622492346
28/04/2016,15.22000027,2.72261037
29/04/2016,15.69999981,2.7536607
02/05/2016,14.68000031,2.686486044
03/05/2016,15.60000038,2.747270939
04/05/2016,16.04999924,2.775708802
05/05/2016,15.90999985,2.766947833
06/05/2016,14.72000027,2.689207131
09/05/2016,14.56999969,2.678964599
10/05/2016,13.63000011,2.612273254
11/05/2016,14.68999958,2.687166962
12/05/2016,14.40999985,2.667922399
13/05/2016,15.03999996,2.710713316
16/05/2016,14.68000031,2.686486044
17/05/2016,15.56999969,2.745345966
18/05/2016,15.94999981,2.769458817
19/05/2016,16.32999992,2.793003902
20/05/2016,15.19999981,2.721295415
23/05/2016,15.81999969,2.761274943
24/05/2016,14.42000008,2.668616137
25/05/2016,13.89999962,2.631888813
26/05/2016,13.43000031,2.597491033
27/05/2016,13.11999989,2.574137775
31/05/2016,14.18999958,2.652537462
01/06/2016,14.19999981,2.653241951
02/06/2016,13.63000011,2.612273254
03/06/2016,13.47000027,2.60046501
06/06/2016,13.64999962,2.613739494
07/06/2016,14.05000019,2.642622409
08/06/2016,14.07999992,2.644755345
09/06/2016,14.64000034,2.683757532
10/06/2016,17.03000069,2.834976535
13/06/2016,20.96999931,3.043092812
14/06/2016,20.5,3.020424886
15/06/2016,20.13999939,3.002707857
16/06/2016,19.37000084,2.963725521
17/06/2016,19.40999985,2.965788389
20/06/2016,18.37000084,2.910718945
21/06/2016,18.47999954,2.916689041
22/06/2016,21.17000008,3.052585089
23/06/2016,17.25,2.847812143
24/06/2016,25.76000023,3.24882291
27/06/2016,23.85000038,3.171784233
28/06/2016,18.75,2.931193752
29/06/2016,16.63999939,2.811809399
30/06/2016,15.63000011,2.749192152
01/07/2016,14.77000046,2.692598128
05/07/2016,15.57999992,2.745988036
06/07/2016,14.96000004,2.705379975
07/07/2016,14.76000023,2.691920835
08/07/2016,13.19999981,2.580216815
11/07/2016,13.53999996,2.605648265
12/07/2016,13.55000019,2.606386561
13/07/2016,13.03999996,2.568021554
14/07/2016,12.81999969,2.551006428
15/07/2016,12.67000008,2.539237
18/07/2016,12.43999958,2.520917054
19/07/2016,11.97000027,2.482403542
20/07/2016,11.77000046,2.46555396
21/07/2016,12.73999977,2.544746632
22/07/2016,12.02000046,2.486571967
25/07/2016,12.86999989,2.554899013
26/07/2016,13.05000019,2.568788148
27/07/2016,12.82999992,2.551786173
28/07/2016,12.72000027,2.543175579
29/07/2016,11.86999989,2.474014199
01/08/2016,12.43999958,2.520917054
02/08/2016,13.36999989,2.593013383
03/08/2016,12.85999966,2.554121692
04/08/2016,12.42000008,2.519308083
05/08/2016,11.39000034,2.432735808
08/08/2016,11.5,2.442347035
09/08/2016,11.65999985,2.456164168
10/08/2016,12.05000019,2.489064676
11/08/2016,11.68000031,2.457878004
12/08/2016,11.55000019,2.446685453
15/08/2016,11.81000042,2.468946666
16/08/2016,12.64000034,2.536866416
17/08/2016,12.18999958,2.500615909
18/08/2016,11.43000031,2.436241505
19/08/2016,11.34000015,2.428336312
22/08/2016,12.27000046,2.507157296
23/08/2016,12.38000011,2.516082277
24/08/2016,13.44999981,2.598979092
25/08/2016,13.63000011,2.612273254
26/08/2016,13.64999962,2.613739494
29/08/2016,12.93999958,2.560323257
30/08/2016,13.11999989,2.574137775
31/08/2016,13.42000008,2.596746137
01/09/2016,13.47999954,2.601207072
02/09/2016,11.97999954,2.483238554
06/09/2016,12.02000046,2.486571967
07/09/2016,11.93999958,2.479894073
08/09/2016,12.51000023,2.526528343
09/09/2016,17.5,2.862200881
12/09/2016,15.15999985,2.71866037
13/09/2016,17.85000038,2.88200353
14/09/2016,18.13999939,2.898119411
15/09/2016,16.29999924,2.791165061
16/09/2016,15.36999989,2.73241755
19/09/2016,15.52999973,2.74277362
20/09/2016,15.92000008,2.767576185
21/09/2016,13.30000019,2.58776405
22/09/2016,12.02000046,2.486571967
23/09/2016,12.28999996,2.50878592
26/09/2016,14.5,2.674148649
27/09/2016,13.10000038,2.572612259
28/09/2016,12.39000034,2.516889723
29/09/2016,14.02000046,2.640484914
30/09/2016,13.28999996,2.58701187
03/10/2016,13.56999969,2.607861451
04/10/2016,13.63000011,2.612273254
05/10/2016,12.98999977,2.564179813
06/10/2016,12.84000015,2.55256531
07/10/2016,13.47999954,2.601207072
10/10/2016,13.38000011,2.593761063
11/10/2016,15.35999966,2.731766705
12/10/2016,15.90999985,2.766947833
13/10/2016,16.69000053,2.81480977
14/10/2016,16.12000084,2.780060789
17/10/2016,16.20999908,2.785628279
18/10/2016,15.27999973,2.726544766
19/10/2016,14.40999985,2.667922399
20/10/2016,13.75,2.621038824
21/10/2016,13.34000015,2.590767052
24/10/2016,13.02000046,2.566486672
25/10/2016,13.46000004,2.599722327
26/10/2016,14.23999977,2.65605489
27/10/2016,15.35999966,2.731766705
28/10/2016,16.19000053,2.784393801
31/10/2016,17.05999947,2.836736511
01/11/2016,18.55999947,2.921008699
02/11/2016,19.31999969,2.961140813
03/11/2016,22.07999992,3.094672218
04/11/2016,22.51000023,3.113959665
07/11/2016,18.70999908,2.929058091
08/11/2016,18.73999977,2.930660265
09/11/2016,14.38000011,2.66583836
10/11/2016,14.73999977,2.690564871
11/11/2016,14.17000008,2.651127059
14/11/2016,14.47999954,2.672768355
15/11/2016,13.36999989,2.593013383
16/11/2016,13.72000027,2.618854642
17/11/2016,13.35000038,2.591516413
18/11/2016,12.85000038,2.553343841
21/11/2016,12.42000008,2.519308083
22/11/2016,12.40999985,2.518502587
23/11/2016,12.43000031,2.52011293
25/11/2016,12.34000015,2.512846031
28/11/2016,13.14999962,2.57642173
29/11/2016,12.89999962,2.557227282
30/11/2016,13.32999992,2.590017128
01/12/2016,14.06999969,2.644044849
02/12/2016,14.11999989,2.647592224
05/12/2016,12.14000034,2.496505814
06/12/2016,11.78999996,2.467251711
07/12/2016,12.22000027,2.503073976
08/12/2016,12.64000034,2.536866416
09/12/2016,11.75,2.463853241
12/12/2016,12.64000034,2.536866416
13/12/2016,12.72000027,2.543175579
14/12/2016,13.18999958,2.579458935
15/12/2016,12.78999996,2.548663613
16/12/2016,12.19999981,2.501435936
19/12/2016,11.71000004,2.460443181
20/12/2016,11.44999981,2.437989713
21/12/2016,11.27000046,2.422144369
22/12/2016,11.43000031,2.436241505
23/12/2016,11.43999958,2.437115949
27/12/2016,11.98999977,2.48407295
28/12/2016,12.94999981,2.561095773
29/12/2016,13.36999989,2.593013383
30/12/2016,14.03999996,2.641910396
03/01/2017,12.85000038,2.553343841
04/01/2017,11.85000038,2.4723279
05/01/2017,11.67000008,2.457021453
06/01/2017,11.31999969,2.426571046
09/01/2017,11.56000042,2.4475509
10/01/2017,11.48999977,2.441477072
11/01/2017,11.26000023,2.421256643
12/01/2017,11.53999996,2.445819258
13/01/2017,11.22999954,2.418588728
17/01/2017,11.86999989,2.474014199
18/01/2017,12.47999954,2.524127326
19/01/2017,12.77999973,2.547881428
20/01/2017,11.53999996,2.445819258
23/01/2017,11.77000046,2.46555396
24/01/2017,11.06999969,2.404238719
25/01/2017,10.81000042,2.38047167
26/01/2017,10.63000011,2.363680203
27/01/2017,10.57999992,2.358965419
30/01/2017,11.88000011,2.474856324
31/01/2017,11.98999977,2.48407295
01/02/2017,11.81000042,2.468946666
02/02/2017,11.93000031,2.479056262
03/02/2017,10.97000027,2.395164299
06/02/2017,11.36999989,2.430978298
07/02/2017,11.28999996,2.423917375
08/02/2017,11.44999981,2.437989713
09/02/2017,10.88000011,2.386926252
10/02/2017,10.85000038,2.384165115
13/02/2017,11.06999969,2.404238719
14/02/2017,10.73999977,2.373975068
15/02/2017,11.97000027,2.482403542
16/02/2017,11.76000023,2.464703962
17/02/2017,11.48999977,2.441477072
21/02/2017,11.56999969,2.448415515
22/02/2017,11.73999977,2.463001795
23/02/2017,11.71000004,2.460443181
24/02/2017,11.47000027,2.439734954
27/02/2017,12.09000015,2.492378677
28/02/2017,12.92000008,2.558776504
01/03/2017,12.53999996,2.528923532
02/03/2017,11.81000042,2.468946666
03/03/2017,10.96000004,2.394252285
06/03/2017,11.23999977,2.419478824
07/03/2017,11.44999981,2.437989713
08/03/2017,11.85999966,2.473171365
09/03/2017,12.30000019,2.509599278
10/03/2017,11.65999985,2.456164168
13/03/2017,11.35000038,2.429217778
14/03/2017,12.30000019,2.509599278
15/03/2017,11.63000011,2.453587976
16/03/2017,11.21000004,2.41680624
17/03/2017,11.27999973,2.423031222
20/03/2017,11.34000015,2.428336312
21/03/2017,12.47000027,2.523325781
22/03/2017,12.81000042,2.550226149
23/03/2017,13.11999989,2.574137775
24/03/2017,12.96000004,2.561867694
27/03/2017,12.5,2.525728644
28/03/2017,11.52999973,2.444952311
29/03/2017,11.42000008,2.435366211
30/03/2017,11.53999996,2.445819258
31/03/2017,12.36999989,2.515274177
03/04/2017,12.38000011,2.516082277
04/04/2017,11.78999996,2.467251711
05/04/2017,12.89000034,2.556451844
06/04/2017,12.39000034,2.516889723
07/04/2017,12.86999989,2.554899013
10/04/2017,14.05000019,2.642622409
11/04/2017,15.06999969,2.712705992
12/04/2017,15.77000046,2.75810943
13/04/2017,15.96000004,2.770085594
17/04/2017,14.65999985,2.685122686
18/04/2017,14.42000008,2.668616137
19/04/2017,14.93000031,2.703372632
20/04/2017,14.14999962,2.649714597
21/04/2017,14.63000011,2.683074223
24/04/2017,10.84000015,2.38324301
25/04/2017,10.76000023,2.375835576
26/04/2017,10.85000038,2.384165115
27/04/2017,10.35999966,2.337952204
28/04/2017,10.81999969,2.381396245
01/05/2017,10.10999966,2.313524999
02/05/2017,10.59000015,2.359910174
03/05/2017,10.68000031,2.368372862
04/05/2017,10.46000004,2.347558462
05/05/2017,10.56999969,2.358019771
08/05/2017,9.770000458,2.279316513
09/05/2017,9.960000038,2.298577075
10/05/2017,10.21000004,2.323367636
11/05/2017,10.60000038,2.360854037
12/05/2017,10.39999962,2.341805769
15/05/2017,10.42000008,2.343727044
16/05/2017,10.64999962,2.365559856
17/05/2017,15.59000015,2.746629693
18/05/2017,14.65999985,2.685122686
19/05/2017,12.03999996,2.488234437
22/05/2017,10.93000031,2.39151133
23/05/2017,10.72000027,2.372111181
24/05/2017,10.02000046,2.304583141
25/05/2017,9.989999771,2.30158457
26/05/2017,9.81000042,2.283402316
30/05/2017,10.38000011,2.339880889
31/05/2017,10.40999985,2.342766868
01/06/2017,9.890000343,2.29152418
02/06/2017,9.75,2.277267285
05/06/2017,10.06999969,2.309560676
06/06/2017,10.44999981,2.34660196
07/06/2017,10.39000034,2.340843838
08/06/2017,10.15999985,2.318458427
09/06/2017,10.69999981,2.370243724
12/06/2017,11.46000004,2.438862715
13/06/2017,10.42000008,2.343727044
14/06/2017,10.64000034,2.364620516
15/06/2017,10.89999962,2.388762754
16/06/2017,10.38000011,2.339880889
19/06/2017,10.36999989,2.338917011
20/06/2017,10.85999966,2.385086283
21/06/2017,10.75,2.374905755
22/06/2017,10.47999954,2.349468635
23/06/2017,10.02000046,2.304583141
26/06/2017,9.899999619,2.292534719
27/06/2017,11.06000042,2.403335034
28/06/2017,10.02999973,2.305580575
29/06/2017,11.43999958,2.437115949
30/06/2017,11.18000031,2.414126495
03/07/2017,11.22000027,2.417697924
05/07/2017,11.06999969,2.404238719
06/07/2017,12.53999996,2.528923532
07/07/2017,11.18999958,2.415020485
10/07/2017,11.10999966,2.407845573
11/07/2017,10.89000034,2.387844968
12/07/2017,10.30000019,2.332143914
13/07/2017,9.899999619,2.292534719
14/07/2017,9.510000229,2.252343901
17/07/2017,9.819999695,2.284421091
18/07/2017,9.890000343,2.29152418
19/07/2017,9.789999962,2.281361453
20/07/2017,9.579999924,2.259677584
21/07/2017,9.359999657,2.236445254
24/07/2017,9.430000305,2.243896129
25/07/2017,9.430000305,2.243896129
26/07/2017,9.600000381,2.261763138
27/07/2017,10.10999966,2.313524999
28/07/2017,10.28999996,2.331172546
31/07/2017,10.26000023,2.328252862
01/08/2017,10.09000015,2.311544849
02/08/2017,10.27999973,2.330200234
03/08/2017,10.43999958,2.345644542
04/08/2017,10.02999973,2.305580575
07/08/2017,9.930000305,2.295560509
08/08/2017,10.96000004,2.394252285
09/08/2017,11.10999966,2.407845573
10/08/2017,16.04000092,2.77508566
11/08/2017,15.51000023,2.741484992
14/08/2017,12.32999992,2.512035311
15/08/2017,12.03999996,2.488234437
16/08/2017,11.73999977,2.463001795
17/08/2017,15.55000019,2.744060651
18/08/2017,14.26000023,2.657458431
21/08/2017,13.18999958,2.579458935
22/08/2017,11.35000038,2.429217778
23/08/2017,12.25,2.505525937
24/08/2017,12.22999954,2.503891912
25/08/2017,11.27999973,2.423031222
28/08/2017,11.31999969,2.426571046
29/08/2017,11.69999981,2.459588826
30/08/2017,11.22000027,2.417697924
31/08/2017,10.59000015,2.359910174
01/09/2017,10.13000011,2.31550133
05/09/2017,12.22999954,2.503891912
06/09/2017,11.63000011,2.453587976
07/09/2017,11.55000019,2.446685453
08/09/2017,12.11999989,2.494856971
11/09/2017,10.72999954,2.373043514
12/09/2017,10.57999992,2.358965419
13/09/2017,10.5,2.351375257
14/09/2017,10.43999958,2.345644542
15/09/2017,10.17000008,2.319442218
18/09/2017,10.14999962,2.317473668
19/09/2017,10.18000031,2.320425041
20/09/2017,9.779999733,2.280339457
21/09/2017,9.670000076,2.269028317
22/09/2017,9.590000153,2.260720905
25/09/2017,10.21000004,2.323367636
26/09/2017,10.17000008,2.319442218
27/09/2017,9.869999886,2.289499842
28/09/2017,9.550000191,2.256541174
29/09/2017,9.510000229,2.252343901
02/10/2017,9.449999809,2.246014721
03/10/2017,9.510000229,2.252343901
04/10/2017,9.630000114,2.264883238
05/10/2017,9.18999958,2.218115891
06/10/2017,9.649999619,2.266957876
09/10/2017,10.32999992,2.335052276
10/10/2017,10.07999992,2.310553255
11/10/2017,9.850000381,2.287471494
12/10/2017,9.909999847,2.293544333
13/10/2017,9.609999657,2.262804187
16/10/2017,9.909999847,2.293544333
17/10/2017,10.31000042,2.333114339
18/10/2017,10.06999969,2.309560676
19/10/2017,10.05000019,2.307572653
20/10/2017,9.970000267,2.299580611
23/10/2017,11.06999969,2.404238719
24/10/2017,11.15999985,2.412335943
25/10/2017,11.22999954,2.418588728
26/10/2017,11.30000019,2.424802743
27/10/2017,9.800000191,2.282382405
30/10/2017,10.5,2.351375257
31/10/2017,10.18000031,2.320425041
01/11/2017,10.19999981,2.322387702
02/11/2017,9.930000305,2.295560509
03/11/2017,9.140000343,2.212660423
06/11/2017,9.399999619,2.240709649
07/11/2017,9.890000343,2.29152418
08/11/2017,9.779999733,2.280339457
09/11/2017,10.5,2.351375257
10/11/2017,11.28999996,2.423917375
13/11/2017,11.5,2.442347035
14/11/2017,11.59000015,2.450142671
15/11/2017,13.13000011,2.574899697
16/11/2017,11.76000023,2.464703962
17/11/2017,11.43000031,2.436241505
20/11/2017,10.64999962,2.365559856
21/11/2017,9.729999542,2.275213849
22/11/2017,9.880000114,2.290512523
24/11/2017,9.670000076,2.269028317
27/11/2017,9.869999886,2.289499842
28/11/2017,10.02999973,2.305580575
29/11/2017,10.69999981,2.370243724
30/11/2017,11.27999973,2.423031222
01/12/2017,11.43000031,2.436241505
04/12/2017,11.68000031,2.457878004
05/12/2017,11.32999992,2.427454068
06/12/2017,11.02000046,2.399711845
07/12/2017,10.15999985,2.318458427
08/12/2017,9.579999924,2.259677584
11/12/2017,9.340000153,2.234306269
12/12/2017,9.920000076,2.294552929
13/12/2017,10.18000031,2.320425041
14/12/2017,10.48999977,2.350422401
15/12/2017,9.420000076,2.242835097
18/12/2017,9.529999733,2.25444469
19/12/2017,10.02999973,2.305580575
20/12/2017,9.720000267,2.274185646
21/12/2017,9.619999886,2.263844253
22/12/2017,9.899999619,2.292534719
26/12/2017,10.25,2.327277706
27/12/2017,10.47000027,2.34851405
28/12/2017,10.18000031,2.320425041
29/12/2017,11.03999996,2.401525037
02/01/2018,9.770000458,2.279316513
03/01/2018,9.149999619,2.213753838
04/01/2018,9.220000267,2.221375067
05/01/2018,9.220000267,2.221375067
08/01/2018,9.520000458,2.253394897
09/01/2018,10.07999992,2.310553255
10/01/2018,9.819999695,2.284421091
11/01/2018,9.880000114,2.290512523
12/01/2018,10.15999985,2.318458427
16/01/2018,11.65999985,2.456164168
17/01/2018,11.90999985,2.477378371
18/01/2018,12.22000027,2.503073976
19/01/2018,11.27000046,2.422144369
22/01/2018,11.02999973,2.400618809
23/01/2018,11.10000038,2.406945143
24/01/2018,11.47000027,2.439734954
25/01/2018,11.57999992,2.449279466
26/01/2018,11.07999992,2.405141674
29/01/2018,13.84000015,2.627562961
30/01/2018,14.78999996,2.693951274
31/01/2018,13.53999996,2.605648265
01/02/2018,13.47000027,2.60046501
02/02/2018,17.30999947,2.851284338
05/02/2018,37.31999969,3.619529368
06/02/2018,29.97999954,3.400530477
07/02/2018,27.72999954,3.322514843
08/02/2018,33.45999908,3.510350668
09/02/2018,29.05999947,3.36936264
12/02/2018,25.61000061,3.242982924
13/02/2018,24.96999931,3.217675077
14/02/2018,19.26000023,2.958030418
15/02/2018,19.12999916,2.95125774
16/02/2018,19.45999908,2.96836103
20/02/2018,20.60000038,3.025291094
21/02/2018,20.02000046,2.996731797
22/02/2018,18.71999931,2.929592434
23/02/2018,16.48999977,2.802754123
26/02/2018,15.80000019,2.760009952
27/02/2018,18.59000015,2.92262381
28/02/2018,19.85000038,2.988204026
01/03/2018,22.46999931,3.112181056
02/03/2018,19.59000015,2.97501924
05/03/2018,18.72999954,2.930126492
06/03/2018,18.36000061,2.910174418
07/03/2018,17.76000023,2.87694875
08/03/2018,16.54000092,2.805781745
09/03/2018,14.64000034,2.683757532
12/03/2018,15.77999973,2.758743298
13/03/2018,16.35000038,2.794227921
14/03/2018,17.22999954,2.846652024
15/03/2018,16.59000015,2.808800113
16/03/2018,15.80000019,2.760009952
19/03/2018,19.02000046,2.945491081
20/03/2018,18.20000076,2.901421636
21/03/2018,17.86000061,2.88256361
22/03/2018,23.34000015,3.150168633
23/03/2018,24.87000084,3.213662292
26/03/2018,21.03000069,3.045950022
27/03/2018,22.5,3.113515309
28/03/2018,22.87000084,3.129826045
29/03/2018,19.96999931,2.994231113
02/04/2018,23.62000084,3.162093846
03/04/2018,21.10000038,3.049273059
04/04/2018,20.05999947,2.998727756
05/04/2018,18.94000053,2.941276116
06/04/2018,21.48999977,3.0675877
09/04/2018,21.77000046,3.080532896
10/04/2018,20.46999931,3.018960366
11/04/2018,20.23999977,3.007660833
12/04/2018,18.48999977,2.917230033
13/04/2018,17.40999985,2.857044745
16/04/2018,16.55999947,2.806990117
17/04/2018,15.25,2.724579503
18/04/2018,15.60000038,2.747270939
19/04/2018,15.96000004,2.770085594
20/04/2018,16.87999916,2.826129439
23/04/2018,16.34000015,2.793616099
24/04/2018,18.02000046,2.891482278
25/04/2018,17.84000015,2.881443136
26/04/2018,16.23999977,2.787477321
27/04/2018,15.40999985,2.735016639
30/04/2018,15.93000031,2.768204143
01/05/2018,15.48999977,2.74019464
02/05/2018,15.97000027,2.770711979
03/05/2018,15.89999962,2.766319085
04/05/2018,14.77000046,2.692598128
07/05/2018,14.75,2.691243083
08/05/2018,14.71000004,2.688527537
09/05/2018,13.42000008,2.596746137
10/05/2018,13.22999954,2.582486944
11/05/2018,12.64999962,2.537657185
14/05/2018,12.93000031,2.559550216
15/05/2018,14.63000011,2.683074223
16/05/2018,13.42000008,2.596746137
17/05/2018,13.43000031,2.597491033
18/05/2018,13.42000008,2.596746137
21/05/2018,13.07999992,2.57108434
22/05/2018,13.22000027,2.581730855
23/05/2018,12.57999992,2.532108245
24/05/2018,12.52999973,2.528125748
25/05/2018,13.22000027,2.581730855
29/05/2018,17.02000046,2.83438915
30/05/2018,14.93999958,2.704042152
31/05/2018,15.43000031,2.736313686
01/06/2018,13.46000004,2.599722327
04/06/2018,12.73999977,2.544746632
05/06/2018,12.39999962,2.517696442
06/06/2018,11.64000034,2.454447472
07/06/2018,12.13000011,2.495681732
08/06/2018,12.18000031,2.499795287
11/06/2018,12.35000038,2.513656094
12/06/2018,12.34000015,2.512846031
13/06/2018,12.93999958,2.560323257
14/06/2018,12.11999989,2.494856971
15/06/2018,11.97999954,2.483238554
18/06/2018,12.31000042,2.510411974
19/06/2018,13.35000038,2.591516413
20/06/2018,12.78999996,2.548663613
21/06/2018,14.64000034,2.683757532
22/06/2018,13.77000046,2.622492346
25/06/2018,17.32999992,2.852439099
26/06/2018,15.92000008,2.767576185
27/06/2018,17.90999985,2.885359208
28/06/2018,16.85000038,2.824350679
29/06/2018,16.09000015,2.77819797
02/07/2018,15.60000038,2.747270939
03/07/2018,16.13999939,2.781300625
05/07/2018,14.97000027,2.706048216
06/07/2018,13.36999989,2.593013383
09/07/2018,12.68999958,2.540814249
10/07/2018,12.64000034,2.536866416
11/07/2018,13.63000011,2.612273254
12/07/2018,12.57999992,2.532108245
13/07/2018,12.18000031,2.499795287
16/07/2018,12.82999992,2.551786173
17/07/2018,12.06000042,2.489894226
18/07/2018,12.10000038,2.493205484
19/07/2018,12.86999989,2.554899013
20/07/2018,12.85999966,2.554121692
23/07/2018,12.61999989,2.535282848
24/07/2018,12.40999985,2.518502587
25/07/2018,12.28999996,2.50878592
26/07/2018,12.14000034,2.496505814
27/07/2018,13.02999973,2.567254371
30/07/2018,14.26000023,2.657458431
31/07/2018,12.82999992,2.551786173
01/08/2018,13.14999962,2.57642173
02/08/2018,12.18999958,2.500615909
03/08/2018,11.64000034,2.454447472
06/08/2018,11.27000046,2.422144369
07/08/2018,10.93000031,2.39151133
08/08/2018,10.85000038,2.384165115
09/08/2018,11.27000046,2.422144369
10/08/2018,13.15999985,2.577181914
13/08/2018,14.77999973,2.693274897
14/08/2018,13.31000042,2.588515664
15/08/2018,14.64000034,2.683757532
16/08/2018,13.44999981,2.598979092
17/08/2018,12.64000034,2.536866416
20/08/2018,12.48999977,2.524928306
21/08/2018,12.85999966,2.554121692
22/08/2018,12.25,2.505525937
23/08/2018,12.40999985,2.518502587
24/08/2018,11.98999977,2.48407295
27/08/2018,12.15999985,2.498151864
28/08/2018,12.5,2.525728644
29/08/2018,12.25,2.505525937
30/08/2018,13.52999973,2.604909422
31/08/2018,12.85999966,2.554121692
04/09/2018,13.15999985,2.577181914
05/09/2018,13.90999985,2.632607995
06/09/2018,14.64999962,2.684440309
07/09/2018,14.88000011,2.700018037
10/09/2018,14.15999985,2.650421077
11/09/2018,13.22000027,2.581730855
12/09/2018,13.14000034,2.575661039
13/09/2018,12.36999989,2.515274177
14/09/2018,12.06999969,2.49072301
17/09/2018,13.68000031,2.615934935
18/09/2018,12.78999996,2.548663613
19/09/2018,11.75,2.463853241
20/09/2018,11.80000019,2.468099548
21/09/2018,11.68000031,2.457878004
24/09/2018,12.19999981,2.501435936
25/09/2018,12.42000008,2.519308083
26/09/2018,12.89000034,2.556451844
27/09/2018,12.40999985,2.518502587
28/09/2018,12.11999989,2.494856971
01/10/2018,12,2.48490665
02/10/2018,12.05000019,2.489064676
03/10/2018,11.60999966,2.451866766
04/10/2018,14.22000027,2.654649443
05/10/2018,14.81999969,2.695977599
08/10/2018,15.68999958,2.75302354
09/10/2018,15.94999981,2.769458817
10/10/2018,22.95999908,3.133753532
11/10/2018,24.97999954,3.218075486
12/10/2018,21.30999947,3.059176421
15/10/2018,21.29999924,3.058707037
16/10/2018,17.62000084,2.869034668
17/10/2018,17.39999962,2.856470184
18/10/2018,20.05999947,2.998727756
19/10/2018,19.88999939,2.990217062
22/10/2018,19.63999939,2.977568272
23/10/2018,20.70999908,3.030616631
24/10/2018,25.22999954,3.228033745
25/10/2018,24.21999931,3.18717871
26/10/2018,24.15999985,3.184698367
29/10/2018,24.70000076,3.206803275
30/10/2018,23.35000038,3.150597
31/10/2018,21.22999954,3.055415254
01/11/2018,19.34000015,2.962175498
02/11/2018,19.51000023,2.970927166
05/11/2018,19.95999908,2.993730225
06/11/2018,19.90999985,2.99122211
07/11/2018,16.36000061,2.794839368
08/11/2018,16.71999931,2.816605567
09/11/2018,17.36000061,2.854168744
12/11/2018,20.45000076,3.01798292
13/11/2018,20.02000046,2.996731797
14/11/2018,21.25,3.056356895
15/11/2018,19.97999954,2.99473175
16/11/2018,18.13999939,2.898119411
19/11/2018,20.10000038,3.000719834
20/11/2018,22.47999954,3.112626005
21/11/2018,20.79999924,3.03495295
23/11/2018,21.52000046,3.068982757
26/11/2018,18.89999962,2.939161902
27/11/2018,19.02000046,2.945491081
28/11/2018,18.48999977,2.917230033
29/11/2018,18.79000092,2.933324862
30/11/2018,18.06999969,2.894253088
03/12/2018,16.44000053,2.799717422
04/12/2018,20.73999977,3.032064192
06/12/2018,21.19000053,3.053529397
07/12/2018,23.22999954,3.145444527
10/12/2018,22.63999939,3.119718226
11/12/2018,21.76000023,3.080073433
12/12/2018,21.45999908,3.066190695
13/12/2018,20.64999962,3.027715301
14/12/2018,21.62999916,3.074081201
17/12/2018,24.52000046,3.19948913
18/12/2018,25.57999992,3.241810793
19/12/2018,25.57999992,3.241810793
20/12/2018,28.37999916,3.345684642
21/12/2018,30.11000061,3.404857363
24/12/2018,36.06999969,3.585461486
26/12/2018,30.40999985,3.414771497
27/12/2018,29.95999908,3.399863128
28/12/2018,28.34000015,3.34427424
31/12/2018,25.42000008,3.235536269
02/01/2019,23.21999931,3.145013947
03/01/2019,25.45000076,3.236715773
04/01/2019,21.37999916,3.062455866
07/01/2019,21.39999962,3.063390904
08/01/2019,20.46999931,3.018960366
09/01/2019,19.97999954,2.99473175
10/01/2019,19.5,2.970414466
11/01/2019,18.19000053,2.900872022
14/01/2019,19.06999969,2.948116404
15/01/2019,18.60000038,2.923161601
16/01/2019,19.04000092,2.946542077
17/01/2019,18.05999947,2.893699518
18/01/2019,17.79999924,2.879198414
22/01/2019,20.79999924,3.03495295
23/01/2019,19.52000046,2.971439604
24/01/2019,18.88999939,2.938632649
25/01/2019,17.42000008,2.857618976
28/01/2019,18.87000084,2.937573404
29/01/2019,19.12999916,2.95125774
30/01/2019,17.65999985,2.871302187
31/01/2019,16.56999969,2.807593813
01/02/2019,16.13999939,2.781300625
04/02/2019,15.72999954,2.755569688
05/02/2019,15.56999969,2.745345966
06/02/2019,15.38000011,2.733067972
07/02/2019,16.37000084,2.795450443
08/02/2019,15.72000027,2.754933804
11/02/2019,15.97000027,2.770711979
12/02/2019,15.43000031,2.736313686
13/02/2019,15.64999962,2.750470893
14/02/2019,16.21999931,2.786245006
15/02/2019,14.90999985,2.702032119
19/02/2019,14.88000011,2.700018037
20/02/2019,14.02000046,2.640484914
21/02/2019,14.46000004,2.671386219
22/02/2019,13.51000023,2.603430169
25/02/2019,14.85000038,2.697999891
26/02/2019,15.17000008,2.719319798
27/02/2019,14.69999981,2.687847481
28/02/2019,14.77999973,2.693274897
01/03/2019,13.56999969,2.607861451
04/03/2019,14.63000011,2.683074223
05/03/2019,14.73999977,2.690564871
06/03/2019,15.73999977,2.756205228
07/03/2019,16.59000015,2.808800113
08/03/2019,16.04999924,2.775708802
11/03/2019,14.32999992,2.662355237
12/03/2019,13.77000046,2.622492346
13/03/2019,13.40999985,2.596000686
14/03/2019,13.5,2.602689685
15/03/2019,12.88000011,2.55567573
18/03/2019,13.10000038,2.572612259
19/03/2019,13.56000042,2.607124313
20/03/2019,13.90999985,2.632607995
21/03/2019,13.63000011,2.612273254
22/03/2019,16.47999954,2.802147497
25/03/2019,16.32999992,2.793003902
26/03/2019,14.68000031,2.686486044
27/03/2019,15.14999962,2.718000507
28/03/2019,14.43000031,2.669309394
29/03/2019,13.71000004,2.618125496
01/04/2019,13.39999962,2.595254678
02/04/2019,13.35999966,2.592265142
03/04/2019,13.73999977,2.62031127
04/04/2019,13.57999992,2.608598117
05/04/2019,12.81999969,2.551006428
08/04/2019,13.18000031,2.578700552
09/04/2019,14.27999973,2.658859938
10/04/2019,13.30000019,2.58776405
11/04/2019,13.02000046,2.566486672
12/04/2019,12.01000023,2.485739655
15/04/2019,12.31999969,2.511223933
16/04/2019,12.18000031,2.499795287
17/04/2019,12.60000038,2.533696844
18/04/2019,12.09000015,2.492378677
22/04/2019,12.42000008,2.519308083
23/04/2019,12.27999973,2.507971901
24/04/2019,13.14000034,2.575661039
25/04/2019,13.25,2.583997552
26/04/2019,12.72999954,2.543961377
29/04/2019,13.10999966,2.573375272
30/04/2019,13.11999989,2.574137775
01/05/2019,14.80000019,2.694627194
02/05/2019,14.42000008,2.668616137
03/05/2019,12.86999989,2.554899013
06/05/2019,15.43999958,2.736961517
07/05/2019,19.31999969,2.961140813
08/05/2019,19.39999962,2.965273046
09/05/2019,19.10000038,2.949688355
10/05/2019,16.04000092,2.77508566
13/05/2019,20.54999924,3.022860904
14/05/2019,18.05999947,2.893699518
15/05/2019,16.44000053,2.799717422
16/05/2019,15.28999996,2.727199017
17/05/2019,15.96000004,2.770085594
20/05/2019,16.30999947,2.791778384
21/05/2019,14.94999981,2.704711287
22/05/2019,14.75,2.691243083
23/05/2019,16.92000008,2.828496359
24/05/2019,15.85000038,2.763169524
28/05/2019,17.5,2.862200881
29/05/2019,17.89999962,2.884800692
30/05/2019,17.29999924,2.850706457
31/05/2019,18.70999908,2.929058091
03/06/2019,18.86000061,2.93704331
04/06/2019,16.96999931,2.831447039
05/06/2019,16.09000015,2.77819797
06/06/2019,15.93000031,2.768204143
07/06/2019,16.29999924,2.791165061
10/06/2019,15.93999958,2.768831647
11/06/2019,15.98999977,2.771963513
12/06/2019,15.90999985,2.766947833
13/06/2019,15.81999969,2.761274943
14/06/2019,15.27999973,2.726544766
17/06/2019,15.35000038,2.731115499
18/06/2019,15.14999962,2.718000507
19/06/2019,14.32999992,2.662355237
20/06/2019,14.75,2.691243083
21/06/2019,15.39999962,2.734367485
24/06/2019,15.26000023,2.725235041
25/06/2019,16.28000069,2.789937403
26/06/2019,16.20999908,2.785628279
27/06/2019,15.81999969,2.761274943
28/06/2019,15.07999992,2.713369358
01/07/2019,14.06000042,2.643333916
02/07/2019,12.93000031,2.559550216
03/07/2019,12.56999969,2.531312998
05/07/2019,13.27999973,2.586259124
08/07/2019,13.96000004,2.6361961
09/07/2019,14.09000015,2.645465337
10/07/2019,13.02999973,2.567254371
11/07/2019,12.93000031,2.559550216
12/07/2019,12.39000034,2.516889723
15/07/2019,12.68000031,2.540025973
16/07/2019,12.85999966,2.554121692
17/07/2019,13.97000027,2.636912192
18/07/2019,13.52999973,2.604909422
19/07/2019,14.44999981,2.670694401
22/07/2019,13.52999973,2.604909422
23/07/2019,12.60999966,2.534490123
24/07/2019,12.06999969,2.49072301
25/07/2019,12.73999977,2.544746632
26/07/2019,12.15999985,2.498151864
29/07/2019,12.82999992,2.551786173
30/07/2019,13.93999958,2.634762375
31/07/2019,16.12000084,2.780060789
01/08/2019,17.87000084,2.883123376
02/08/2019,17.61000061,2.868466957
05/08/2019,24.59000015,3.202339862
06/08/2019,20.17000008,3.004196356
07/08/2019,19.48999977,2.969901502
08/08/2019,16.90999985,2.827905154
09/08/2019,17.96999931,2.888703663
12/08/2019,21.09000015,3.048799002
13/08/2019,17.52000046,2.863343112
14/08/2019,22.10000038,3.095577626
15/08/2019,21.18000031,3.053057355
16/08/2019,18.46999931,2.916147757
19/08/2019,16.87999916,2.826129439
20/08/2019,17.5,2.862200881
21/08/2019,15.80000019,2.760009952
22/08/2019,16.68000031,2.814210415
23/08/2019,19.87000084,2.989211099
26/08/2019,19.31999969,2.961140813
27/08/2019,20.30999947,3.011113349
28/08/2019,19.35000038,2.962692439
29/08/2019,17.87999916,2.883682723
30/08/2019,18.97999954,2.943385769
03/09/2019,19.65999985,2.978586107
04/09/2019,17.32999992,2.852439099
05/09/2019,16.27000046,2.789322949
06/09/2019,15,2.708050201
09/09/2019,15.27000046,2.725890149
10/09/2019,15.19999981,2.721295415
11/09/2019,14.60999966,2.681706202
12/09/2019,14.22000027,2.654649443
13/09/2019,13.73999977,2.62031127
16/09/2019,14.67000008,2.685804597
17/09/2019,14.43999958,2.670002104
18/09/2019,13.94999981,2.635479495
19/09/2019,14.05000019,2.642622409
20/09/2019,15.31999969,2.729159144
23/09/2019,14.90999985,2.702032119
24/09/2019,17.04999924,2.836150159
25/09/2019,15.96000004,2.770085594
26/09/2019,16.06999969,2.776954161
27/09/2019,17.21999931,2.846071459
30/09/2019,16.23999977,2.787477321
01/10/2019,18.55999947,2.921008699
02/10/2019,20.55999947,3.023347415
03/10/2019,19.12000084,2.950734952
04/10/2019,17.04000092,2.835563575
07/10/2019,17.86000061,2.88256361
08/10/2019,20.28000069,3.009635213
09/10/2019,18.63999939,2.925309777
10/10/2019,17.56999969,2.866192885
11/10/2019,15.57999992,2.745988036
14/10/2019,14.56999969,2.678964599
15/10/2019,13.53999996,2.605648265
16/10/2019,13.68000031,2.615934935
17/10/2019,13.78999996,2.623943689
18/10/2019,14.25,2.656756907
21/10/2019,14,2.63905733
22/10/2019,14.46000004,2.671386219
23/10/2019,14.01000023,2.639771377
24/10/2019,13.71000004,2.618125496
25/10/2019,12.64999962,2.537657185
28/10/2019,13.10999966,2.573375272
29/10/2019,13.19999981,2.580216815
30/10/2019,12.32999992,2.512035311
31/10/2019,13.22000027,2.581730855
01/11/2019,12.30000019,2.509599278
04/11/2019,12.82999992,2.551786173
05/11/2019,13.10000038,2.572612259
06/11/2019,12.61999989,2.535282848
07/11/2019,12.72999954,2.543961377
08/11/2019,12.06999969,2.49072301
11/11/2019,12.68999958,2.540814249
12/11/2019,12.68000031,2.540025973
13/11/2019,13,2.564949357
14/11/2019,13.05000019,2.568788148
15/11/2019,12.05000019,2.489064676
18/11/2019,12.46000004,2.522523516
19/11/2019,12.85999966,2.554121692
20/11/2019,12.77999973,2.547881428
21/11/2019,13.13000011,2.574899697
22/11/2019,12.34000015,2.512846031
25/11/2019,11.86999989,2.474014199
26/11/2019,11.53999996,2.445819258
27/11/2019,11.75,2.463853241
29/11/2019,12.61999989,2.535282848
02/12/2019,14.90999985,2.702032119
03/12/2019,15.96000004,2.770085594
04/12/2019,14.80000019,2.694627194
05/12/2019,14.52000046,2.675527041
06/12/2019,13.61999989,2.611539292
09/12/2019,15.85999966,2.763800195
10/12/2019,15.68000031,2.752386034
11/12/2019,14.98999977,2.707383297
12/12/2019,13.93999958,2.634762375
13/12/2019,12.63000011,2.536074945
16/12/2019,12.14000034,2.496505814
17/12/2019,12.28999996,2.50878592
18/12/2019,12.57999992,2.532108245
19/12/2019,12.5,2.525728644
20/12/2019,12.51000023,2.526528343
23/12/2019,12.60999966,2.534490123
24/12/2019,12.67000008,2.539237
26/12/2019,12.64999962,2.537657185
27/12/2019,13.43000031,2.597491033
30/12/2019,14.81999969,2.695977599
31/12/2019,13.77999973,2.623218246
02/01/2020,12.47000027,2.523325781
03/01/2020,14.02000046,2.640484914
06/01/2020,13.85000038,2.62828526
07/01/2020,13.78999996,2.623943689
08/01/2020,13.44999981,2.598979092
09/01/2020,12.53999996,2.528923532
10/01/2020,12.56000042,2.530517194
13/01/2020,12.31999969,2.511223933
14/01/2020,12.39000034,2.516889723
15/01/2020,12.42000008,2.519308083
16/01/2020,12.31999969,2.511223933
17/01/2020,12.10000038,2.493205484
21/01/2020,12.85000038,2.553343841
22/01/2020,12.90999985,2.558002193
23/01/2020,12.97999954,2.563409676
24/01/2020,14.56000042,2.678278072
27/01/2020,18.22999954,2.903068564
28/01/2020,16.28000069,2.789937403
29/01/2020,16.38999939,2.796671356
30/01/2020,15.48999977,2.74019464
31/01/2020,18.84000015,2.935982277
03/02/2020,17.96999931,2.888703663
04/02/2020,16.04999924,2.775708802
05/02/2020,15.14999962,2.718000507
06/02/2020,14.96000004,2.705379975
07/02/2020,15.47000027,2.738902682
10/02/2020,15.03999996,2.710713316
11/02/2020,15.18000031,2.719978792
12/02/2020,13.73999977,2.62031127
13/02/2020,14.14999962,2.649714597
14/02/2020,13.68000031,2.615934935
18/02/2020,14.82999992,2.696652151
19/02/2020,14.38000011,2.66583836
20/02/2020,15.56000042,2.744703546
21/02/2020,17.07999992,2.837908184
24/02/2020,25.03000069,3.220075133
25/02/2020,27.85000038,3.32683298
26/02/2020,27.55999947,3.316365427
27/02/2020,39.15999985,3.667655814
28/02/2020,40.11000061,3.691625695
02/03/2020,33.41999817,3.509154468
03/03/2020,36.81999969,3.606041168
04/03/2020,31.98999977,3.465423347
05/03/2020,39.61999893,3.679334014
06/03/2020,41.93999863,3.736239993
09/03/2020,54.45999908,3.99746647
10/03/2020,47.29999924,3.856510279
11/03/2020,53.90000153,3.987130506
12/03/2020,75.47000122,4.323735242
13/03/2020,57.83000183,4.057507704
16/03/2020,82.69000244,4.415098705
17/03/2020,75.91000366,4.329548476
18/03/2020,76.44999695,4.336636892
19/03/2020,72,4.276666119
20/03/2020,66.04000092,4.190260633
23/03/2020,61.59000015,4.120499522
24/03/2020,61.66999817,4.121797559
25/03/2020,63.95000076,4.15810154
26/03/2020,61,4.110873864
27/03/2020,65.54000092,4.182660657
30/03/2020,57.08000183,4.044453825
31/03/2020,53.54000092,3.980429055
01/04/2020,57.06000137,4.04410337
02/04/2020,50.90999985,3.930059365
03/04/2020,46.79999924,3.845883187
06/04/2020,45.24000168,3.811981688
07/04/2020,46.70000076,3.843744181
08/04/2020,43.34999847,3.769306668
09/04/2020,41.66999817,3.729781401
13/04/2020,41.16999817,3.717709791
14/04/2020,37.75999832,3.631250297
15/04/2020,40.84000015,3.709661997
16/04/2020,40.11000061,3.691625695
17/04/2020,38.15000153,3.641525798
20/04/2020,43.83000183,3.780318556
21/04/2020,45.40999985,3.815732342
22/04/2020,41.97999954,3.737193303
23/04/2020,41.38000107,3.722797698
24/04/2020,35.93000031,3.58157261
27/04/2020,33.29000092,3.505257079
28/04/2020,33.56999969,3.513632802
29/04/2020,31.22999954,3.441379157
30/04/2020,34.15000153,3.530762631
01/05/2020,37.18999863,3.616039871
04/05/2020,35.97000122,3.582685292
05/05/2020,33.61000061,3.51482366
06/05/2020,34.11999893,3.529883691
07/05/2020,31.44000053,3.448080985
08/05/2020,27.97999954,3.331489953
11/05/2020,27.56999969,3.316728214
12/05/2020,33.04000092,3.497718976
13/05/2020,35.27999878,3.563316197
14/05/2020,32.61000061,3.484619009
15/05/2020,31.88999939,3.462292462
18/05/2020,29.29999924,3.37758749
19/05/2020,30.53000069,3.418709829
20/05/2020,27.98999977,3.331847295
21/05/2020,29.53000069,3.385406719
22/05/2020,28.15999985,3.337902526
26/05/2020,28.01000023,3.332561597
27/05/2020,27.62000084,3.318540178
28/05/2020,28.59000015,3.353057012
29/05/2020,27.51000023,3.314549583
01/06/2020,28.22999954,3.340385226
02/06/2020,26.84000015,3.289893318
03/06/2020,25.65999985,3.244933353
04/06/2020,25.80999947,3.250761993
05/06/2020,24.52000046,3.19948913
08/06/2020,25.80999947,3.250761993
09/06/2020,27.56999969,3.316728214
10/06/2020,27.56999969,3.316728214
11/06/2020,40.79000092,3.708436976
12/06/2020,36.09000015,3.586015823
15/06/2020,34.40000153,3.538056609
16/06/2020,33.66999817,3.516607179
17/06/2020,33.47000122,3.510649552
18/06/2020,32.93999863,3.494687683
19/06/2020,35.11999893,3.558770738
22/06/2020,31.77000046,3.458522463
23/06/2020,31.37000084,3.445852049
24/06/2020,33.84000015,3.521643539
25/06/2020,32.22000122,3.472587416
26/06/2020,34.72999954,3.547603854
29/06/2020,31.78000069,3.458837183
30/06/2020,30.43000031,3.415428974
01/07/2020,28.62000084,3.354105803
02/07/2020,27.68000031,3.320710142
06/07/2020,27.94000053,3.330059373
07/07/2020,29.43000031,3.382014573
08/07/2020,28.07999992,3.335057576
09/07/2020,29.26000023,3.376221403
10/07/2020,27.29000092,3.306520368
13/07/2020,32.18999863,3.471655803
14/07/2020,29.52000046,3.385068015
15/07/2020,27.76000023,3.323596144
16/07/2020,28,3.33220451
17/07/2020,25.68000031,3.245712491
20/07/2020,24.45999908,3.197039093
21/07/2020,24.84000015,3.212455263
22/07/2020,24.31999969,3.191299045
23/07/2020,26.07999992,3.261168734
24/07/2020,25.84000015,3.251923685
27/07/2020,24.73999977,3.208421358
28/07/2020,25.44000053,3.236322759
29/07/2020,24.10000038,3.182211856
30/07/2020,24.76000023,3.209229457
31/07/2020,24.45999908,3.197039093
03/08/2020,24.28000069,3.189652994
04/08/2020,23.76000023,3.168003504
05/08/2020,22.98999977,3.135059329
06/08/2020,22.64999962,3.120159835
07/08/2020,22.20999908,3.100542597
10/08/2020,22.12999916,3.096934116
11/08/2020,24.03000069,3.179303078
12/08/2020,22.28000069,3.103689446
13/08/2020,22.12999916,3.096934116
14/08/2020,22.04999924,3.093312567
17/08/2020,21.35000038,3.061051758
18/08/2020,21.51000023,3.068517954
19/08/2020,22.54000092,3.115291549
20/08/2020,22.71999931,3.123245564
21/08/2020,22.54000092,3.115291549
24/08/2020,22.37000084,3.107720813
25/08/2020,22.03000069,3.092405192
26/08/2020,23.27000046,3.147164997
27/08/2020,24.46999931,3.197447849
28/08/2020,22.95999908,3.133753532
31/08/2020,26.40999985,3.273742721
01/09/2020,26.12000084,3.262701337
02/09/2020,26.56999969,3.279782748
03/09/2020,33.59999847,3.514526022
04/09/2020,30.75,3.425889994
08/09/2020,31.45999908,3.448716869
09/09/2020,28.80999947,3.360722531
10/09/2020,29.70999908,3.391483659
11/09/2020,26.87000084,3.291010454
14/09/2020,25.85000038,3.252310616
15/09/2020,25.59000015,3.242201656
16/09/2020,26.04000092,3.259633852
17/09/2020,26.45999908,3.275634124
18/09/2020,25.82999992,3.251536604
21/09/2020,27.78000069,3.324316362
22/09/2020,26.86000061,3.290638214
23/09/2020,28.57999992,3.35270717
24/09/2020,28.51000023,3.350254911
25/09/2020,26.37999916,3.272606115
28/09/2020,26.19000053,3.265377679
29/09/2020,26.27000046,3.268427621
30/09/2020,26.37000084,3.272227032
01/10/2020,26.70000076,3.284663594
02/10/2020,27.62999916,3.318902109
05/10/2020,27.95999908,3.330774885
06/10/2020,29.47999954,3.383712052
07/10/2020,28.05999947,3.334345056
08/10/2020,26.36000061,3.271847733
09/10/2020,25,3.218875825
12/10/2020,25.06999969,3.2216719
13/10/2020,26.06999969,3.260785216
14/10/2020,26.39999962,3.273363996
15/10/2020,26.96999931,3.294725112
16/10/2020,27.40999985,3.310907905
19/10/2020,29.18000031,3.373483554
20/10/2020,29.35000038,3.379292559
21/10/2020,28.64999962,3.35515343
22/10/2020,28.11000061,3.336125407
23/10/2020,27.54999924,3.316002508
26/10/2020,32.45999908,3.480008534
27/10/2020,33.34999847,3.507057727
28/10/2020,40.27999878,3.695855038
29/10/2020,37.59000015,3.626738062
30/10/2020,38.02000046,3.638112349
02/11/2020,37.13000107,3.614425297
03/11/2020,35.54999924,3.570940135
04/11/2020,29.56999969,3.386760324
05/11/2020,27.57999992,3.31709087
06/11/2020,24.86000061,3.213260111
09/11/2020,25.75,3.248434627
10/11/2020,24.79999924,3.210843622
11/11/2020,23.45000076,3.154870527
12/11/2020,25.35000038,3.232778745
13/11/2020,23.10000038,3.139832634
16/11/2020,22.45000076,3.111290648
17/11/2020,22.70999908,3.122805316
18/11/2020,23.84000015,3.171364849
19/11/2020,23.11000061,3.140265451
20/11/2020,23.70000076,3.16547508
23/11/2020,22.65999985,3.120601249
24/11/2020,21.63999939,3.074543426
25/11/2020,21.25,3.056356895
27/11/2020,20.84000015,3.036874224
30/11/2020,20.56999969,3.023833689
01/12/2020,20.77000046,3.03350966
02/12/2020,21.17000008,3.052585089
03/12/2020,21.28000069,3.057767697
04/12/2020,20.79000092,3.034472146
07/12/2020,21.29999924,3.058707037
08/12/2020,20.68000031,3.029167064
09/12/2020,22.27000046,3.103240502
10/12/2020,22.52000046,3.114403824
11/12/2020,23.30999947,3.14888243
14/12/2020,24.71999931,3.207612605
15/12/2020,22.88999939,3.130700107
16/12/2020,22.5,3.113515309
17/12/2020,21.93000031,3.087855576
18/12/2020,21.56999969,3.071303446
21/12/2020,25.15999985,3.225255426
22/12/2020,24.22999954,3.187591516
23/12/2020,23.30999947,3.14888243
24/12/2020,21.53000069,3.069447343
28/12/2020,21.70000076,3.077312296
29/12/2020,23.07999992,3.138966438
30/12/2020,22.77000046,3.1254439
31/12/2020,22.75,3.124565145
04/01/2021,26.96999931,3.294725112
05/01/2021,25.34000015,3.232384181
06/01/2021,25.06999969,3.2216719
07/01/2021,22.37000084,3.107720813
08/01/2021,21.55999947,3.070839721
11/01/2021,24.07999992,3.181381617
12/01/2021,23.32999992,3.149740083
13/01/2021,22.20999908,3.100542597
14/01/2021,23.25,3.146305132
15/01/2021,24.34000015,3.192121094
19/01/2021,23.23999977,3.145874922
20/01/2021,21.57999992,3.071766956
21/01/2021,21.31999969,3.059645585
22/01/2021,21.90999985,3.086943147
25/01/2021,23.19000053,3.143721174
26/01/2021,23.02000046,3.136363423
27/01/2021,37.20999908,3.616577518
28/01/2021,30.20999908,3.408172965
29/01/2021,33.09000015,3.499231127
01/02/2021,30.23999977,3.409165544
02/02/2021,25.55999947,3.241028609
03/02/2021,22.90999985,3.13157349
04/02/2021,21.77000046,3.080532896
05/02/2021,20.87000084,3.038312761
08/02/2021,21.23999977,3.055886186
09/02/2021,21.62999916,3.074081201
10/02/2021,21.98999977,3.090587794
11/02/2021,21.25,3.056356895
12/02/2021,19.96999931,2.994231113
16/02/2021,21.45999908,3.066190695
17/02/2021,21.5,3.068052935
18/02/2021,22.48999977,3.113070756
19/02/2021,22.04999924,3.093312567
22/02/2021,23.45000076,3.154870527
23/02/2021,23.11000061,3.140265451
24/02/2021,21.34000015,3.060583253
25/02/2021,28.88999939,3.363495493
26/02/2021,27.95000076,3.330417227
01/03/2021,23.35000038,3.150597
02/03/2021,24.10000038,3.182211856
03/03/2021,26.67000008,3.283539341
04/03/2021,28.56999969,3.352357206
05/03/2021,24.65999985,3.205182492
08/03/2021,25.46999931,3.237501262
09/03/2021,24.03000069,3.179303078
10/03/2021,22.55999947,3.116178403
11/03/2021,21.90999985,3.086943147
12/03/2021,20.69000053,3.029650518
15/03/2021,20.03000069,2.997231184
16/03/2021,19.79000092,2.985176806
17/03/2021,19.22999954,2.956471536
18/03/2021,21.57999992,3.071766956
19/03/2021,20.95000076,3.042138683
22/03/2021,18.87999916,2.938103116
23/03/2021,20.29999924,3.010620848
24/03/2021,21.20000076,3.054001218
25/03/2021,19.80999947,2.986186834
26/03/2021,18.86000061,2.93704331
29/03/2021,20.73999977,3.032064192
30/03/2021,19.61000061,2.976039671
31/03/2021,19.39999962,2.965273046
01/04/2021,17.32999992,2.852439099
05/04/2021,17.90999985,2.885359208
06/04/2021,18.12000084,2.897016347
07/04/2021,17.15999985,2.842581085
08/04/2021,16.95000076,2.830267879
09/04/2021,16.69000053,2.81480977
12/04/2021,16.90999985,2.827905154
13/04/2021,16.64999962,2.812410194
14/04/2021,16.98999977,2.832624922
15/04/2021,16.56999969,2.807593813
16/04/2021,16.25,2.788092909
19/04/2021,17.29000092,2.850128353
20/04/2021,18.68000031,2.927453449
21/04/2021,17.5,2.862200881
22/04/2021,18.70999908,2.929058091
23/04/2021,17.32999992,2.852439099
26/04/2021,17.63999939,2.870169016
27/04/2021,17.55999947,2.865623558
28/04/2021,17.28000069,2.849549803
29/04/2021,17.61000061,2.868466957
30/04/2021,18.61000061,2.923699103
03/05/2021,18.30999947,2.90744733
04/05/2021,19.47999954,2.969388275
05/05/2021,19.14999962,2.952302696
06/05/2021,18.38999939,2.911807005
07/05/2021,16.69000053,2.81480977
10/05/2021,19.65999985,2.978586107
11/05/2021,21.84000015,3.083743158
12/05/2021,27.59000015,3.317453394
13/05/2021,23.12999916,3.14113044
14/05/2021,18.80999947,2.934388615
17/05/2021,19.71999931,2.981633314
18/05/2021,21.34000015,3.060583253
19/05/2021,22.18000031,3.099190996
20/05/2021,20.67000008,3.028683377
21/05/2021,20.14999962,3.003204269
24/05/2021,18.39999962,2.912350644
25/05/2021,18.84000015,2.935982277
26/05/2021,17.36000061,2.854168744
27/05/2021,16.73999977,2.817801051
28/05/2021,16.76000023,2.818995109
01/06/2021,17.89999962,2.884800692
02/06/2021,17.47999954,2.861057344
03/06/2021,18.04000092,2.892591565
04/06/2021,16.42000008,2.798500109
07/06/2021,16.42000008,2.798500109
08/06/2021,17.06999969,2.837322519
09/06/2021,17.88999939,2.884241863
10/06/2021,16.10000038,2.778819296
11/06/2021,15.64999962,2.750470893
14/06/2021,16.38999939,2.796671356
15/06/2021,17.02000046,2.83438915
16/06/2021,18.14999962,2.89867054
17/06/2021,17.75,2.876385516
18/06/2021,20.70000076,3.030133737
21/06/2021,17.88999939,2.884241863
22/06/2021,16.65999985,2.813010628
23/06/2021,16.31999969,2.792391331
24/06/2021,15.97000027,2.770711979
25/06/2021,15.61999989,2.748552137
28/06/2021,15.76000023,2.757475099
29/06/2021,16.02000046,2.77383797
30/06/2021,15.82999992,2.761906869
01/07/2021,15.47999954,2.739548839
02/07/2021,15.06999969,2.712705992
06/07/2021,16.44000053,2.799717422
07/07/2021,16.20000076,2.785011289
08/07/2021,19,2.944438979
09/07/2021,16.18000031,2.78377593
12/07/2021,16.17000008,2.783157678
13/07/2021,17.12000084,2.84024742
14/07/2021,16.32999992,2.793003902
15/07/2021,17.01000023,2.83380142
16/07/2021,18.45000076,2.915064412
19/07/2021,22.5,3.113515309
20/07/2021,19.72999954,2.982140297
21/07/2021,17.90999985,2.885359208
22/07/2021,17.69000053,2.872999538
23/07/2021,17.20000076,2.844909428
26/07/2021,17.57999992,2.866761888
27/07/2021,19.36000061,2.963209113
28/07/2021,18.30999947,2.90744733
29/07/2021,17.70000076,2.873564683
30/07/2021,18.23999977,2.903616972
02/08/2021,19.45999908,2.96836103
03/08/2021,18.04000092,2.892591565
04/08/2021,17.96999931,2.888703663
05/08/2021,17.28000069,2.849549803
06/08/2021,16.14999962,2.781920026
09/08/2021,16.71999931,2.816605567
10/08/2021,16.79000092,2.820783526
11/08/2021,16.17000008,2.783157678
12/08/2021,15.59000015,2.746629693
13/08/2021,15.44999981,2.737608991
16/08/2021,16.12000084,2.780060789
17/08/2021,17.90999985,2.885359208
18/08/2021,21.56999969,3.071303446
19/08/2021,21.67000008,3.075928819
20/08/2021,18.55999947,2.921008699
23/08/2021,17.14999962,2.841998151
24/08/2021,17.21999931,2.846071459
25/08/2021,16.79000092,2.820783526
26/08/2021,18.84000015,2.935982277
27/08/2021,16.38999939,2.796671356
30/08/2021,16.19000053,2.784393801
31/08/2021,16.47999954,2.802147497
01/09/2021,16.11000061,2.779440235
02/09/2021,16.40999985,2.797890896
03/09/2021,16.40999985,2.797890896
07/09/2021,18.13999939,2.898119411
08/09/2021,17.95999908,2.888147012
09/09/2021,18.79999924,2.933856829
10/09/2021,20.95000076,3.042138683
13/09/2021,19.37000084,2.963725521
14/09/2021,19.45999908,2.96836103
15/09/2021,18.18000031,2.900322106
16/09/2021,18.69000053,2.92798865
17/09/2021,20.80999947,3.035433615
20/09/2021,25.70999908,3.246879986
21/09/2021,24.36000061,3.192942468
22/09/2021,20.87000084,3.038312761
23/09/2021,18.62999916,2.92477314
24/09/2021,17.75,2.876385516
27/09/2021,18.76000023,2.931726956
28/09/2021,23.25,3.146305132
29/09/2021,22.55999947,3.116178403
30/09/2021,23.13999939,3.141562695
01/10/2021,21.10000038,3.049273059
04/10/2021,22.95999908,3.133753532
05/10/2021,21.29999924,3.058707037
06/10/2021,21,3.044522438
07/10/2021,19.54000092,2.972463693
08/10/2021,18.77000046,2.932259875
11/10/2021,20,2.995732274
12/10/2021,19.85000038,2.988204026
13/10/2021,18.63999939,2.925309777
14/10/2021,16.86000061,2.824943989
15/10/2021,16.29999924,2.791165061
18/10/2021,16.30999947,2.791778384
19/10/2021,15.69999981,2.7536607
20/10/2021,15.48999977,2.74019464
21/10/2021,15.01000023,2.708716661
22/10/2021,15.43000031,2.736313686
25/10/2021,15.23999977,2.723923535
26/10/2021,15.97999954,2.771337912
27/10/2021,16.97999954,2.832036154
28/10/2021,16.53000069,2.805176953
29/10/2021,16.26000023,2.788708118
01/11/2021,16.40999985,2.797890896
02/11/2021,16.03000069,2.774462009
03/11/2021,15.10000038,2.714694769
04/11/2021,15.43999958,2.736961517
05/11/2021,16.47999954,2.802147497
08/11/2021,17.21999931,2.846071459
09/11/2021,17.78000069,2.878074269
10/11/2021,18.72999954,2.930126492
11/11/2021,17.65999985,2.871302187
12/11/2021,16.29000092,2.790551479
15/11/2021,16.48999977,2.802754123
16/11/2021,16.37000084,2.795450443
17/11/2021,17.11000061,2.839663124
18/11/2021,17.59000015,2.867330567
19/11/2021,17.90999985,2.885359208
22/11/2021,19.17000008,2.953346561
23/11/2021,19.37999916,2.964241563
24/11/2021,18.57999992,2.922085729
26/11/2021,28.62000084,3.354105803
29/11/2021,22.95999908,3.133753532
30/11/2021,27.19000053,3.302849278
01/12/2021,31.12000084,3.437850726
02/12/2021,27.95000076,3.330417227
03/12/2021,30.67000008,3.423284981
06/12/2021,27.18000031,3.30248142
07/12/2021,21.88999939,3.086029884
08/12/2021,19.89999962,2.990719713
09/12/2021,21.57999992,3.071766956
10/12/2021,18.69000053,2.92798865
13/12/2021,20.30999947,3.011113349
14/12/2021,21.88999939,3.086029884
15/12/2021,19.29000092,2.959586874
16/12/2021,20.56999969,3.023833689
17/12/2021,21.56999969,3.071303446
20/12/2021,22.87000084,3.129826045
21/12/2021,21.01000023,3.044998526
22/12/2021,18.62999916,2.92477314
23/12/2021,17.95999908,2.888147012
27/12/2021,17.68000031,2.872434074
28/12/2021,17.54000092,2.864484039
29/12/2021,16.95000076,2.830267879
30/12/2021,17.32999992,2.852439099
31/12/2021,17.21999931,2.846071459
03/01/2022,16.60000038,2.809402718
04/01/2022,16.90999985,2.827905154
05/01/2022,19.72999954,2.982140297
06/01/2022,19.61000061,2.976039671
07/01/2022,18.76000023,2.931726956
10/01/2022,19.39999962,2.965273046
11/01/2022,18.40999985,2.912893987
12/01/2022,17.62000084,2.869034668
13/01/2022,20.30999947,3.011113349
14/01/2022,19.19000053,2.954389338
18/01/2022,22.79000092,3.126321883
19/01/2022,23.85000038,3.171784233
20/01/2022,25.59000015,3.242201656
21/01/2022,28.85000038,3.362110006
24/01/2022,29.89999962,3.397858468
25/01/2022,31.15999985,3.439135216
26/01/2022,31.95999908,3.464485092
27/01/2022,30.48999977,3.417398753
28/01/2022,27.65999985,3.319987321
31/01/2022,24.82999992,3.212052596
01/02/2022,21.95999908,3.089222575
02/02/2022,22.09000015,3.095125024
03/02/2022,24.35000038,3.192531865
04/02/2022,23.21999931,3.145013947
07/02/2022,22.86000061,3.129388685
08/02/2022,21.44000053,3.065258361
09/02/2022,19.95999908,2.993730225
10/02/2022,23.90999985,3.174296775
11/02/2022,27.36000061,3.309082115
14/02/2022,28.32999992,3.343921311
15/02/2022,25.70000076,3.246491022
16/02/2022,24.29000092,3.190064781
17/02/2022,28.11000061,3.336125407
18/02/2022,27.75,3.32323584
22/02/2022,28.80999947,3.360722531
23/02/2022,31.02000046,3.434632173
24/02/2022,30.31999969,3.411807551
25/02/2022,27.59000015,3.317453394
28/02/2022,30.14999962,3.406184911
01/03/2022,33.31999969,3.506157808
02/03/2022,30.73999977,3.425564731
03/03/2022,30.47999954,3.417070716
04/03/2022,31.97999954,3.465110693
07/03/2022,36.45000076,3.595941479
08/03/2022,35.13000107,3.559055497
09/03/2022,32.45000076,3.479700467
10/03/2022,30.22999954,3.408834794
11/03/2022,30.75,3.425889994
14/03/2022,31.77000046,3.458522463
15/03/2022,29.82999992,3.395514596
16/03/2022,26.67000008,3.283539341
17/03/2022,25.67000008,3.245322998
18/03/2022,23.87000084,3.172622476
21/03/2022,23.53000069,3.158276232
22/03/2022,22.94000053,3.132882135
23/03/2022,23.56999969,3.159974704
24/03/2022,21.67000008,3.075928819
25/03/2022,20.80999947,3.035433615
28/03/2022,19.62999916,2.977058966
29/03/2022,18.89999962,2.939161902
30/03/2022,19.32999992,2.961658289
31/03/2022,20.55999947,3.023347415
01/04/2022,19.62999916,2.977058966
04/04/2022,18.56999969,2.921547359
05/04/2022,21.03000069,3.045950022
06/04/2022,22.10000038,3.095577626
07/04/2022,21.54999924,3.070375781
08/04/2022,21.15999985,3.0521126
11/04/2022,24.37000084,3.193352902
12/04/2022,24.26000023,3.188828913
13/04/2022,21.81999969,3.082826966
14/04/2022,22.70000076,3.122364958
18/04/2022,22.17000008,3.098740027
19/04/2022,21.37000084,3.061988109
20/04/2022,20.31999969,3.011605608
21/04/2022,22.68000031,3.121483492
22/04/2022,28.20999908,3.339676493
25/04/2022,27.02000046,3.296577349
26/04/2022,33.52000046,3.512142289
27/04/2022,31.60000038,3.453157133
28/04/2022,29.98999977,3.400863985
29/04/2022,33.40000153,3.508555946
02/05/2022,32.34000015,3.476304859
03/05/2022,29.25,3.375879574
04/05/2022,25.42000008,3.235536269
05/05/2022,31.20000076,3.440418119
06/05/2022,30.19000053,3.407510761
09/05/2022,34.75,3.548179572
10/05/2022,32.99000168,3.496204536
11/05/2022,32.56000137,3.483084583
12/05/2022,31.77000046,3.458522463
13/05/2022,28.87000084,3.362803023
16/05/2022,27.46999931,3.313094475
17/05/2022,26.10000038,3.261935329
18/05/2022,30.95999908,3.432696019
19/05/2022,29.35000038,3.379292559
20/05/2022,29.43000031,3.382014573
23/05/2022,28.47999954,3.34920207
24/05/2022,29.45000076,3.382693936
25/05/2022,28.37000084,3.345332278
26/05/2022,27.5,3.314186005
27/05/2022,25.71999931,3.247268873
31/05/2022,26.19000053,3.265377679
01/06/2022,25.69000053,3.246101832
02/06/2022,24.71999931,3.207612605
03/06/2022,24.79000092,3.210440383
06/06/2022,25.06999969,3.2216719
07/06/2022,24.02000046,3.178886836
08/06/2022,23.95999908,3.176385735
09/06/2022,26.09000015,3.261552105
10/06/2022,27.75,3.32323584
13/06/2022,34.02000046,3.5269486
14/06/2022,32.68999863,3.487069179
15/06/2022,29.62000084,3.388449837
16/06/2022,32.95000076,3.494991284
17/06/2022,31.12999916,3.438171957
21/06/2022,30.19000053,3.407510761
22/06/2022,28.95000076,3.36557023
23/06/2022,29.04999924,3.369018457
24/06/2022,27.22999954,3.30431929
27/06/2022,26.95000076,3.293983326
28/06/2022,28.36000061,3.344979723
29/06/2022,28.15999985,3.337902526
30/06/2022,28.70999908,3.357245462
01/07/2022,26.70000076,3.284663594
05/07/2022,27.54000092,3.315639527
06/07/2022,26.72999954,3.285786513
07/07/2022,26.07999992,3.261168734
08/07/2022,24.63999939,3.204371114
11/07/2022,26.17000008,3.264613719
12/07/2022,27.29000092,3.306520368
13/07/2022,26.81999969,3.289147866
14/07/2022,26.39999962,3.273363996
15/07/2022,24.22999954,3.187591516
18/07/2022,25.29999924,3.230804366
19/07/2022,24.5,3.198673118
20/07/2022,23.87999916,3.173041253
21/07/2022,23.11000061,3.140265451
22/07/2022,23.03000069,3.136797744
25/07/2022,23.36000061,3.151025184
26/07/2022,24.69000053,3.206398325
27/07/2022,23.23999977,3.145874922
28/07/2022,22.32999992,3.105931062
29/07/2022,21.32999992,3.060114529
01/08/2022,22.84000015,3.128513391
02/08/2022,23.93000031,3.175132915
03/08/2022,21.95000076,3.088767174
04/08/2022,21.44000053,3.065258361
05/08/2022,21.14999962,3.051639887
08/08/2022,21.29000092,3.058237522
09/08/2022,21.77000046,3.080532896
10/08/2022,19.73999977,2.982647022
11/08/2022,20.20000076,3.005682642
12/08/2022,19.53000069,2.97195178
15/08/2022,19.95000076,2.993229182
16/08/2022,19.69000053,2.98011092
17/08/2022,19.89999962,2.990719713
18/08/2022,19.55999947,2.973486637
19/08/2022,20.60000038,3.025291094
22/08/2022,23.79999924,3.169685549
23/08/2022,24.11000061,3.182626718
24/08/2022,22.81999969,3.127637331
25/08/2022,21.78000069,3.080992149
26/08/2022,25.55999947,3.241028609
29/08/2022,26.20999908,3.266140982
30/08/2022,26.20999908,3.266140982
31/08/2022,25.87000084,3.253084029
01/09/2022,25.55999947,3.241028609
02/09/2022,25.46999931,3.237501262
06/09/2022,26.90999985,3.292497959
07/09/2022,24.63999939,3.204371114
08/09/2022,23.61000061,3.161670377
09/09/2022,22.79000092,3.126321883
12/09/2022,23.87000084,3.172622476
13/09/2022,27.27000046,3.305787214
14/09/2022,26.15999985,3.264231521
15/09/2022,26.27000046,3.268427621
16/09/2022,26.29999924,3.26956891
19/09/2022,25.76000023,3.24882291
20/09/2022,27.15999985,3.301745297
21/09/2022,27.98999977,3.331847295
22/09/2022,27.35000038,3.308716543
23/09/2022,29.92000008,3.398527156
26/09/2022,32.25999832,3.473828021
27/09/2022,32.59999847,3.484312242
28/09/2022,30.18000031,3.407179463
29/09/2022,31.84000015,3.460723366
30/09/2022,31.62000084,3.453789858
03/10/2022,30.10000038,3.404525184
04/10/2022,29.06999969,3.369706704
05/10/2022,28.54999924,3.351656909
06/10/2022,30.52000046,3.418382221
07/10/2022,31.36000061,3.445533215
10/10/2022,32.45000076,3.479700467
11/10/2022,33.63000107,3.515418558
12/10/2022,33.56999969,3.513632802
13/10/2022,31.94000053,3.46385916
14/10/2022,32.02000046,3.466360722
17/10/2022,31.37000084,3.445852049
18/10/2022,30.5,3.417726684
19/10/2022,30.76000023,3.426215152
20/10/2022,29.97999954,3.400530477
21/10/2022,29.69000053,3.390810307
24/10/2022,29.85000038,3.396184853
25/10/2022,28.45999908,3.34849956
26/10/2022,27.28000069,3.306153858
27/10/2022,27.38999939,3.310177961
28/10/2022,25.75,3.248434627
31/10/2022,25.87999916,3.253470437
01/11/2022,25.80999947,3.250761993
02/11/2022,25.86000061,3.252697397
03/11/2022,25.29999924,3.230804366
04/11/2022,24.54999924,3.200711823
07/11/2022,24.35000038,3.192531865
08/11/2022,25.54000092,3.240245886
09/11/2022,26.09000015,3.261552105
10/11/2022,23.53000069,3.158276232
11/11/2022,22.52000046,3.114403824
14/11/2022,23.72999954,3.166740051
15/11/2022,24.54000092,3.200304477
16/11/2022,24.11000061,3.182626718
17/11/2022,23.93000031,3.175132915
18/11/2022,23.12000084,3.14069808
21/11/2022,22.36000061,3.107273676
22/11/2022,21.29000092,3.058237522
23/11/2022,20.35000038,3.013080931
25/11/2022,20.5,3.020424886
28/11/2022,22.20999908,3.100542597
29/11/2022,21.88999939,3.086029884
30/11/2022,20.57999992,3.024319727
01/12/2022,19.84000015,2.98770011
02/12/2022,19.05999947,2.94759187
05/12/2022,20.75,3.032546247
06/12/2022,22.17000008,3.098740027
07/12/2022,22.68000031,3.121483492
08/12/2022,22.29000092,3.104138188
09/12/2022,22.82999992,3.128075457
12/12/2022,25,3.218875825
13/12/2022,22.54999924,3.115735032
14/12/2022,21.13999939,3.051166952
15/12/2022,22.82999992,3.128075457
16/12/2022,22.62000084,3.118834508
19/12/2022,22.42000008,3.109953421
20/12/2022,21.47999954,3.067122248
21/12/2022,20.06999969,2.999226148
22/12/2022,21.96999931,3.089677855
23/12/2022,20.87000084,3.038312761
27/12/2022,21.64999962,3.075005437
28/12/2022,22.13999939,3.0973859
29/12/2022,21.44000053,3.065258361
30/12/2022,21.67000008,3.075928819
03/01/2023,22.89999962,3.131136894
04/01/2023,22.01000023,3.091496906
05/01/2023,22.45999908,3.111735909
06/01/2023,21.12999916,3.050693792
09/01/2023,21.96999931,3.089677855
10/01/2023,20.57999992,3.024319727
11/01/2023,21.09000015,3.048799002
12/01/2023,18.82999992,2.935451339
13/01/2023,18.35000038,2.909629595
17/01/2023,19.36000061,2.963209113
18/01/2023,20.34000015,3.012589398
19/01/2023,20.52000046,3.021400043
20/01/2023,19.85000038,2.988204026
23/01/2023,19.80999947,2.986186834
24/01/2023,19.20000076,2.954910319
25/01/2023,19.07999992,2.948640662
26/01/2023,18.72999954,2.930126492
27/01/2023,18.51000023,2.918311139
30/01/2023,19.94000053,2.992727791
31/01/2023,19.39999962,2.965273046
01/02/2023,17.87000084,2.883123376
02/02/2023,18.72999954,2.930126492
03/02/2023,18.32999992,2.908539058
06/02/2023,19.43000031,2.966818279
07/02/2023,18.65999985,2.926382187
08/02/2023,19.62999916,2.977058966
09/02/2023,20.70999908,3.030616631
10/02/2023,20.53000069,3.021887264
13/02/2023,20.34000015,3.012589398
14/02/2023,18.90999985,2.939690875
15/02/2023,18.22999954,2.903068564
16/02/2023,20.17000008,3.004196356
17/02/2023,20.02000046,2.996731797
21/02/2023,22.87000084,3.129826045
22/02/2023,22.29000092,3.104138188
23/02/2023,21.13999939,3.051166952
24/02/2023,21.67000008,3.075928819
27/02/2023,20.95000076,3.042138683
28/02/2023,20.70000076,3.030133737
01/03/2023,20.57999992,3.024319727
02/03/2023,19.59000015,2.97501924
03/03/2023,18.48999977,2.917230033
06/03/2023,18.61000061,2.923699103
07/03/2023,19.59000015,2.97501924
08/03/2023,19.11000061,2.95021179
09/03/2023,22.61000061,3.118392313
10/03/2023,24.79999924,3.210843622
13/03/2023,26.52000046,3.277899183
14/03/2023,23.72999954,3.166740051
15/03/2023,26.13999939,3.263466685
16/03/2023,22.98999977,3.135059329
17/03/2023,25.51000023,3.239070541
20/03/2023,24.14999962,3.184284364
21/03/2023,21.37999916,3.062455866
22/03/2023,22.26000023,3.102791356
23/03/2023,22.61000061,3.118392313
24/03/2023,21.73999977,3.079153871
27/03/2023,20.60000038,3.025291094
28/03/2023,19.96999931,2.994231113
29/03/2023,19.12000084,2.950734952
30/03/2023,19.02000046,2.945491081
31/03/2023,18.70000076,2.928523565
03/04/2023,18.54999924,2.920469748
04/04/2023,19,2.944438979
05/04/2023,19.07999992,2.948640662
06/04/2023,18.39999962,2.912350644
10/04/2023,18.96999931,2.942858748
11/04/2023,19.10000038,2.949688355
12/04/2023,19.09000015,2.949164646
13/04/2023,17.79999924,2.879198414
14/04/2023,17.06999969,2.837322519
17/04/2023,16.95000076,2.830267879
18/04/2023,16.82999992,2.823163004
19/04/2023,16.45999908,2.80093314
20/04/2023,17.17000008,2.843163679
21/04/2023,16.77000046,2.819591603
24/04/2023,16.88999939,2.826721695
25/04/2023,18.76000023,2.931726956
26/04/2023,18.84000015,2.935982277
27/04/2023,17.03000069,2.834976535
28/04/2023,15.77999973,2.758743298
01/05/2023,16.07999992,2.777576259
02/05/2023,17.78000069,2.878074269
03/05/2023,18.34000015,2.909084475
04/05/2023,20.09000015,3.000222186
05/05/2023,17.19000053,2.84432785
08/05/2023,16.97999954,2.832036154
09/05/2023,17.70999908,2.8741294
10/05/2023,16.94000053,2.829677721
11/05/2023,16.93000031,2.829087214
12/05/2023,17.03000069,2.834976535
15/05/2023,17.12000084,2.84024742
16/05/2023,17.98999977,2.889816035
17/05/2023,16.87000084,2.825536946
18/05/2023,16.04999924,2.775708802
19/05/2023,16.80999947,2.821973916
22/05/2023,17.20999908,2.845490557
23/05/2023,18.53000069,2.919391077
24/05/2023,20.03000069,2.997231184
25/05/2023,19.13999939,2.951780354
26/05/2023,17.95000076,2.887590157
30/05/2023,17.45999908,2.859912498
31/05/2023,17.94000053,2.887032886
01/06/2023,15.64999962,2.750470893
02/06/2023,14.60000038,2.681021555
05/06/2023,14.72999954,2.689886199
06/06/2023,13.96000004,2.6361961
07/06/2023,13.93999958,2.634762375
08/06/2023,13.64999962,2.613739494
09/06/2023,13.82999992,2.62684014
12/06/2023,15.01000023,2.708716661
13/06/2023,14.60999966,2.681706202
14/06/2023,13.88000011,2.630448963
15/06/2023,14.5,2.674148649
16/06/2023,13.53999996,2.605648265
20/06/2023,13.88000011,2.630448963
21/06/2023,13.19999981,2.580216815
22/06/2023,12.90999985,2.558002193
23/06/2023,13.43999958,2.598235304
26/06/2023,14.25,2.656756907
27/06/2023,13.73999977,2.62031127
28/06/2023,13.43000031,2.597491033
29/06/2023,13.53999996,2.605648265
30/06/2023,13.59000015,2.609334239
03/07/2023,13.56999969,2.607861451
05/07/2023,14.18000031,2.651832543
06/07/2023,15.43999958,2.736961517
07/07/2023,14.82999992,2.696652151
10/07/2023,15.06999969,2.712705992
11/07/2023,14.84000015,2.697326248
12/07/2023,13.53999996,2.605648265
13/07/2023,13.60999966,2.610804791
14/07/2023,13.34000015,2.590767052
17/07/2023,13.47999954,2.601207072
18/07/2023,13.30000019,2.58776405
19/07/2023,13.76000023,2.621765849
20/07/2023,13.98999977,2.638342772
21/07/2023,13.60000038,2.610069821
24/07/2023,13.90999985,2.632607995
25/07/2023,13.85999966,2.629006969
26/07/2023,13.18999958,2.579458935
27/07/2023,14.40999985,2.667922399
28/07/2023,13.32999992,2.590017128
31/07/2023,13.63000011,2.612273254
01/08/2023,13.93000031,2.63404481
02/08/2023,16.09000015,2.77819797
03/08/2023,15.92000008,2.767576185
04/08/2023,17.10000038,2.839078486
07/08/2023,15.77000046,2.75810943
08/08/2023,15.98999977,2.771963513
09/08/2023,15.96000004,2.770085594
10/08/2023,15.85000038,2.763169524
11/08/2023,14.84000015,2.697326248
14/08/2023,14.81999969,2.695977599
15/08/2023,16.45999908,2.80093314
16/08/2023,16.78000069,2.820187742
17/08/2023,17.88999939,2.884241863
18/08/2023,17.29999924,2.850706457
21/08/2023,17.12999916,2.840831263
22/08/2023,16.96999931,2.831447039
23/08/2023,15.97999954,2.771337912
24/08/2023,17.20000076,2.844909428
25/08/2023,15.68000031,2.752386034
28/08/2023,15.07999992,2.713369358
29/08/2023,14.44999981,2.670694401
30/08/2023,13.88000011,2.630448963
31/08/2023,13.56999969,2.607861451
01/09/2023,13.09000015,2.571848592
05/09/2023,14.01000023,2.639771377
06/09/2023,14.44999981,2.670694401
07/09/2023,14.39999962,2.66722818
08/09/2023,13.84000015,2.627562961
11/09/2023,13.80000019,2.624668606
12/09/2023,14.22999954,2.65535238
13/09/2023,13.47999954,2.601207072
14/09/2023,12.81999969,2.551006428
15/09/2023,13.78999996,2.623943689
18/09/2023,14,2.63905733
19/09/2023,14.10999966,2.646883742
20/09/2023,15.14000034,2.717340271
21/09/2023,17.54000092,2.864484039
22/09/2023,17.20000076,2.844909428
25/09/2023,16.89999962,2.827313599
26/09/2023,18.94000053,2.941276116
27/09/2023,18.21999931,2.902519854
28/09/2023,17.34000015,2.85301598
29/09/2023,17.52000046,2.863343112
02/10/2023,17.61000061,2.868466957
03/10/2023,19.78000069,2.984671361
04/10/2023,18.57999992,2.922085729
05/10/2023,18.48999977,2.917230033
06/10/2023,17.45000076,2.859339692
09/10/2023,17.70000076,2.873564683
10/10/2023,17.03000069,2.834976535
11/10/2023,16.09000015,2.77819797
12/10/2023,16.69000053,2.81480977
13/10/2023,19.31999969,2.961140813
16/10/2023,17.20999908,2.845490557
17/10/2023,17.87999916,2.883682723
18/10/2023,19.21999931,2.955951368
19/10/2023,21.39999962,3.063390904
20/10/2023,21.70999908,3.077772942
23/10/2023,20.37000084,3.014063271
24/10/2023,18.96999931,2.942858748
25/10/2023,20.19000053,3.005187459
26/10/2023,20.68000031,3.029167064
27/10/2023,21.27000046,3.057297651
30/10/2023,19.75,2.983153491
31/10/2023,18.13999939,2.898119411
01/11/2023,16.87000084,2.825536946
02/11/2023,15.65999985,2.751109681
03/11/2023,14.90999985,2.702032119
06/11/2023,14.89000034,2.70068987
07/11/2023,14.81000042,2.695302657
08/11/2023,14.44999981,2.670694401
09/11/2023,15.28999996,2.727199017
10/11/2023,14.17000008,2.651127059
13/11/2023,14.76000023,2.691920835
14/11/2023,14.15999985,2.650421077
15/11/2023,14.18000031,2.651832543
16/11/2023,14.31999969,2.66165714
17/11/2023,13.80000019,2.624668606
20/11/2023,13.40999985,2.596000686
21/11/2023,13.35000038,2.591516413
22/11/2023,12.85000038,2.553343841
24/11/2023,12.46000004,2.522523516
27/11/2023,12.68999958,2.540814249
28/11/2023,12.68999958,2.540814249
29/11/2023,12.97999954,2.563409676
30/11/2023,12.92000008,2.558776504
01/12/2023,12.63000011,2.536074945
04/12/2023,13.07999992,2.57108434
05/12/2023,12.85000038,2.553343841
06/12/2023,12.97000027,2.562639019
07/12/2023,13.06000042,2.569554156
08/12/2023,12.35000038,2.513656094
11/12/2023,12.63000011,2.536074945
12/12/2023,12.06999969,2.49072301
13/12/2023,12.18999958,2.500615909
14/12/2023,12.47999954,2.524127326
15/12/2023,12.27999973,2.507971901
18/12/2023,12.56000042,2.530517194
19/12/2023,12.52999973,2.528125748
20/12/2023,13.67000008,2.615203656
21/12/2023,13.64999962,2.613739494
22/12/2023,13.02999973,2.567254371
26/12/2023,12.98999977,2.564179813
27/12/2023,12.43000031,2.52011293
28/12/2023,12.47000027,2.523325781
29/12/2023,12.44999981,2.521720608
02/01/2024,13.19999981,2.580216815
03/01/2024,14.03999996,2.641910396
04/01/2024,14.13000011,2.648300205
05/01/2024,13.35000038,2.591516413
08/01/2024,13.07999992,2.57108434
09/01/2024,12.76000023,2.546315296
10/01/2024,12.68999958,2.540814249
11/01/2024,12.43999958,2.520917054
12/01/2024,12.69999981,2.541601978
16/01/2024,13.84000015,2.627562961
17/01/2024,14.78999996,2.693951274
18/01/2024,14.13000011,2.648300205
19/01/2024,13.30000019,2.58776405
22/01/2024,13.18999958,2.579458935
23/01/2024,12.55000019,2.529720681
24/01/2024,13.14000034,2.575661039
25/01/2024,13.44999981,2.598979092
26/01/2024,13.26000023,2.584752002
29/01/2024,13.60000038,2.610069821
30/01/2024,13.31000042,2.588515664
31/01/2024,14.35000038,2.663749969
01/02/2024,13.88000011,2.630448963
02/02/2024,13.85000038,2.62828526
05/02/2024,13.67000008,2.615203656
06/02/2024,13.06000042,2.569554156
07/02/2024,12.82999992,2.551786173
08/02/2024,12.78999996,2.548663613
09/02/2024,12.93000031,2.559550216
12/02/2024,13.93000031,2.63404481
13/02/2024,15.85000038,2.763169524
14/02/2024,14.38000011,2.66583836
15/02/2024,14.01000023,2.639771377
16/02/2024,14.23999977,2.65605489
20/02/2024,15.42000008,2.735665373
21/02/2024,15.34000015,2.730463806
22/02/2024,14.53999996,2.676903469
23/02/2024,13.75,2.621038824
26/02/2024,13.73999977,2.62031127
27/02/2024,13.43000031,2.597491033
28/02/2024,13.84000015,2.627562961
29/02/2024,13.39999962,2.595254678
01/03/2024,13.10999966,2.573375272
04/03/2024,13.48999977,2.601948653
05/03/2024,14.46000004,2.671386219
06/03/2024,14.5,2.674148649
07/03/2024,14.43999958,2.670002104
08/03/2024,14.73999977,2.690564871
11/03/2024,15.22000027,2.72261037
12/03/2024,13.84000015,2.627562961
13/03/2024,13.75,2.621038824
14/03/2024,14.39999962,2.66722818
15/03/2024,14.40999985,2.667922399
18/03/2024,14.32999992,2.662355237
19/03/2024,13.81999969,2.626116796
20/03/2024,13.03999996,2.568021554
21/03/2024,12.92000008,2.558776504
22/03/2024,13.06000042,2.569554156
25/03/2024,13.18999958,2.579458935
26/03/2024,13.23999977,2.583242533
27/03/2024,12.77999973,2.547881428
28/03/2024,13.01000023,2.56571831
01/04/2024,13.64999962,2.613739494
02/04/2024,14.60999966,2.681706202
03/04/2024,14.32999992,2.662355237
04/04/2024,16.35000038,2.794227921
05/04/2024,16.03000069,2.774462009
08/04/2024,15.18999958,2.720637289
09/04/2024,14.97999954,2.706715948
10/04/2024,15.80000019,2.760009952
11/04/2024,14.90999985,2.702032119
12/04/2024,17.30999947,2.851284338
15/04/2024,19.22999954,2.956471536
16/04/2024,18.39999962,2.912350644
17/04/2024,18.20999908,2.901970843
18/04/2024,18,2.890371758
19/04/2024,18.70999908,2.929058091
22/04/2024,16.94000053,2.829677721
23/04/2024,15.68999958,2.75302354
24/04/2024,15.97000027,2.770711979
25/04/2024,15.36999989,2.73241755
26/04/2024,15.02999973,2.710048186
29/04/2024,14.67000008,2.685804597
30/04/2024,15.64999962,2.750470893
01/05/2024,15.39000034,2.73371797
02/05/2024,14.68000031,2.686486044
03/05/2024,13.48999977,2.601948653
06/05/2024,13.48999977,2.601948653
07/05/2024,13.22999954,2.582486944
08/05/2024,13,2.564949357
09/05/2024,12.68999958,2.540814249
10/05/2024,12.55000019,2.529720681
13/05/2024,13.60000038,2.610069821
14/05/2024,13.42000008,2.596746137
15/05/2024,12.44999981,2.521720608
16/05/2024,12.42000008,2.519308083
17/05/2024,11.98999977,2.48407295
20/05/2024,12.14999962,2.497329138
21/05/2024,11.85999966,2.473171365
22/05/2024,12.28999996,2.50878592
23/05/2024,12.77000046,2.547098706
24/05/2024,11.93000031,2.479056262
28/05/2024,12.92000008,2.558776504
29/05/2024,14.27999973,2.658859938
30/05/2024,14.47000027,2.672077559
31/05/2024,12.92000008,2.558776504
03/06/2024,13.10999966,2.573375272
04/06/2024,13.15999985,2.577181914
05/06/2024,12.63000011,2.536074945
06/06/2024,12.57999992,2.532108245
07/06/2024,12.22000027,2.503073976
10/06/2024,12.73999977,2.544746632
11/06/2024,12.85000038,2.553343841
12/06/2024,12.03999996,2.488234437
13/06/2024,11.93999958,2.479894073
14/06/2024,12.65999985,2.538447405
17/06/2024,12.75,2.545531272
18/06/2024,12.30000019,2.509599278
20/06/2024,13.27999973,2.586259124
21/06/2024,13.19999981,2.580216815
24/06/2024,13.32999992,2.590017128
25/06/2024,12.84000015,2.55256531
26/06/2024,12.55000019,2.529720681
27/06/2024,12.23999977,2.504709258
28/06/2024,12.43999958,2.520917054
01/07/2024,12.22000027,2.503073976
02/07/2024,12.02999973,2.487403508
03/07/2024,12.09000015,2.492378677
05/07/2024,12.47999954,2.524127326
08/07/2024,12.36999989,2.515274177
09/07/2024,12.51000023,2.526528343
10/07/2024,12.85000038,2.553343841
11/07/2024,12.92000008,2.558776504
12/07/2024,12.46000004,2.522523516
15/07/2024,13.11999989,2.574137775
16/07/2024,13.18999958,2.579458935
17/07/2024,14.47999954,2.672768355
18/07/2024,15.93000031,2.768204143
19/07/2024,16.52000046,2.804571796
22/07/2024,14.90999985,2.702032119
23/07/2024,14.72000027,2.689207131
24/07/2024,18.04000092,2.892591565
25/07/2024,18.45999908,2.915606179
26/07/2024,16.38999939,2.796671356
29/07/2024,16.60000038,2.809402718
30/07/2024,17.69000053,2.872999538
31/07/2024,16.36000061,2.794839368
01/08/2024,18.59000015,2.92262381
02/08/2024,23.38999939,3.152308555
05/08/2024,38.56999969,3.652474764
06/08/2024,27.70999908,3.321793326
07/08/2024,27.85000038,3.32683298
08/08/2024,23.79000092,3.169265363
09/08/2024,20.37000084,3.014063271
12/08/2024,20.70999908,3.030616631
13/08/2024,18.12000084,2.897016347
14/08/2024,16.19000053,2.784393801
15/08/2024,15.22999954,2.723267137
16/08/2024,14.80000019,2.694627194
19/08/2024,14.64999962,2.684440309
20/08/2024,15.88000011,2.765060463
21/08/2024,16.27000046,2.789322949
22/08/2024,17.54999924,2.865053906
23/08/2024,15.85999966,2.763800195
26/08/2024,16.14999962,2.781920026
27/08/2024,15.43000031,2.736313686
28/08/2024,17.11000061,2.839663124
29/08/2024,15.64999962,2.750470893
30/08/2024,15,2.708050201
03/09/2024,20.71999931,3.031099384
04/09/2024,21.31999969,3.059645585
05/09/2024,19.89999962,2.990719713
06/09/2024,22.37999916,3.108167665
09/09/2024,19.45000076,2.967847109
10/09/2024,19.07999992,2.948640662
11/09/2024,17.69000053,2.872999538
12/09/2024,17.06999969,2.837322519
13/09/2024,16.55999947,2.806990117
16/09/2024,17.13999939,2.841414878
17/09/2024,17.61000061,2.868466957
18/09/2024,18.22999954,2.903068564
19/09/2024,16.32999992,2.793003902
20/09/2024,16.14999962,2.781920026
23/09/2024,15.89000034,2.765690002
24/09/2024,15.39000034,2.73371797
25/09/2024,15.40999985,2.735016639
26/09/2024,15.36999989,2.73241755
27/09/2024,16.95999908,2.830857576
30/09/2024,16.72999954,2.817203488
01/10/2024,19.26000023,2.958030418
02/10/2024,18.89999962,2.939161902
03/10/2024,20.48999977,3.019936951
04/10/2024,19.20999908,2.955430929
07/10/2024,22.63999939,3.119718226
08/10/2024,21.42000008,3.064325069
09/10/2024,20.86000061,3.037833479
10/10/2024,20.93000031,3.041183551
11/10/2024,20.45999908,3.018471716
14/10/2024,19.70000076,2.980618674
15/10/2024,20.63999939,3.027230911
16/10/2024,19.57999992,2.974508633
17/10/2024,19.11000061,2.95021179
18/10/2024,18.03000069,2.892037075
21/10/2024,18.37000084,2.910718945
22/10/2024,18.20000076,2.901421636
23/10/2024,19.23999977,2.956991433
24/10/2024,19.07999992,2.948640662
25/10/2024,20.32999992,3.012097624
28/10/2024,19.79999924,2.985681899
29/10/2024,19.34000015,2.962175498
30/10/2024,20.35000038,3.013080931
31/10/2024,23.15999985,3.142426646
01/11/2024,21.87999916,3.085572939
04/11/2024,21.97999954,3.090132928
05/11/2024,20.48999977,3.019936951
06/11/2024,16.27000046,2.789322949
07/11/2024,15.19999981,2.721295415
08/11/2024,14.93999958,2.704042152
11/11/2024,14.97000027,2.706048216
12/11/2024,14.71000004,2.688527537
13/11/2024,14.02000046,2.640484914
14/11/2024,14.31000042,2.660958623
15/11/2024,16.13999939,2.781300625
18/11/2024,15.57999992,2.745988036
19/11/2024,16.35000038,2.794227921
20/11/2024,17.15999985,2.842581085
21/11/2024,16.87000084,2.825536946
22/11/2024,15.23999977,2.723923535
25/11/2024,14.60000038,2.681021555
26/11/2024,14.10000038,2.646174824
27/11/2024,14.10000038,2.646174824
29/11/2024,13.51000023,2.603430169
02/12/2024,13.34000015,2.590767052
03/12/2024,13.30000019,2.58776405
04/12/2024,13.44999981,2.598979092
05/12/2024,13.53999996,2.605648265
06/12/2024,12.77000046,2.547098706
09/12/2024,14.18999958,2.652537462
10/12/2024,14.18000031,2.651832543
11/12/2024,13.57999992,2.608598117
12/12/2024,13.92000008,2.63332666
13/12/2024,13.81000042,2.625392998
16/12/2024,14.68999958,2.687166962
17/12/2024,15.86999989,2.764430527
18/12/2024,27.62000084,3.318540178
19/12/2024,24.09000015,3.181796823
20/12/2024,18.36000061,2.910174418
23/12/2024,16.78000069,2.820187742
24/12/2024,14.27000046,2.658159464
26/12/2024,14.72999954,2.689886199
27/12/2024,15.94999981,2.769458817
30/12/2024,17.39999962,2.856470184
31/12/2024,17.35000038,2.853592528
02/01/2025,17.93000031,2.886475305
03/01/2025,16.12999916,2.78068084
06/01/2025,16.04000092,2.77508566
07/01/2025,17.81999969,2.880321405
08/01/2025,17.70000076,2.873564683
10/01/2025,19.54000092,2.972463693
13/01/2025,19.19000053,2.954389338
14/01/2025,18.70999908,2.929058091
15/01/2025,16.12000084,2.780060789
16/01/2025,16.60000038,2.809402718
17/01/2025,15.97000027,2.770711979
21/01/2025,15.06000042,2.71204225
22/01/2025,15.10000038,2.714694769
23/01/2025,15.02000046,2.709382677
24/01/2025,14.85000038,2.697999891
27/01/2025,17.89999962,2.884800692
28/01/2025,16.40999985,2.797890896
29/01/2025,16.55999947,2.806990117
30/01/2025,15.84000015,2.762538396
31/01/2025,16.43000031,2.799108951
03/02/2025,18.62000084,2.924236317
04/02/2025,17.20999908,2.845490557
05/02/2025,15.77000046,2.75810943
06/02/2025,15.5,2.740840024
07/02/2025,16.54000092,2.805781745
10/02/2025,15.81000042,2.760642678
11/02/2025,16.02000046,2.77383797
12/02/2025,15.89000034,2.765690002
13/02/2025,15.10000038,2.714694769
14/02/2025,14.77000046,2.692598128
18/02/2025,15.35000038,2.731115499
19/02/2025,15.27000046,2.725890149
20/02/2025,15.65999985,2.751109681
21/02/2025,18.20999908,2.901970843
24/02/2025,18.97999954,2.943385769
25/02/2025,19.43000031,2.966818279
26/02/2025,19.10000038,2.949688355
27/02/2025,21.12999916,3.050693792
28/02/2025,19.62999916,2.977058966
03/03/2025,22.78000069,3.125882988
04/03/2025,23.51000023,3.157425872
05/03/2025,21.93000031,3.087855576
06/03/2025,24.87000084,3.213662292
07/03/2025,23.37000084,3.151453184
10/03/2025,27.86000061,3.32719199
11/03/2025,26.92000008,3.292869508
12/03/2025,24.22999954,3.187591516
13/03/2025,24.65999985,3.205182492
14/03/2025,21.77000046,3.080532896
17/03/2025,20.51000023,3.020912583
18/03/2025,21.70000076,3.077312296
19/03/2025,19.89999962,2.990719713
20/03/2025,19.79999924,2.985681899
21/03/2025,19.28000069,2.959068325
24/03/2025,17.47999954,2.861057344
25/03/2025,17.14999962,2.841998151
26/03/2025,18.32999992,2.908539058
27/03/2025,18.69000053,2.92798865
28/03/2025,21.64999962,3.075005437
31/03/2025,22.28000069,3.103689446
01/04/2025,21.77000046,3.080532896
02/04/2025,21.51000023,3.068517954
03/04/2025,30.02000046,3.401863841
04/04/2025,45.31000137,3.813527789
07/04/2025,46.97999954,3.849721969
08/04/2025,52.33000183,3.957569855
09/04/2025,33.61999893,3.515121096
10/04/2025,40.72000122,3.706719402
11/04/2025,37.56000137,3.625939691
14/04/2025,30.88999939,3.430432487
15/04/2025,30.12000084,3.405189431
16/04/2025,32.63999939,3.485538511
17/04/2025,29.64999962,3.389462113
21/04/2025,33.81999969,3.521052334
22/04/2025,30.56999969,3.420019126
23/04/2025,28.45000076,3.348148187
24/04/2025,26.46999931,3.27601199
25/04/2025,24.84000015,3.212455263
28/04/2025,25.14999962,3.224857881
29/04/2025,24.17000008,3.185112198
30/04/2025,24.70000076,3.206803275
01/05/2025,24.60000038,3.202746458
02/05/2025,22.68000031,3.121483492
05/05/2025,23.63999939,3.162940167
06/05/2025,24.76000023,3.209229457
07/05/2025,23.54999924,3.159125788
08/05/2025,22.47999954,3.112626005
09/05/2025,21.89999962,3.086486619
12/05/2025,18.38999939,2.911807005
13/05/2025,18.21999931,2.902519854
14/05/2025,18.62000084,2.924236317
15/05/2025,17.82999992,2.880882428
16/05/2025,17.23999977,2.847232252
19/05/2025,18.13999939,2.898119411
20/05/2025,18.09000015,2.895359308
21/05/2025,20.87000084,3.038312761
22/05/2025,20.28000069,3.009635213
23/05/2025,22.29000092,3.104138188
27/05/2025,18.95999908,2.942331449
28/05/2025,19.30999947,2.960623069
29/05/2025,19.18000031,2.953868085
30/05/2025,18.56999969,2.921547359
02/06/2025,18.36000061,2.910174418
03/06/2025,17.69000053,2.872999538
04/06/2025,17.61000061,2.868466957
05/06/2025,18.47999954,2.916689041
06/06/2025,16.77000046,2.819591603
09/06/2025,17.15999985,2.842581085
10/06/2025,16.95000076,2.830267879
11/06/2025,17.26000023,2.848391699
12/06/2025,18.02000046,2.891482278
13/06/2025,20.81999969,3.035914049
16/06/2025,19.11000061,2.95021179
17/06/2025,21.60000038,3.072693332
18/06/2025,20.13999939,3.002707857
20/06/2025,20.62000084,3.026261519
23/06/2025,19.82999992,2.987195939
24/06/2025,17.47999954,2.861057344
25/06/2025,16.76000023,2.818995109
26/06/2025,16.59000015,2.808800113
27/06/2025,16.31999969,2.792391331
30/06/2025,16.72999954,2.817203488
01/07/2025,16.82999992,2.823163004
02/07/2025,16.63999939,2.811809399
03/07/2025,16.37999916,2.796061027
07/07/2025,17.79000092,2.878636553
08/07/2025,16.80999947,2.821973916
09/07/2025,15.93999958,2.768831647
10/07/2025,15.77999973,2.758743298
11/07/2025,16.39999962,2.797281312
14/07/2025,17.20000076,2.844909428
15/07/2025,17.37999916,2.855320072
16/07/2025,17.15999985,2.842581085
17/07/2025,16.52000046,2.804571796
18/07/2025,16.40999985,2.797890896
21/07/2025,16.64999962,2.812410194
22/07/2025,16.5,2.803360381
23/07/2025,15.36999989,2.73241755
24/07/2025,15.39000034,2.73371797
25/07/2025,14.93000031,2.703372632
28/07/2025,15.02999973,2.710048186
29/07/2025,15.97999954,2.771337912
30/07/2025,15.47999954,2.739548839
31/07/2025,16.71999931,2.816605567
01/08/2025,20.37999916,3.014553987
04/08/2025,17.52000046,2.863343112
05/08/2025,17.85000038,2.88200353
06/08/2025,16.77000046,2.819591603
07/08/2025,16.56999969,2.807593813
08/08/2025,15.14999962,2.718000507
11/08/2025,16.25,2.788092909
12/08/2025,14.72999954,2.689886199
13/08/2025,14.48999977,2.673458741
14/08/2025,14.82999992,2.696652151
15/08/2025,15.09000015,2.714032283
18/08/2025,14.98999977,2.707383297
19/08/2025,15.56999969,2.745345966
20/08/2025,15.68999958,2.75302354
21/08/2025,16.60000038,2.809402718
22/08/2025,14.22000027,2.654649443
25/08/2025,14.78999996,2.693951274
26/08/2025,14.61999989,2.682390446
27/08/2025,14.85000038,2.697999891
28/08/2025,14.43000031,2.669309394
29/08/2025,15.35999966,2.731766705
02/09/2025,17.17000008,2.843163679
03/09/2025,16.35000038,2.794227921
04/09/2025,15.30000019,2.727852841
05/09/2025,15.18000031,2.719978792
08/09/2025,15.10999966,2.715356754
09/09/2025,15.03999996,2.710713316
10/09/2025,15.35000038,2.731115499
11/09/2025,14.71000004,2.688527537
12/09/2025,14.76000023,2.691920835
15/09/2025,15.68999958,2.75302354
16/09/2025,16.36000061,2.794839368
17/09/2025,15.72000027,2.754933804
18/09/2025,15.69999981,2.7536607
19/09/2025,15.44999981,2.737608991
22/09/2025,16.10000038,2.778819296
23/09/2025,16.63999939,2.811809399
24/09/2025,16.18000031,2.78377593
25/09/2025,16.73999977,2.817801051
26/09/2025,15.28999996,2.727199017
29/09/2025,16.12000084,2.780060789
30/09/2025,16.28000069,2.789937403
01/10/2025,16.29000092,2.790551479
02/10/2025,16.62999916,2.811208243
03/10/2025,16.64999962,2.812410194
06/10/2025,16.37000084,2.795450443
07/10/2025,17.23999977,2.847232252
08/10/2025,16.29999924,2.791165061
09/10/2025,16.43000031,2.799108951
10/10/2025,21.65999985,3.075467235
13/10/2025,19.03000069,2.946016717
14/10/2025,20.80999947,3.035433615
15/10/2025,20.63999939,3.027230911
16/10/2025,25.30999947,3.231199553
17/10/2025,20.78000069,3.033991019
20/10/2025,18.22999954,2.903068564
21/10/2025,17.87000084,2.883123376
22/10/2025,18.60000038,2.923161601
23/10/2025,17.29999924,2.850706457
24/10/2025,16.37000084,2.795450443
27/10/2025,15.78999996,2.759376826
28/10/2025,16.42000008,2.798500109
29/10/2025,16.92000008,2.828496359
30/10/2025,16.90999985,2.827905154
31/10/2025,17.44000053,2.858766449
03/11/2025,17.17000008,2.843163679
04/11/2025,19,2.944438979
05/11/2025,18.01000023,2.890927172
06/11/2025,19.5,2.970414466
07/11/2025,19.07999992,2.948640662
10/11/2025,17.60000038,2.867898924
11/11/2025,17.28000069,2.849549803
12/11/2025,17.51000023,2.862772159
13/11/2025,20,2.995732274
14/11/2025,19.82999992,2.987195939
17/11/2025,22.37999916,3.108167665
18/11/2025,24.69000053,3.206398325
19/11/2025,23.65999985,3.163785852
20/11/2025,26.42000008,3.274121302
21/11/2025,23.43000031,3.154017266
24/11/2025,20.52000046,3.021400043
25/11/2025,18.55999947,2.921008699
26/11/2025,17.19000053,2.84432785
28/11/2025,16.35000038,2.794227921
01/12/2025,17.23999977,2.847232252
02/12/2025,16.59000015,2.808800113
03/12/2025,16.07999992,2.777576259
04/12/2025,15.77999973,2.758743298
05/12/2025,15.40999985,2.735016639
08/12/2025,16.65999985,2.813010628
09/12/2025,16.93000031,2.829087214
10/12/2025,15.77000046,2.75810943
11/12/2025,14.85000038,2.697999891
12/12/2025,15.73999977,2.756205228
15/12/2025,16.5,2.803360381
16/12/2025,16.47999954,2.802147497
17/12/2025,17.62000084,2.869034668
18/12/2025,16.87000084,2.825536946
19/12/2025,14.90999985,2.702032119
22/12/2025,14.07999992,2.644755345
23/12/2025,14,2.63905733
24/12/2025,13.47000027,2.60046501
26/12/2025,13.60000038,2.610069821
29/12/2025,14.19999981,2.653241951
30/12/2025,14.32999992,2.662355237
31/12/2025,14.94999981,2.704711287
02/01/2026,14.51000023,2.674838083
05/01/2026,14.89999962,2.701361187
06/01/2026,14.75,2.691243083
07/01/2026,15.38000011,2.733067972
08/01/2026,15.44999981,2.737608991
09/01/2026,14.48999977,2.673458741
12/01/2026,15.11999989,2.716018363
13/01/2026,15.97999954,2.771337912
14/01/2026,16.75,2.818398258
15/01/2026,15.84000015,2.762538396
16/01/2026,15.85999966,2.763800195
20/01/2026,20.09000015,3.000222186
21/01/2026,16.89999962,2.827313599
22/01/2026,15.64000034,2.749831757
23/01/2026,16.09000015,2.77819797
26/01/2026,16.14999962,2.781920026
27/01/2026,16.35000038,2.794227921
28/01/2026,16.35000038,2.794227921
29/01/2026,16.87999916,2.826129439
30/01/2026,17.44000053,2.858766449
02/02/2026,16.34000015,2.793616099
03/02/2026,18,2.890371758
04/02/2026,18.63999939,2.925309777
05/02/2026,21.77000046,3.080532896
06/02/2026,20.37000084,3.014063271
09/02/2026,17.36000061,2.854168744
10/02/2026,17.79000092,2.878636553
11/02/2026,17.64999962,2.870735762
12/02/2026,20.81999969,3.035914049
13/02/2026,20.60000038,3.025291094
17/02/2026,20.29000092,3.010128199
18/02/2026,19.62000084,2.976549497
19/02/2026,20.22999954,3.007166629
20/02/2026,19.09000015,2.949164646
23/02/2026,21.01000023,3.044998526
24/02/2026,19.54999924,2.972975247
25/02/2026,17.93000031,2.886475305
26/02/2026,18.62999916,2.92477314
27/02/2026,19.86000061,2.988707689
02/03/2026,21.44000053,3.065258361
03/03/2026,23.56999969,3.159974704
04/03/2026,21.14999962,3.051639887
05/03/2026,23.75,3.16758253
06/03/2026,29.48999977,3.384051215
09/03/2026,25.5,3.238678452
10/03/2026,24.93000031,3.21607191
11/03/2026,24.22999954,3.187591516
12/03/2026,27.29000092,3.306520368
13/03/2026,27.19000053,3.302849278
16/03/2026,23.51000023,3.157425872
17/03/2026,22.37000084,3.107720813
18/03/2026,25.09000015,3.222469366
19/03/2026,24.05999947,3.180550688
20/03/2026,26.78000069,3.287655366
23/03/2026,26.14999962,3.263849176
24/03/2026,26.95000076,3.293983326
25/03/2026,25.32999992,3.231989461
26/03/2026,27.44000053,3.312001822
27/03/2026,31.04999924,3.435598784
30/03/2026,30.61000061,3.421326773
31/03/2026,25.25,3.228826156
01/04/2026,24.54000092,3.200304477
02/04/2026,23.87000084,3.172622476
06/04/2026,24.17000008,3.185112198
07/04/2026,25.78000069,3.249599024
08/04/2026,21.04000092,3.046425431
09/04/2026,19.48999977,2.969901502
10/04/2026,19.22999954,2.956471536
13/04/2026,19.12000084,2.950734952
14/04/2026,18.36000061,2.910174418
15/04/2026,18.17000008,2.899771887
16/04/2026,17.94000053,2.887032886
17/04/2026,17.47999954,2.861057344
20/04/2026,18.87000084,2.937573404
21/04/2026,19.5,2.970414466
22/04/2026,18.92000008,2.940219568
23/04/2026,19.30999947,2.960623069
24/04/2026,18.70999908,2.929058091
27/04/2026,18.02000046,2.891482278
28/04/2026,17.82999992,2.880882428
29/04/2026,18.80999947,2.934388615
30/04/2026,16.88999939,2.826721695
01/05/2026,16.98999977,2.832624922
04/05/2026,18.29000092,2.906354512
05/05/2026,17.37999916,2.855320072
06/05/2026,17.38999939,2.855895293
07/05/2026,17.07999992,2.837908184
08/05/2026,17.19000053,2.84432785
11/05/2026,18.37999916,2.911263071
12/05/2026,17.98999977,2.889816035
13/05/2026,17.87000084,2.883123376
14/05/2026,17.26000023,2.848391699
15/05/2026,18.43000031,2.913979788
18/05/2026,17.81999969,2.880321405
19/05/2026,18.05999947,2.893699518
20/05/2026,17.44000053,2.858766449
21/05/2026,16.76000023,2.818995109
22/05/2026,16.70000076,2.815408765
25/05/2026,16.59000015,2.808800113
26/05/2026,17.01000023,2.83380142
27/05/2026,16.29000092,2.790551479
28/05/2026,15.73999977,2.756205228
29/05/2026,15.31999969,2.729159144
01/06/2026,16.04999924,2.775708802
02/06/2026,15.77000046,2.75810943
03/06/2026,16.05999947,2.776331675
04/06/2026,15.39999962,2.734367485
05/06/2026,21.51000023,3.068517954
08/06/2026,18.92000008,2.940219568
09/06/2026,19.87000084,2.989211099
10/06/2026,22.21999931,3.100992753
11/06/2026,19.44000053,2.967332827
12/06/2026,17.68000031,2.872434074
15/06/2026,16.20000076,2.785011289
16/06/2026,16.40999985,2.797890896
17/06/2026,18.44000053,2.914522247
18/06/2026,16.39999962,2.797281312
22/06/2026,17.28000069,2.849549803
23/06/2026,19.48999977,2.969901502
24/06/2026,18.62999916,2.92477314
25/06/2026,18.88999939,2.938632649
26/06/2026,18.40999985,2.912893987
29/06/2026,17.64999962,2.870735762
30/06/2026,16.45000076,2.800325524
